{
    "std": 72463266.477533191, 
    "raw_results": {
        "0": 422151570.11500001, 
        "1": 279689763.26200002, 
        "2": 239315291.64700001, 
        "3": 179816198.632, 
        "4": 201928326.61700001, 
        "5": 209854956.94600001, 
        "6": 196022723.458, 
        "7": 185181797.19999999, 
        "8": 154200401.37, 
        "9": 77745853.349000007, 
        "10": 143211250.34, 
        "11": 167408359.92199999, 
        "12": 112123548.281, 
        "13": 164857132.56600001, 
        "14": 166651909.377, 
        "15": 376227782.65200001, 
        "16": 218596969.13299999, 
        "17": 256100054.801, 
        "18": 216239818.359, 
        "19": 204926069.646, 
        "20": 211930014.43700001, 
        "21": 149168250.11399999, 
        "22": 193033471.71200001, 
        "23": 316846219.722, 
        "24": 234380533.14300001, 
        "25": 329423349.22399998, 
        "26": 208026163.17699999, 
        "27": 210225024.46399999, 
        "28": 281668665.74199998, 
        "29": 277285893.088, 
        "30": 236515031.50099999, 
        "31": 145236573.73800001, 
        "32": 256154915.45100001, 
        "33": 138757302.021, 
        "34": 135154390.66999999, 
        "35": 196029609.227, 
        "36": 165976775.67199999, 
        "37": 312122169.86799997, 
        "38": 172581931.12, 
        "39": 163741610.63999999, 
        "40": 141380604.64700001, 
        "41": 224061635.255, 
        "42": 195028583.162, 
        "43": 147725955.94999999, 
        "44": 112829841.06, 
        "45": 236921057.24599999, 
        "46": 199492453.32800001, 
        "47": 155260211.697, 
        "48": 129741747.277, 
        "49": 93997818.566, 
        "50": 124238801.777, 
        "51": 248098278.62, 
        "52": 255178840.896, 
        "53": 375407269.05299997, 
        "54": 156447983.54899999, 
        "55": 252603005.141, 
        "56": 162269299.75299999, 
        "57": 316777030.79699999, 
        "58": 335912251.72899997, 
        "59": 276273989.51700002, 
        "60": 207947259.00099999, 
        "61": 135888837.38699999, 
        "62": 183842942.345, 
        "63": 289092549.68000001, 
        "64": 118122940.961, 
        "65": 177976553.66499999, 
        "66": 131677395.07799999, 
        "67": 150526605.095, 
        "68": 127379544.76100001, 
        "69": 113361043.48199999, 
        "70": 102296723.919, 
        "71": 161624093.667, 
        "72": 182229691.65700001, 
        "73": 174118542.433, 
        "74": 211751424.72600001, 
        "75": 233988335.53799999, 
        "76": 107746101.54899999, 
        "77": 330506470.685, 
        "78": 198776847.31600001, 
        "79": 129123095.79899999, 
        "80": 292707026.48400003, 
        "81": 171865490.546, 
        "82": 155804053.66999999, 
        "83": 85166825.001000002, 
        "84": 104501062.432, 
        "85": 223193949.44800001, 
        "86": 290355506.5, 
        "87": 185540115.66100001, 
        "88": 237576400.79699999, 
        "89": 254596729.43000001, 
        "90": 228514271.67399999, 
        "91": 101263482.94599999, 
        "92": 111261686.839, 
        "93": 103158844.73199999, 
        "94": 217569419.62799999, 
        "95": 369837287.884, 
        "96": 198500497.98500001, 
        "97": 119870502.60699999, 
        "98": 108527591.37, 
        "99": 170639077.82300001
    }, 
    "averaged_NPV": 198445811.53624997
}