{
    "std": 72280215.586314335, 
    "raw_results": {
        "0": 422941233.65899998, 
        "1": 280337381.52899998, 
        "2": 239013817.958, 
        "3": 177957155.70500001, 
        "4": 200459045.398, 
        "5": 211895234.155, 
        "6": 195565625.35699999, 
        "7": 183943944.76699999, 
        "8": 153236038.16, 
        "9": 79447989.160999998, 
        "10": 143450838.771, 
        "11": 168383759.53799999, 
        "12": 113201243.567, 
        "13": 164945923.56799999, 
        "14": 167930303.127, 
        "15": 377501152.153, 
        "16": 219421208.30899999, 
        "17": 257138105.68599999, 
        "18": 215585100.31099999, 
        "19": 205992900.49000001, 
        "20": 208729022.646, 
        "21": 149916824.69999999, 
        "22": 193870417.29800001, 
        "23": 317527948.96600002, 
        "24": 235499401.40099999, 
        "25": 330260337.93800002, 
        "26": 209428873.535, 
        "27": 212546832.85699999, 
        "28": 282411497.35399997, 
        "29": 278090010.36900002, 
        "30": 237444467.14899999, 
        "31": 145970190.79100001, 
        "32": 256907298.11399999, 
        "33": 138726936.74399999, 
        "34": 137203642.75400001, 
        "35": 193750779.50799999, 
        "36": 164244681.03600001, 
        "37": 312869880.02200001, 
        "38": 173514810.368, 
        "39": 165133914.31, 
        "40": 144230976.28400001, 
        "41": 224763137.34599999, 
        "42": 194141509.19600001, 
        "43": 148842396.47499999, 
        "44": 112818613.604, 
        "45": 237459166.13299999, 
        "46": 198376581.317, 
        "47": 156428255.99900001, 
        "48": 132954956.017, 
        "49": 95929692.917999998, 
        "50": 125077518.67, 
        "51": 249011203.243, 
        "52": 256045181.47, 
        "53": 376149771.014, 
        "54": 158580165.14899999, 
        "55": 253447750.94, 
        "56": 163128978.35600001, 
        "57": 316950575.90499997, 
        "58": 337184345.815, 
        "59": 277003925.78100002, 
        "60": 207076468.11899999, 
        "61": 136042451.824, 
        "62": 183956067.81600001, 
        "63": 289892288.27100003, 
        "64": 119978835.219, 
        "65": 181052933.02399999, 
        "66": 132989232.71799999, 
        "67": 150115558.581, 
        "68": 126962062.66, 
        "69": 114957057.736, 
        "70": 103111489.09999999, 
        "71": 163239472.47600001, 
        "72": 180834143.97999999, 
        "73": 174407474.78600001, 
        "74": 212442123.866, 
        "75": 236262894.18099999, 
        "76": 108264424.65099999, 
        "77": 330839252.59799999, 
        "78": 199633521.94100001, 
        "79": 130185366.67399999, 
        "80": 293452001.741, 
        "81": 174279085.333, 
        "82": 155536449.93599999, 
        "83": 85646912.738000005, 
        "84": 105953732.258, 
        "85": 221481042.986, 
        "86": 284290376.78799999, 
        "87": 183794701.92399999, 
        "88": 238161043.72600001, 
        "89": 255039897.90099999, 
        "90": 229212747.396, 
        "91": 102289200.572, 
        "92": 112503524.109, 
        "93": 104723046.93099999, 
        "94": 218755281.78099999, 
        "95": 370778188.85299999, 
        "96": 198687043.74399999, 
        "97": 122514827.71600001, 
        "98": 109334201.152, 
        "99": 173029382.083
    }, 
    "averaged_NPV": 199026262.80749997
}