{
    "std": 72923096.264596313, 
    "raw_results": {
        "0": 433092097.153, 
        "1": 282578891.26200002, 
        "2": 242816374.51699999, 
        "3": 182306831.98899999, 
        "4": 202086378.94999999, 
        "5": 212278802.771, 
        "6": 195298262.24700001, 
        "7": 187845262.77599999, 
        "8": 157961134.861, 
        "9": 81666558.427000001, 
        "10": 147028699.558, 
        "11": 169749872.23199999, 
        "12": 114848721.23, 
        "13": 165743021.98300001, 
        "14": 168907928.12099999, 
        "15": 381217508.21700001, 
        "16": 221120180.55599999, 
        "17": 259150147.308, 
        "18": 220030872.722, 
        "19": 207453256.59, 
        "20": 215579093.155, 
        "21": 154176983.99200001, 
        "22": 195631623.558, 
        "23": 319927031.14499998, 
        "24": 237274648.14199999, 
        "25": 332452037.90100002, 
        "26": 210296711.66100001, 
        "27": 212487680.86199999, 
        "28": 284421004.92000002, 
        "29": 279843909.903, 
        "30": 239242835.40400001, 
        "31": 148732618.91100001, 
        "32": 258975767.139, 
        "33": 141633057.727, 
        "34": 139218326.303, 
        "35": 198300903.96900001, 
        "36": 168281076.47600001, 
        "37": 315206170.11000001, 
        "38": 173737573.236, 
        "39": 166666506.36199999, 
        "40": 146305874.248, 
        "41": 227191075.05599999, 
        "42": 197321012.56400001, 
        "43": 151864465.43000001, 
        "44": 116461207.831, 
        "45": 239790322.87, 
        "46": 198826049.287, 
        "47": 160066009.10699999, 
        "48": 134489422.46200001, 
        "49": 97488862.128000006, 
        "50": 127888542.69, 
        "51": 250786510.498, 
        "52": 258491337.25400001, 
        "53": 383943609.23400003, 
        "54": 159219736.31299999, 
        "55": 254641861.632, 
        "56": 165143553.15799999, 
        "57": 319271807.31900001, 
        "58": 338205447.91900003, 
        "59": 279079621.87900001, 
        "60": 210664601.264, 
        "61": 138538851.71799999, 
        "62": 186415000.38299999, 
        "63": 291945656.13099998, 
        "64": 120131320.002, 
        "65": 181109592.00299999, 
        "66": 133979074.90700001, 
        "67": 151755498.516, 
        "68": 130212462.07600001, 
        "69": 114964120.361, 
        "70": 106708018.68700001, 
        "71": 164306092.139, 
        "72": 184500412.29300001, 
        "73": 176487018.06799999, 
        "74": 213967708.69100001, 
        "75": 236431758.79100001, 
        "76": 110005299.10699999, 
        "77": 334351847.75300002, 
        "78": 201296010.52200001, 
        "79": 131865777.038, 
        "80": 295026521.17400002, 
        "81": 174596340.778, 
        "82": 157557728.89199999, 
        "83": 88880323.619000003, 
        "84": 106899246.20299999, 
        "85": 226038968.465, 
        "86": 293931077.30500001, 
        "87": 189576710.736, 
        "88": 240415013.26899999, 
        "89": 256721130.12, 
        "90": 231463936.63600001, 
        "91": 103284405.48, 
        "92": 114989057.94400001, 
        "93": 106539241.55599999, 
        "94": 220057343.07800001, 
        "95": 375777877.829, 
        "96": 197667830.454, 
        "97": 121900582.405, 
        "98": 110193168.16, 
        "99": 173640044.914
    }, 
    "averaged_NPV": 201365353.62691998
}