{
    "std": 73492238.078261927, 
    "raw_results": {
        "0": 433092097.153, 
        "1": 282578891.26200002, 
        "2": 242816374.51699999, 
        "3": 178673975.553, 
        "4": 201815173.06799999, 
        "5": 209753706.94400001, 
        "6": 195831859.11199999, 
        "7": 185319754.68200001, 
        "8": 154692970.74000001, 
        "9": 80102017.841999993, 
        "10": 144758524.34099999, 
        "11": 169406418.11300001, 
        "12": 113961261.649, 
        "13": 165952947.24599999, 
        "14": 166971783.21200001, 
        "15": 381217508.21700001, 
        "16": 221311152.46900001, 
        "17": 259150147.308, 
        "18": 216374556.06600001, 
        "19": 207085779.33399999, 
        "20": 209583847.22799999, 
        "21": 151702964.384, 
        "22": 195431816.206, 
        "23": 319927031.14499998, 
        "24": 236806770.58500001, 
        "25": 332452037.90100002, 
        "26": 205642416.28999999, 
        "27": 213610845.12, 
        "28": 284421004.92000002, 
        "29": 279843909.903, 
        "30": 239190584.66999999, 
        "31": 147614158.53799999, 
        "32": 258975767.139, 
        "33": 139181035.877, 
        "34": 137302592.766, 
        "35": 199040641.56799999, 
        "36": 164776343.73500001, 
        "37": 315206170.11000001, 
        "38": 174462042.229, 
        "39": 166168107.007, 
        "40": 141071207.98800001, 
        "41": 227191075.05599999, 
        "42": 194838525.24900001, 
        "43": 149692660.04800001, 
        "44": 114310132.669, 
        "45": 239790322.87, 
        "46": 198116423.66299999, 
        "47": 157625417.51899999, 
        "48": 131280213.765, 
        "49": 95827466.892000005, 
        "50": 126001041.74600001, 
        "51": 250814698.04800001, 
        "52": 258491337.25400001, 
        "53": 383943609.23400003, 
        "54": 156485257.91499999, 
        "55": 254591347.70100001, 
        "56": 164669167.134, 
        "57": 319271807.31900001, 
        "58": 338180860.27100003, 
        "59": 279079621.87900001, 
        "60": 211074049.49599999, 
        "61": 136416310.33199999, 
        "62": 183309016.796, 
        "63": 291945656.13099998, 
        "64": 120224338.545, 
        "65": 181663771.94999999, 
        "66": 133650533.124, 
        "67": 151788148.11700001, 
        "68": 128428152.103, 
        "69": 115173792.08400001, 
        "70": 104251077.18799999, 
        "71": 160856433.243, 
        "72": 182230760.07100001, 
        "73": 173632274.22099999, 
        "74": 213902412.42699999, 
        "75": 237053219.171, 
        "76": 108572424.48, 
        "77": 334351847.75300002, 
        "78": 201287193.07699999, 
        "79": 130836700.0, 
        "80": 295026521.17400002, 
        "81": 174932208.89700001, 
        "82": 157608195.02200001, 
        "83": 86596618.538000003, 
        "84": 106299007.956, 
        "85": 226038968.465, 
        "86": 294180594.46799999, 
        "87": 185509499.995, 
        "88": 240415013.26899999, 
        "89": 256721130.12, 
        "90": 231432445.73500001, 
        "91": 102674279.675, 
        "92": 113230529.707, 
        "93": 106303100.846, 
        "94": 220056606.94800001, 
        "95": 375777877.829, 
        "96": 198379634.63499999, 
        "97": 120414998.164, 
        "98": 110302834.987, 
        "99": 173849899.727
    }, 
    "averaged_NPV": 200398772.56834999
}