{
    "std": 65971988.46268671, 
    "raw_results": {
        "0": 399344926.912, 
        "1": 268717672.50400001, 
        "2": 229684105.641, 
        "3": 173521772.41800001, 
        "4": 194897969.40000001, 
        "5": 200752118.86899999, 
        "6": 188893565.97499999, 
        "7": 178836438.90400001, 
        "8": 150663184.185, 
        "9": 83281566.152999997, 
        "10": 141725839.59099999, 
        "11": 163883305.81200001, 
        "12": 112985880.34999999, 
        "13": 160195692.241, 
        "14": 162926215.54499999, 
        "15": 356241757.38300002, 
        "16": 206991793.40000001, 
        "17": 240712303.65400001, 
        "18": 209663180.51300001, 
        "19": 196053573.34599999, 
        "20": 202471179.854, 
        "21": 147280110.93700001, 
        "22": 184254265.118, 
        "23": 301210167.39600003, 
        "24": 223874241.48199999, 
        "25": 310213049.85900003, 
        "26": 197747181.63600001, 
        "27": 199805759.62400001, 
        "28": 271317240.97399998, 
        "29": 263643628.88999999, 
        "30": 224363658.55899999, 
        "31": 144967362.833, 
        "32": 239515663.15799999, 
        "33": 138167325.042, 
        "34": 136709406.646, 
        "35": 189328903.25099999, 
        "36": 159435622.134, 
        "37": 298703563.65899998, 
        "38": 168569901.74399999, 
        "39": 160535029.64899999, 
        "40": 139349789.70100001, 
        "41": 214149560.528, 
        "42": 186796959.40400001, 
        "43": 146995269.39399999, 
        "44": 113517108.333, 
        "45": 224971560.836, 
        "46": 191904673.259, 
        "47": 152250805.81799999, 
        "48": 132596287.94499999, 
        "49": 98045563.623999998, 
        "50": 127002915.499, 
        "51": 234201476.29300001, 
        "52": 242413246.16100001, 
        "53": 356583202.16399997, 
        "54": 154730063.87799999, 
        "55": 241486489.551, 
        "56": 160363949.94600001, 
        "57": 298523549.06300002, 
        "58": 317395601.79000002, 
        "59": 256333795.36300001, 
        "60": 200233431.382, 
        "61": 135138811.45300001, 
        "62": 177003269.34099999, 
        "63": 277114898.15100002, 
        "64": 117772248.84900001, 
        "65": 175711886.088, 
        "66": 132014583.10699999, 
        "67": 150364068.82699999, 
        "68": 129476346.34900001, 
        "69": 115479058.46799999, 
        "70": 107661019.362, 
        "71": 160736439.67699999, 
        "72": 174786715.148, 
        "73": 167953018.412, 
        "74": 200143401.33199999, 
        "75": 221293135.38499999, 
        "76": 108507650.60600001, 
        "77": 313377150.84200001, 
        "78": 193803992.72600001, 
        "79": 129911107.524, 
        "80": 279096988.88300002, 
        "81": 168765188.748, 
        "82": 153949913.949, 
        "83": 90048568.907000005, 
        "84": 106659335.715, 
        "85": 215662052.83899999, 
        "86": 279053291.15499997, 
        "87": 183932853.11500001, 
        "88": 225643406.65200001, 
        "89": 237332710.07100001, 
        "90": 216892497.59099999, 
        "91": 103449160.25, 
        "92": 114638054.75399999, 
        "93": 108509341.87800001, 
        "94": 207368105.90099999, 
        "95": 352177132.57499999, 
        "96": 192131370.81999999, 
        "97": 120410037.53200001, 
        "98": 111026797.017, 
        "99": 169647726.815
    }, 
    "averaged_NPV": 191965747.61987001
}