{
    "std": 72762842.451016247, 
    "raw_results": {
        "0": 433859646.37599999, 
        "1": 283047356.82599998, 
        "2": 243772130.57699999, 
        "3": 183404218.86000001, 
        "4": 203302015.84200001, 
        "5": 213522227.405, 
        "6": 196489585.30199999, 
        "7": 188814906.36500001, 
        "8": 158821471.583, 
        "9": 82351160.289000005, 
        "10": 147728460.72799999, 
        "11": 171307158.546, 
        "12": 115823159.742, 
        "13": 166334990.80599999, 
        "14": 169720344.57800001, 
        "15": 381769348.64499998, 
        "16": 222079043.625, 
        "17": 259834025.38100001, 
        "18": 221116971.31600001, 
        "19": 208670451.26899999, 
        "20": 216585224.11199999, 
        "21": 154936109.99599999, 
        "22": 196314503.27700001, 
        "23": 321237052.87400001, 
        "24": 238376981.266, 
        "25": 333344746.85000002, 
        "26": 211524068.82800001, 
        "27": 213702433.15200001, 
        "28": 285483296.03299999, 
        "29": 280069596.13599998, 
        "30": 240390812.72099999, 
        "31": 149786868.42300001, 
        "32": 259308818.623, 
        "33": 142576242.68000001, 
        "34": 140302691.73899999, 
        "35": 200134880.53, 
        "36": 169240404.884, 
        "37": 316286626.95099998, 
        "38": 174508815.91499999, 
        "39": 167941553.942, 
        "40": 147213670.08899999, 
        "41": 227593099.09299999, 
        "42": 198562701.99200001, 
        "43": 152435633.82699999, 
        "44": 117098392.67200001, 
        "45": 240370000.81299999, 
        "46": 200045583.259, 
        "47": 161539346.13699999, 
        "48": 135361985.73899999, 
        "49": 98309888.760000005, 
        "50": 129221465.964, 
        "51": 251699473.211, 
        "52": 258957466.433, 
        "53": 385216970.458, 
        "54": 160539886.972, 
        "55": 255932087.553, 
        "56": 166476224.63499999, 
        "57": 319825083.21600002, 
        "58": 339654455.62, 
        "59": 279989653.79100001, 
        "60": 211629705.43900001, 
        "61": 140241675.991, 
        "62": 187533560.84099999, 
        "63": 292986460.31999999, 
        "64": 121308246.40000001, 
        "65": 182429083.72499999, 
        "66": 136859621.48699999, 
        "67": 155349130.083, 
        "68": 131446671.993, 
        "69": 117612702.31299999, 
        "70": 107569627.08400001, 
        "71": 165369618.52200001, 
        "72": 185754098.59599999, 
        "73": 177993198.18799999, 
        "74": 214788080.71000001, 
        "75": 237522073.67699999, 
        "76": 111549121.608, 
        "77": 334676178.38099998, 
        "78": 202671960.581, 
        "79": 134549994.123, 
        "80": 296400408.278, 
        "81": 175711545.77500001, 
        "82": 157965972.50999999, 
        "83": 90184783.886000007, 
        "84": 108009880.51000001, 
        "85": 227436224.359, 
        "86": 294416005.98000002, 
        "87": 190840826.47499999, 
        "88": 240985889.66999999, 
        "89": 257376847.60800001, 
        "90": 231914285.73100001, 
        "91": 104466198.11, 
        "92": 115831705.89399999, 
        "93": 107558681.395, 
        "94": 221401682.215, 
        "95": 376842621.02700001, 
        "96": 199249004.14399999, 
        "97": 122843102.95299999, 
        "98": 113397663.818, 
        "99": 175183953.03400001
    }, 
    "averaged_NPV": 202477215.66661003
}