{
    "std": 72807587.734624475, 
    "raw_results": {
        "0": 434182147.40100002, 
        "1": 283272610.70599997, 
        "2": 243545829.28299999, 
        "3": 183245385.03299999, 
        "4": 203103348.38, 
        "5": 213425862.65799999, 
        "6": 196468862.248, 
        "7": 188825634.95500001, 
        "8": 158796703.78799999, 
        "9": 82470627.327999994, 
        "10": 147589873.616, 
        "11": 171158321.03299999, 
        "12": 115660828.875, 
        "13": 166180197.912, 
        "14": 169767285.67699999, 
        "15": 381875185.32099998, 
        "16": 221901969.31400001, 
        "17": 259608785.08700001, 
        "18": 220833023.87799999, 
        "19": 208538379.39500001, 
        "20": 216358806.127, 
        "21": 154926014.31200001, 
        "22": 196397141.17899999, 
        "23": 321326921.02100003, 
        "24": 238224740.76199999, 
        "25": 333459487.55400002, 
        "26": 211584814.04899999, 
        "27": 213651173.85600001, 
        "28": 285502698.19400001, 
        "29": 280477846.64200002, 
        "30": 240366682.47499999, 
        "31": 149781553.46399999, 
        "32": 259571385.25400001, 
        "33": 142528311.85699999, 
        "34": 139811313.32100001, 
        "35": 199988277.76699999, 
        "36": 169181300.13699999, 
        "37": 315963672.292, 
        "38": 174496540.38800001, 
        "39": 167660746.604, 
        "40": 146948116.301, 
        "41": 227566185.866, 
        "42": 198625284.072, 
        "43": 152272980.98699999, 
        "44": 117013114.848, 
        "45": 240290607.89899999, 
        "46": 200201272.086, 
        "47": 161407069.257, 
        "48": 135511343.028, 
        "49": 98363937.841999993, 
        "50": 129063364.69, 
        "51": 251826832.48100001, 
        "52": 258915375.264, 
        "53": 385074745.347, 
        "54": 160324887.831, 
        "55": 255790812.50600001, 
        "56": 166219599.05500001, 
        "57": 320084176.99299997, 
        "58": 339672095.02700001, 
        "59": 279944281.68599999, 
        "60": 211660951.62400001, 
        "61": 140208321.62599999, 
        "62": 187417164.60800001, 
        "63": 293063116.19099998, 
        "64": 121266093.954, 
        "65": 182495648.88600001, 
        "66": 136622678.551, 
        "67": 155113236.11300001, 
        "68": 131506709.109, 
        "69": 117740484.837, 
        "70": 107305151.258, 
        "71": 165256540.48800001, 
        "72": 185526034.729, 
        "73": 177901981.26699999, 
        "74": 214748068.01699999, 
        "75": 237420882.14399999, 
        "76": 111552338.973, 
        "77": 334998029.84799999, 
        "78": 202463810.12799999, 
        "79": 134459024.86899999, 
        "80": 296542128.03799999, 
        "81": 175618055.38600001, 
        "82": 158202602.41999999, 
        "83": 89874502.689999998, 
        "84": 108066352.042, 
        "85": 226985569.75, 
        "86": 294525171.61299998, 
        "87": 190853923.412, 
        "88": 241017638.25099999, 
        "89": 257590874.50099999, 
        "90": 232035095.23199999, 
        "91": 104283172.11, 
        "92": 115807235.928, 
        "93": 107647651.32700001, 
        "94": 221067961.007, 
        "95": 376458469.292, 
        "96": 199328968.884, 
        "97": 122798756.392, 
        "98": 113280208.63699999, 
        "99": 175165157.59599999
    }, 
    "averaged_NPV": 202427021.33937001
}