{
    "std": 72391380.685455203, 
    "raw_results": {
        "0": 419326712.79000002, 
        "1": 276465803.23199999, 
        "2": 233239937.61199999, 
        "3": 177657615.565, 
        "4": 195489554.77900001, 
        "5": 207735855.49200001, 
        "6": 191304719.535, 
        "7": 180333255.21599999, 
        "8": 148492585.60499999, 
        "9": 75639045.167999998, 
        "10": 139474071.995, 
        "11": 164143098.75299999, 
        "12": 109696970.779, 
        "13": 161090035.99399999, 
        "14": 161934681.16800001, 
        "15": 372748966.10100001, 
        "16": 215480147.19299999, 
        "17": 253065878.171, 
        "18": 210090912.595, 
        "19": 201840913.78200001, 
        "20": 204893682.08700001, 
        "21": 145622923.84999999, 
        "22": 190268048.62900001, 
        "23": 313318936.162, 
        "24": 230990738.95199999, 
        "25": 326508499.69099998, 
        "26": 205151583.34999999, 
        "27": 207366750.574, 
        "28": 278477730.83099997, 
        "29": 275086586.65799999, 
        "30": 233641537.05399999, 
        "31": 142510694.905, 
        "32": 253506878.743, 
        "33": 134716527.95699999, 
        "34": 132000855.315, 
        "35": 192749528.648, 
        "36": 159418373.84799999, 
        "37": 308706778.028, 
        "38": 169167023.33500001, 
        "39": 160844155.67199999, 
        "40": 139959217.47400001, 
        "41": 221115347.97799999, 
        "42": 190414947.69, 
        "43": 144513979.18200001, 
        "44": 110206013.53, 
        "45": 233776299.03, 
        "46": 193389482.31900001, 
        "47": 152944526.50299999, 
        "48": 126584968.90099999, 
        "49": 92059481.405000001, 
        "50": 120664792.833, 
        "51": 245407445.086, 
        "52": 251711093.199, 
        "53": 372067992.421, 
        "54": 154365294.759, 
        "55": 249741019.46399999, 
        "56": 159445797.199, 
        "57": 313340237.11699998, 
        "58": 332567165.87900001, 
        "59": 272332208.04799998, 
        "60": 205776172.03200001, 
        "61": 132678203.35600001, 
        "62": 177563148.123, 
        "63": 285662195.62400001, 
        "64": 116605531.493, 
        "65": 176398025.324, 
        "66": 129334396.384, 
        "67": 146761855.278, 
        "68": 123206395.43099999, 
        "69": 110853339.14300001, 
        "70": 99953293.986000001, 
        "71": 159231119.458, 
        "72": 179333782.0, 
        "73": 169886649.86700001, 
        "74": 209171668.09799999, 
        "75": 231836158.22999999, 
        "76": 104595521.531, 
        "77": 327319197.37800002, 
        "78": 195663271.53299999, 
        "79": 126514094.309, 
        "80": 289331444.40700001, 
        "81": 169481357.60100001, 
        "82": 152558636.07800001, 
        "83": 82225021.880999997, 
        "84": 101714395.021, 
        "85": 219857982.24900001, 
        "86": 289814879.15799999, 
        "87": 179841537.12400001, 
        "88": 234550497.46399999, 
        "89": 252035325.71900001, 
        "90": 225435583.56999999, 
        "91": 97454536.138999999, 
        "92": 109305003.177, 
        "93": 100170200.206, 
        "94": 214371665.52200001, 
        "95": 366576525.45200002, 
        "96": 193674556.83500001, 
        "97": 117087479.962, 
        "98": 105917115.649, 
        "99": 168445112.82499999
    }, 
    "averaged_NPV": 195149987.80448002
}