{
    "std": 73150672.442185134, 
    "raw_results": {
        "0": 429767361.67699999, 
        "1": 278327646.55199999, 
        "2": 236062231.51300001, 
        "3": 175249526.71000001, 
        "4": 197228949.32300001, 
        "5": 206281481.69400001, 
        "6": 192535674.94400001, 
        "7": 181580831.664, 
        "8": 150687967.289, 
        "9": 77557690.711999997, 
        "10": 141289877.71900001, 
        "11": 166177497.294, 
        "12": 110675625.40899999, 
        "13": 162617261.88499999, 
        "14": 163589247.32100001, 
        "15": 380456601.75300002, 
        "16": 217081549.461, 
        "17": 254737310.71200001, 
        "18": 212923998.92699999, 
        "19": 203517684.59599999, 
        "20": 205677960.01699999, 
        "21": 146897890.808, 
        "22": 191650493.185, 
        "23": 313053160.86299998, 
        "24": 233025449.185, 
        "25": 326287142.55199999, 
        "26": 207155259.76899999, 
        "27": 210079387.45300001, 
        "28": 279684372.97500002, 
        "29": 276323547.31599998, 
        "30": 235164994.736, 
        "31": 144354978.81099999, 
        "32": 255067113.44800001, 
        "33": 136261910.53299999, 
        "34": 134888666.706, 
        "35": 194864255.528, 
        "36": 161965032.32100001, 
        "37": 310622964.98500001, 
        "38": 170419950.23500001, 
        "39": 162391050.22400001, 
        "40": 139677828.66800001, 
        "41": 222790682.23100001, 
        "42": 191782586.23300001, 
        "43": 146107946.03, 
        "44": 111580892.00399999, 
        "45": 235335006.722, 
        "46": 195603066.59599999, 
        "47": 154662314.72299999, 
        "48": 127849695.417, 
        "49": 92844696.386999995, 
        "50": 122783138.645, 
        "51": 246548695.88999999, 
        "52": 253528811.37, 
        "53": 382987173.71600002, 
        "54": 153274957.98800001, 
        "55": 251118728.787, 
        "56": 160726377.708, 
        "57": 313775733.31300002, 
        "58": 332332901.73900002, 
        "59": 272519276.04000002, 
        "60": 207613070.56099999, 
        "61": 133967605.46600001, 
        "62": 180544607.52700001, 
        "63": 286978132.42699999, 
        "64": 115540293.88500001, 
        "65": 178045521.52200001, 
        "66": 130522284.766, 
        "67": 148353476.435, 
        "68": 124593788.45200001, 
        "69": 112431098.499, 
        "70": 102098647.59999999, 
        "71": 160618468.43099999, 
        "72": 177707700.07699999, 
        "73": 171366102.93799999, 
        "74": 210281120.61300001, 
        "75": 233942800.752, 
        "76": 105712556.028, 
        "77": 327632427.44599998, 
        "78": 197361788.71399999, 
        "79": 127792098.78200001, 
        "80": 289922796.23500001, 
        "81": 171149102.947, 
        "82": 153690878.463, 
        "83": 83478897.863000005, 
        "84": 102964517.89, 
        "85": 218749731.829, 
        "86": 288894738.98199999, 
        "87": 182183400.43099999, 
        "88": 235942818.89300001, 
        "89": 252882458.708, 
        "90": 227019387.31799999, 
        "91": 98755295.856999993, 
        "92": 110358713.351, 
        "93": 102991545.23800001, 
        "94": 216214525.94499999, 
        "95": 377153493.65100002, 
        "96": 195399756.479, 
        "97": 118024366.44, 
        "98": 107708098.455, 
        "99": 170228317.083
    }, 
    "averaged_NPV": 196788285.41991007
}