{
    "std": 72535849.764901906, 
    "raw_results": {
        "0": 421268840.96499997, 
        "1": 278761871.04000002, 
        "2": 238197093.414, 
        "3": 178897874.86700001, 
        "4": 197760338.09200001, 
        "5": 208982948.039, 
        "6": 194711110.57100001, 
        "7": 184175732.26499999, 
        "8": 153140048.31299999, 
        "9": 77076414.458000004, 
        "10": 142473239.93200001, 
        "11": 166426022.074, 
        "12": 110875647.264, 
        "13": 161158601.84599999, 
        "14": 165803906.30399999, 
        "15": 375595911.01300001, 
        "16": 217666025.785, 
        "17": 255410771.18700001, 
        "18": 215482531.61300001, 
        "19": 204098677.65700001, 
        "20": 211223232.01100001, 
        "21": 147874404.49599999, 
        "22": 192284727.94100001, 
        "23": 315758808.57999998, 
        "24": 233618181.32800001, 
        "25": 328630501.20300001, 
        "26": 207019449.66800001, 
        "27": 209323863.62799999, 
        "28": 280800447.49800003, 
        "29": 276787093.36299998, 
        "30": 235505145.197, 
        "31": 144328194.41800001, 
        "32": 255397695.509, 
        "33": 138085493.31299999, 
        "34": 133860363.126, 
        "35": 194990290.382, 
        "36": 164926625.91999999, 
        "37": 311090725.10799998, 
        "38": 171248947.55899999, 
        "39": 162847875.43799999, 
        "40": 140447091.79899999, 
        "41": 223147138.22, 
        "42": 194123454.51800001, 
        "43": 146585503.13, 
        "44": 111982773.344, 
        "45": 235982684.329, 
        "46": 198467324.10299999, 
        "47": 154260190.53200001, 
        "48": 128983129.61, 
        "49": 92861356.863000005, 
        "50": 123266004.733, 
        "51": 246998670.10299999, 
        "52": 254184657.183, 
        "53": 374630768.79000002, 
        "54": 155318518.40200001, 
        "55": 251718527.78299999, 
        "56": 161102101.40200001, 
        "57": 315342968.17900002, 
        "58": 335082563.11699998, 
        "59": 275343413.95999998, 
        "60": 206914937.56799999, 
        "61": 134579579.53200001, 
        "62": 182633035.053, 
        "63": 287804925.31, 
        "64": 117393337.653, 
        "65": 176707492.528, 
        "66": 130910610.509, 
        "67": 147100139.98500001, 
        "68": 126511654.332, 
        "69": 112320731.73800001, 
        "70": 100979596.803, 
        "71": 160711185.581, 
        "72": 181311000.92699999, 
        "73": 172899087.829, 
        "74": 211008090.32600001, 
        "75": 233004387.058, 
        "76": 106062990.29000001, 
        "77": 329554485.10100001, 
        "78": 197812727.53299999, 
        "79": 128042803.581, 
        "80": 291466620.87300003, 
        "81": 170914034.93700001, 
        "82": 154557592.72600001, 
        "83": 84409860.122999996, 
        "84": 103551470.022, 
        "85": 222119265.463, 
        "86": 289074912.00599998, 
        "87": 184607653.903, 
        "88": 236651047.31400001, 
        "89": 253670028.95899999, 
        "90": 227724817.04899999, 
        "91": 99411547.047000006, 
        "92": 110373931.94, 
        "93": 102207517.082, 
        "94": 216581223.493, 
        "95": 369186059.49599999, 
        "96": 197041664.94800001, 
        "97": 119036327.948, 
        "98": 107638550.78200001, 
        "99": 169746558.76300001
    }, 
    "averaged_NPV": 197376279.96596006
}