{
    "std": 72497461.68988277, 
    "raw_results": {
        "0": 426687999.90700001, 
        "1": 278468821.50300002, 
        "2": 238002047.116, 
        "3": 178319502.44600001, 
        "4": 197458372.88699999, 
        "5": 209089400.13299999, 
        "6": 194335100.539, 
        "7": 184443019.90700001, 
        "8": 152893246.51100001, 
        "9": 77210551.533999994, 
        "10": 140074238.81, 
        "11": 166140091.06299999, 
        "12": 110720115.18099999, 
        "13": 160891697.632, 
        "14": 165709240.41600001, 
        "15": 377804636.09399998, 
        "16": 217360828.766, 
        "17": 255070045.79699999, 
        "18": 215193299.54499999, 
        "19": 203607319.92699999, 
        "20": 211010945.898, 
        "21": 148169439.90000001, 
        "22": 191686303.76699999, 
        "23": 313547835.55199999, 
        "24": 233199940.17699999, 
        "25": 324820798.04500002, 
        "26": 206616395.69800001, 
        "27": 209002764.521, 
        "28": 280522381.292, 
        "29": 273227043.14099997, 
        "30": 235225387.02700001, 
        "31": 144051051.442, 
        "32": 253936800.24700001, 
        "33": 137586394.92699999, 
        "34": 134010972.237, 
        "35": 194689218.84099999, 
        "36": 164374483.39700001, 
        "37": 310165931.61199999, 
        "38": 171001170.84200001, 
        "39": 162307465.683, 
        "40": 139984803.183, 
        "41": 223007054.52200001, 
        "42": 194290591.70199999, 
        "43": 146743107.14700001, 
        "44": 112676133.88500001, 
        "45": 235872197.35299999, 
        "46": 198076750.035, 
        "47": 153851578.18700001, 
        "48": 128861952.911, 
        "49": 92901823.202000007, 
        "50": 123422355.20900001, 
        "51": 246870630.04300001, 
        "52": 254046855.23300001, 
        "53": 382465285.45200002, 
        "54": 155031151.21000001, 
        "55": 250197309.28799999, 
        "56": 160965527.611, 
        "57": 314109464.96399999, 
        "58": 331187754.78899997, 
        "59": 272360434.68699998, 
        "60": 206585688.53799999, 
        "61": 134435162.528, 
        "62": 182199894.67500001, 
        "63": 287736462.241, 
        "64": 117531618.17299999, 
        "65": 176416035.803, 
        "66": 130556542.91599999, 
        "67": 147094366.10299999, 
        "68": 124562719.462, 
        "69": 112126459.131, 
        "70": 101055363.153, 
        "71": 160236185.266, 
        "72": 180770922.32800001, 
        "73": 172403756.141, 
        "74": 208781951.87599999, 
        "75": 232911916.36199999, 
        "76": 105168367.998, 
        "77": 326814014.02499998, 
        "78": 197354371.28999999, 
        "79": 127948461.516, 
        "80": 291230307.66299999, 
        "81": 170424114.164, 
        "82": 154750597.61500001, 
        "83": 84334106.744000003, 
        "84": 103511017.676, 
        "85": 222029530.70100001, 
        "86": 286168820.949, 
        "87": 184903741.05000001, 
        "88": 236495569.16100001, 
        "89": 251214482.68099999, 
        "90": 227327790.442, 
        "91": 98926879.294, 
        "92": 111078471.23999999, 
        "93": 102375688.31900001, 
        "94": 216395643.54899999, 
        "95": 365371604.12, 
        "96": 197021788.53999999, 
        "97": 119215889.552, 
        "98": 107565204.421, 
        "99": 169427927.039
    }, 
    "averaged_NPV": 196980144.95017996
}