{
    "std": 72956930.082849681, 
    "raw_results": {
        "0": 434073161.03799999, 
        "1": 277876542.00400001, 
        "2": 234893909.521, 
        "3": 174793661.375, 
        "4": 196770092.12, 
        "5": 205654185.65799999, 
        "6": 192418469.36000001, 
        "7": 181729019.88299999, 
        "8": 150614966.55500001, 
        "9": 77608192.296000004, 
        "10": 140962653.11500001, 
        "11": 165817773.59599999, 
        "12": 110829564.866, 
        "13": 162232275.09799999, 
        "14": 163271956.41600001, 
        "15": 372148080.85699999, 
        "16": 216644599.294, 
        "17": 254316636.48800001, 
        "18": 211632723.09099999, 
        "19": 203062255.45899999, 
        "20": 205944221.13800001, 
        "21": 147100072.79800001, 
        "22": 191389291.382, 
        "23": 314253189.64300001, 
        "24": 232697217.45899999, 
        "25": 327609677.56099999, 
        "26": 206859361.06999999, 
        "27": 208411749.88499999, 
        "28": 279745251.31999999, 
        "29": 276296224.42799997, 
        "30": 234918578.50299999, 
        "31": 143713239.27000001, 
        "32": 254734841.44299999, 
        "33": 135673698.18399999, 
        "34": 133078592.531, 
        "35": 194413360.322, 
        "36": 160572633.78099999, 
        "37": 310007534.39700001, 
        "38": 170260062.84900001, 
        "39": 161754642.10299999, 
        "40": 141202740.458, 
        "41": 222426599.15599999, 
        "42": 191831970.77500001, 
        "43": 145877439.06, 
        "44": 111441674.355, 
        "45": 235023034.252, 
        "46": 195510003.42199999, 
        "47": 154213058.58899999, 
        "48": 127094345.45900001, 
        "49": 92904314.813999996, 
        "50": 122561656.15899999, 
        "51": 246460904.98899999, 
        "52": 253046700.317, 
        "53": 383073358.148, 
        "54": 155657698.73699999, 
        "55": 250809682.91100001, 
        "56": 160502250.47999999, 
        "57": 314487395.13999999, 
        "58": 334221961.18599999, 
        "59": 272337002.16100001, 
        "60": 204774817.919, 
        "61": 133883416.742, 
        "62": 180401323.30199999, 
        "63": 286909794.912, 
        "64": 117597921.11300001, 
        "65": 177465881.27700001, 
        "66": 130222237.64300001, 
        "67": 148104846.574, 
        "68": 124722316.639, 
        "69": 112494369.098, 
        "70": 101218411.95999999, 
        "71": 160318974.12599999, 
        "72": 180739376.546, 
        "73": 171293242.42500001, 
        "74": 209940251.49900001, 
        "75": 233765485.685, 
        "76": 105769399.62100001, 
        "77": 328541298.94, 
        "78": 196882884.808, 
        "79": 127568347.01000001, 
        "80": 290636034.403, 
        "81": 170860158.958, 
        "82": 153676864.993, 
        "83": 83831008.088, 
        "84": 103105061.267, 
        "85": 217984528.61700001, 
        "86": 290792645.074, 
        "87": 181646898.70100001, 
        "88": 235802505.08700001, 
        "89": 252880765.706, 
        "90": 226665366.01199999, 
        "91": 98566009.988999993, 
        "92": 110365023.45299999, 
        "93": 102980101.473, 
        "94": 215613413.90200001, 
        "95": 367253557.31300002, 
        "96": 195267956.579, 
        "97": 117633783.81200001, 
        "98": 107179346.884, 
        "99": 169934805.523
    }, 
    "averaged_NPV": 196527583.82397997
}