{
    "std": 72339032.627813444, 
    "raw_results": {
        "0": 422941233.65899998, 
        "1": 280337381.52899998, 
        "2": 239013817.958, 
        "3": 177957155.70500001, 
        "4": 200459045.398, 
        "5": 211895234.155, 
        "6": 195565625.35699999, 
        "7": 183943944.76699999, 
        "8": 153444619.15799999, 
        "9": 79808020.070999995, 
        "10": 143518985.63999999, 
        "11": 168392300.51499999, 
        "12": 113259976.27500001, 
        "13": 164945923.56799999, 
        "14": 165984341.76199999, 
        "15": 377501152.153, 
        "16": 219421208.30899999, 
        "17": 257138105.68599999, 
        "18": 215585100.31099999, 
        "19": 205992900.49000001, 
        "20": 208729022.646, 
        "21": 149931058.24399999, 
        "22": 193870417.29800001, 
        "23": 317527948.96600002, 
        "24": 235499401.40099999, 
        "25": 330260337.93800002, 
        "26": 209428873.535, 
        "27": 212546832.85699999, 
        "28": 282411497.35399997, 
        "29": 278090010.36900002, 
        "30": 237444467.14899999, 
        "31": 145982862.37, 
        "32": 256907298.11399999, 
        "33": 138747703.34999999, 
        "34": 136196706.97099999, 
        "35": 193750779.50799999, 
        "36": 164247421.40599999, 
        "37": 312869880.02200001, 
        "38": 173514810.368, 
        "39": 165137091.37200001, 
        "40": 144238345.759, 
        "41": 224763137.34599999, 
        "42": 194148407.69, 
        "43": 148849062.303, 
        "44": 113197962.54700001, 
        "45": 237459166.13299999, 
        "46": 198376581.317, 
        "47": 156434804.741, 
        "48": 130843181.561, 
        "49": 95309165.662, 
        "50": 125544319.214, 
        "51": 249011203.243, 
        "52": 256045181.47, 
        "53": 376149771.014, 
        "54": 155618791.59599999, 
        "55": 253447750.94, 
        "56": 163158464.06900001, 
        "57": 316950575.90499997, 
        "58": 337184345.815, 
        "59": 277003925.78100002, 
        "60": 207076468.11899999, 
        "61": 136076205.905, 
        "62": 183956067.81600001, 
        "63": 289892288.27100003, 
        "64": 119837609.089, 
        "65": 181052933.02399999, 
        "66": 133282370.704, 
        "67": 150291640.46399999, 
        "68": 127248900.831, 
        "69": 115057833.649, 
        "70": 103320379.068, 
        "71": 163256576.88800001, 
        "72": 180834143.97999999, 
        "73": 174407474.78600001, 
        "74": 212442123.866, 
        "75": 236262894.18099999, 
        "76": 108263133.92299999, 
        "77": 330839252.59799999, 
        "78": 199697544.185, 
        "79": 130216640.85699999, 
        "80": 293452001.741, 
        "81": 174290783.38699999, 
        "82": 155580900.29800001, 
        "83": 86420718.788000003, 
        "84": 105385109.059, 
        "85": 221481042.986, 
        "86": 284290376.78799999, 
        "87": 184086784.46799999, 
        "88": 238161043.72600001, 
        "89": 255039897.90099999, 
        "90": 229212747.396, 
        "91": 101444987.367, 
        "92": 112524017.127, 
        "93": 104259271.061, 
        "94": 218755281.78099999, 
        "95": 370778188.85299999, 
        "96": 198687043.74399999, 
        "97": 120838006.29099999, 
        "98": 109732127.97499999, 
        "99": 173132907.42699999
    }, 
    "averaged_NPV": 198948003.58177999
}