{
    "std": 72279292.342671335, 
    "raw_results": {
        "0": 423624909.58700001, 
        "1": 281128320.77100003, 
        "2": 241941812.08700001, 
        "3": 182107883.18200001, 
        "4": 200895029.586, 
        "5": 211681447.46000001, 
        "6": 195473109.671, 
        "7": 187910069.817, 
        "8": 156852908.081, 
        "9": 79716252.035999998, 
        "10": 144618650.808, 
        "11": 169251085.57100001, 
        "12": 113801858.198, 
        "13": 165102541.07600001, 
        "14": 167910503.65099999, 
        "15": 377877255.58099997, 
        "16": 219970457.43599999, 
        "17": 257693340.63800001, 
        "18": 214834651.729, 
        "19": 206561318.60499999, 
        "20": 214724477.17199999, 
        "21": 150767725.56, 
        "22": 194477739.64500001, 
        "23": 318760341.847, 
        "24": 235955670.61500001, 
        "25": 330867399.28100002, 
        "26": 209758154.60299999, 
        "27": 211776984.83899999, 
        "28": 283379240.82200003, 
        "29": 278876740.73900002, 
        "30": 238414582.528, 
        "31": 149154554.373, 
        "32": 257494482.56, 
        "33": 141448965.817, 
        "34": 138287423.10100001, 
        "35": 197998735.94499999, 
        "36": 167573523.70100001, 
        "37": 313692313.454, 
        "38": 173637870.52399999, 
        "39": 166026958.914, 
        "40": 143225558.75999999, 
        "41": 225410308.229, 
        "42": 198028597.06299999, 
        "43": 151412306.81900001, 
        "44": 116339178.963, 
        "45": 238213844.118, 
        "46": 197935575.82499999, 
        "47": 156943392.23699999, 
        "48": 133982271.90099999, 
        "49": 96550672.532000005, 
        "50": 127040155.25, 
        "51": 249815727.83899999, 
        "52": 256787921.84400001, 
        "53": 376885073.33700001, 
        "54": 158628871.52399999, 
        "55": 254217811.23199999, 
        "56": 164216705.63299999, 
        "57": 318275780.89700001, 
        "58": 337875246.63300002, 
        "59": 277771915.74000001, 
        "60": 209637618.98899999, 
        "61": 137926416.53400001, 
        "62": 182007715.47400001, 
        "63": 291041567.74900001, 
        "64": 120114393.23, 
        "65": 180903065.67300001, 
        "66": 133582167.251, 
        "67": 150815194.91, 
        "68": 130356885.12899999, 
        "69": 114979650.377, 
        "70": 104016241.958, 
        "71": 163777307.10699999, 
        "72": 183904658.884, 
        "73": 172780193.41100001, 
        "74": 213190123.21000001, 
        "75": 235548823.359, 
        "76": 109324259.322, 
        "77": 331753924.21399999, 
        "78": 200552200.55700001, 
        "79": 130946221.40800001, 
        "80": 294381127.60500002, 
        "81": 173576415.51499999, 
        "82": 156488642.61899999, 
        "83": 86829249.417999998, 
        "84": 106457666.138, 
        "85": 224918540.574, 
        "86": 293828991.49599999, 
        "87": 189487237.66, 
        "88": 238996365.44299999, 
        "89": 255940657.91100001, 
        "90": 230100407.40700001, 
        "91": 102788519.815, 
        "92": 114558079.771, 
        "93": 105820281.347, 
        "94": 219177351.486, 
        "95": 371148041.87400001, 
        "96": 197730310.433, 
        "97": 122202674.06999999, 
        "98": 109813126.54799999, 
        "99": 173187624.324
    }, 
    "averaged_NPV": 200161741.48186997
}