{
    "std": 72340205.22163476, 
    "raw_results": {
        "0": 419850729.75400001, 
        "1": 277521739.07800001, 
        "2": 236750541.322, 
        "3": 177922078.60600001, 
        "4": 196603521.053, 
        "5": 208358269.96700001, 
        "6": 193526089.34299999, 
        "7": 184139036.26300001, 
        "8": 148334576.77399999, 
        "9": 76600886.430000007, 
        "10": 139426955.55700001, 
        "11": 165262357.08000001, 
        "12": 110211194.476, 
        "13": 160325781.61700001, 
        "14": 165002166.08399999, 
        "15": 373019012.72899997, 
        "16": 216528957.17899999, 
        "17": 254034637.875, 
        "18": 214235130.51699999, 
        "19": 203034526.912, 
        "20": 210027179.43399999, 
        "21": 147367091.537, 
        "22": 191323550.442, 
        "23": 314259944.597, 
        "24": 232338292.72400001, 
        "25": 327467896.98500001, 
        "26": 206068233.88699999, 
        "27": 208310107.78400001, 
        "28": 279495470.59500003, 
        "29": 275701940.65100002, 
        "30": 234324946.264, 
        "31": 143895923.139, 
        "32": 254463503.984, 
        "33": 136993964.847, 
        "34": 133089007.767, 
        "35": 193974376.46700001, 
        "36": 163929035.234, 
        "37": 309665503.30500001, 
        "38": 167810827.57100001, 
        "39": 161962453.736, 
        "40": 139352869.81400001, 
        "41": 221958144.833, 
        "42": 193645697.05700001, 
        "43": 146117193.00099999, 
        "44": 111761401.279, 
        "45": 234707132.264, 
        "46": 197443810.65099999, 
        "47": 153355665.12, 
        "48": 127768728.185, 
        "49": 92198272.487000003, 
        "50": 122011305.035, 
        "51": 245817664.51499999, 
        "52": 252726317.01699999, 
        "53": 373041615.56699997, 
        "54": 154469834.10100001, 
        "55": 250711331.86300001, 
        "56": 160241160.60100001, 
        "57": 314053652.19999999, 
        "58": 333650644.76899999, 
        "59": 273373370.32800001, 
        "60": 205927885.28600001, 
        "61": 133642793.64300001, 
        "62": 181727249.29699999, 
        "63": 286498911.98900002, 
        "64": 116719058.013, 
        "65": 175921096.50099999, 
        "66": 130228767.947, 
        "67": 146331040.95699999, 
        "68": 123922060.64399999, 
        "69": 111933875.542, 
        "70": 100682598.005, 
        "71": 159953597.905, 
        "72": 180355787.36899999, 
        "73": 171823960.785, 
        "74": 210023098.77700001, 
        "75": 231807541.426, 
        "76": 104256715.285, 
        "77": 328248680.19300002, 
        "78": 196624536.287, 
        "79": 127223833.67399999, 
        "80": 290305708.79400003, 
        "81": 169837473.03299999, 
        "82": 152384750.905, 
        "83": 83700444.193000004, 
        "84": 102188479.021, 
        "85": 220823212.914, 
        "86": 287349706.98500001, 
        "87": 184233609.76699999, 
        "88": 235502323.542, 
        "89": 252639220.90200001, 
        "90": 226538530.15900001, 
        "91": 98236637.449000001, 
        "92": 110360340.222, 
        "93": 101713083.14300001, 
        "94": 215458507.01199999, 
        "95": 367076989.44999999, 
        "96": 196114102.824, 
        "97": 118688850.84999999, 
        "98": 107010332.529, 
        "99": 169075321.69
    }, 
    "averaged_NPV": 196246539.65162003
}