{
    "std": 72370723.346522436, 
    "raw_results": {
        "0": 422966513.13200003, 
        "1": 280346654.29699999, 
        "2": 239010705.00400001, 
        "3": 178077050.752, 
        "4": 200528004.29899999, 
        "5": 211863502.86000001, 
        "6": 195546335.59099999, 
        "7": 183946169.26699999, 
        "8": 153500884.15200001, 
        "9": 79691934.444999993, 
        "10": 143484174.40599999, 
        "11": 168451129.45500001, 
        "12": 113245873.392, 
        "13": 164964952.13100001, 
        "14": 165999551.338, 
        "15": 377560273.838, 
        "16": 219483411.06, 
        "17": 257151911.53799999, 
        "18": 215615239.053, 
        "19": 206039817.65599999, 
        "20": 208760209.69400001, 
        "21": 149908585.713, 
        "22": 193928520.68900001, 
        "23": 317621492.20899999, 
        "24": 235535670.678, 
        "25": 330315240.85299999, 
        "26": 209425280.5, 
        "27": 212581707.81600001, 
        "28": 282454874.83600003, 
        "29": 278324613.82499999, 
        "30": 238404501.82600001, 
        "31": 145954160.92300001, 
        "32": 256961461.07800001, 
        "33": 138708631.19100001, 
        "34": 136203648.02200001, 
        "35": 193840110.06900001, 
        "36": 164258354.81200001, 
        "37": 312911696.34600002, 
        "38": 173555677.90700001, 
        "39": 165171323.63, 
        "40": 144153064.56900001, 
        "41": 224782832.15099999, 
        "42": 194127778.73300001, 
        "43": 148836978.76199999, 
        "44": 113177941.478, 
        "45": 237475749.78600001, 
        "46": 198488534.169, 
        "47": 156470781.22299999, 
        "48": 130869140.24600001, 
        "49": 95293765.611000001, 
        "50": 125571113.38, 
        "51": 249042586.51199999, 
        "52": 256042065.368, 
        "53": 376533348.07599998, 
        "54": 155699500.70899999, 
        "55": 253531733.87900001, 
        "56": 163205505.40200001, 
        "57": 316941549.662, 
        "58": 337331584.62900001, 
        "59": 277086618.73699999, 
        "60": 207110364.48800001, 
        "61": 136066535.03200001, 
        "62": 183994383.41800001, 
        "63": 289928989.53299999, 
        "64": 119849975.785, 
        "65": 181093612.85600001, 
        "66": 133339138.866, 
        "67": 150312994.044, 
        "68": 127234032.72499999, 
        "69": 115084330.939, 
        "70": 103258080.70900001, 
        "71": 163310201.16299999, 
        "72": 180913087.87400001, 
        "73": 174483572.19, 
        "74": 212604900.755, 
        "75": 236270231.22299999, 
        "76": 108239502.29099999, 
        "77": 330844652.16900003, 
        "78": 199800406.80899999, 
        "79": 130186494.501, 
        "80": 293493955.20899999, 
        "81": 174350433.15000001, 
        "82": 155617622.39700001, 
        "83": 86240787.670000002, 
        "84": 105397753.37, 
        "85": 221540986.72600001, 
        "86": 284375308.10799998, 
        "87": 184082796.42699999, 
        "88": 238194777.89199999, 
        "89": 255080619.47, 
        "90": 229274477.956, 
        "91": 101417653.92299999, 
        "92": 112488278.417, 
        "93": 104261466.766, 
        "94": 218824236.91100001, 
        "95": 370566087.79900002, 
        "96": 198773915.91, 
        "97": 120771723.76000001, 
        "98": 109731697.711, 
        "99": 173187937.29699999
    }, 
    "averaged_NPV": 198985600.27603996
}