{
    "std": 72603934.49835214, 
    "raw_results": {
        "0": 426581647.963, 
        "1": 278387206.35900003, 
        "2": 236062231.51300001, 
        "3": 175249526.71000001, 
        "4": 197228949.32300001, 
        "5": 206423498.792, 
        "6": 192535674.94400001, 
        "7": 181580831.664, 
        "8": 150687967.289, 
        "9": 77387871.028999999, 
        "10": 141289877.71900001, 
        "11": 166177497.294, 
        "12": 110298033.146, 
        "13": 162617261.88499999, 
        "14": 163551015.289, 
        "15": 377768089.76999998, 
        "16": 217366464.037, 
        "17": 254812001.67500001, 
        "18": 212954637.02399999, 
        "19": 203550177.836, 
        "20": 205677960.01699999, 
        "21": 146897890.808, 
        "22": 191658526.903, 
        "23": 313450929.52700001, 
        "24": 233025391.20199999, 
        "25": 324753088.958, 
        "26": 207222296.847, 
        "27": 210319310.998, 
        "28": 280276582.39600003, 
        "29": 273192737.16299999, 
        "30": 235198017.72099999, 
        "31": 144354978.81099999, 
        "32": 253885340.322, 
        "33": 136261910.53299999, 
        "34": 134919110.07699999, 
        "35": 194864255.528, 
        "36": 161965032.32100001, 
        "37": 309986912.29400003, 
        "38": 170419950.23500001, 
        "39": 162391050.22400001, 
        "40": 139677828.66800001, 
        "41": 222980601.11199999, 
        "42": 191885576.90799999, 
        "43": 146107946.03, 
        "44": 111603237.175, 
        "45": 235778487.02399999, 
        "46": 195603066.59599999, 
        "47": 154662314.72299999, 
        "48": 127524698.053, 
        "49": 92868212.658000007, 
        "50": 122870310.49699999, 
        "51": 246768723.97999999, 
        "52": 253847075.81200001, 
        "53": 382358788.347, 
        "54": 153274957.98800001, 
        "55": 250186341.46200001, 
        "56": 160729596.271, 
        "57": 314014609.97799999, 
        "58": 331051191.13300002, 
        "59": 272283665.24400002, 
        "60": 207613070.56099999, 
        "61": 133967605.46600001, 
        "62": 180544607.52700001, 
        "63": 287571255.40200001, 
        "64": 115530294.07099999, 
        "65": 178045521.52200001, 
        "66": 130714077.285, 
        "67": 148353476.435, 
        "68": 124521399.058, 
        "69": 112524551.723, 
        "70": 101749656.082, 
        "71": 160618468.43099999, 
        "72": 177731069.92300001, 
        "73": 171366102.93799999, 
        "74": 208813856.162, 
        "75": 234136717.70500001, 
        "76": 105774633.508, 
        "77": 326728112.47899997, 
        "78": 197361788.71399999, 
        "79": 127799149.33, 
        "80": 291075120.94099998, 
        "81": 171149102.947, 
        "82": 153836108.891, 
        "83": 83505161.986000001, 
        "84": 102978188.499, 
        "85": 218749731.829, 
        "86": 289454801.42699999, 
        "87": 182183400.43099999, 
        "88": 236408598.77900001, 
        "89": 251142167.148, 
        "90": 227238444.60100001, 
        "91": 98802612.662, 
        "92": 110359123.75, 
        "93": 103225737.62800001, 
        "94": 216257554.19600001, 
        "95": 365244468.31900001, 
        "96": 195399756.479, 
        "97": 117878183.039, 
        "98": 107681137.185, 
        "99": 170228317.083
    }, 
    "averaged_NPV": 196535720.95947003
}