{
    "std": 72809039.060471907, 
    "raw_results": {
        "0": 431391941.19, 
        "1": 282727267.65899998, 
        "2": 243157647.868, 
        "3": 183056453.59, 
        "4": 202441018.359, 
        "5": 212663894.56400001, 
        "6": 196203738.146, 
        "7": 188980558.60699999, 
        "8": 158341253.92699999, 
        "9": 81733910.994000003, 
        "10": 145220036.49000001, 
        "11": 170280458.102, 
        "12": 115110640.00300001, 
        "13": 165985424.065, 
        "14": 169146145.023, 
        "15": 380811696.53899997, 
        "16": 221358206.09599999, 
        "17": 259324494.507, 
        "18": 220359347.49599999, 
        "19": 207809377.64399999, 
        "20": 215903130.76899999, 
        "21": 153966804.15099999, 
        "22": 195781182.46200001, 
        "23": 320418176.264, 
        "24": 237670269.551, 
        "25": 332625804.62599999, 
        "26": 210711953.65900001, 
        "27": 212793769.17500001, 
        "28": 284815088.33600003, 
        "29": 280032575.46600002, 
        "30": 239754439.553, 
        "31": 149071293.77000001, 
        "32": 259075614.22, 
        "33": 141714417.97999999, 
        "34": 139341623.26699999, 
        "35": 198992312.94100001, 
        "36": 168589382.71799999, 
        "37": 315456164.68800002, 
        "38": 174179653.51800001, 
        "39": 167096076.854, 
        "40": 146615083.986, 
        "41": 227236368.80199999, 
        "42": 198491920.796, 
        "43": 152031131.255, 
        "44": 116764207.858, 
        "45": 239919042.88499999, 
        "46": 199117891.016, 
        "47": 158085177.17500001, 
        "48": 134648480.347, 
        "49": 97643862.341999993, 
        "50": 128028257.829, 
        "51": 251220176.30199999, 
        "52": 258660766.53600001, 
        "53": 382702943.61000001, 
        "54": 159578517.294, 
        "55": 255096318.572, 
        "56": 165329768.95100001, 
        "57": 319523911.921, 
        "58": 338555653.01700002, 
        "59": 279394546.227, 
        "60": 211109412.34099999, 
        "61": 138816182.169, 
        "62": 186867993.208, 
        "63": 292346048.20499998, 
        "64": 120540304.274, 
        "65": 181552012.49900001, 
        "66": 134304264.972, 
        "67": 151971924.56, 
        "68": 131230137.12100001, 
        "69": 117238424.331, 
        "70": 106715390.64300001, 
        "71": 164719844.26499999, 
        "72": 184823290.433, 
        "73": 173619853.456, 
        "74": 214268813.66999999, 
        "75": 236633911.75999999, 
        "76": 110409071.98800001, 
        "77": 334540710.86500001, 
        "78": 201798151.71900001, 
        "79": 132131860.17200001, 
        "80": 295567972.61500001, 
        "81": 174825869.23500001, 
        "82": 157944683.25099999, 
        "83": 88684440.410999998, 
        "84": 107290775.005, 
        "85": 226459085.53600001, 
        "86": 294246439.15100002, 
        "87": 189850215.72400001, 
        "88": 240582334.89199999, 
        "89": 256903210.95100001, 
        "90": 231714985.537, 
        "91": 103502273.723, 
        "92": 115805004.502, 
        "93": 106556087.152, 
        "94": 220453819.71200001, 
        "95": 375679206.97399998, 
        "96": 198856350.389, 
        "97": 123102673.472, 
        "98": 110457960.491, 
        "99": 174312322.22299999
    }, 
    "averaged_NPV": 201611705.85154995
}