{
    "std": 72663718.16410023, 
    "raw_results": {
        "0": 425575240.67000002, 
        "1": 276590887.58999997, 
        "2": 233425226.22299999, 
        "3": 173849548.76699999, 
        "4": 195925209.345, 
        "5": 207877684.34999999, 
        "6": 191362330.53400001, 
        "7": 179982361.01300001, 
        "8": 148352375.38699999, 
        "9": 75840390.754999995, 
        "10": 139109900.72400001, 
        "11": 164299166.764, 
        "12": 109751135.51000001, 
        "13": 160952633.58199999, 
        "14": 162263211.43700001, 
        "15": 376605399.47000003, 
        "16": 215877457.51800001, 
        "17": 253274965.96000001, 
        "18": 210506789.778, 
        "19": 202161013.993, 
        "20": 209682248.23699999, 
        "21": 145612379.64300001, 
        "22": 190374302.352, 
        "23": 311980630.29400003, 
        "24": 231369329.87200001, 
        "25": 323506733.46799999, 
        "26": 205089837.215, 
        "27": 207404970.66499999, 
        "28": 278642215.333, 
        "29": 272068994.09500003, 
        "30": 233102135.928, 
        "31": 142529192.73800001, 
        "32": 252606525.92899999, 
        "33": 134670200.67300001, 
        "34": 132202582.88, 
        "35": 192846984.45500001, 
        "36": 160070319.153, 
        "37": 308535567.52200001, 
        "38": 169238863.89199999, 
        "39": 161439417.67699999, 
        "40": 139589586.458, 
        "41": 221184166.229, 
        "42": 190240945.271, 
        "43": 144582748.00400001, 
        "44": 109842791.903, 
        "45": 233983761.905, 
        "46": 193317452.10800001, 
        "47": 152748761.39500001, 
        "48": 126316512.20100001, 
        "49": 91927671.069999993, 
        "50": 120589404.90700001, 
        "51": 245325800.18000001, 
        "52": 251993926.88600001, 
        "53": 381288481.55599999, 
        "54": 154447405.10699999, 
        "55": 249281079.47499999, 
        "56": 159795199.15400001, 
        "57": 312141681.72399998, 
        "58": 330207380.42299998, 
        "59": 271148685.514, 
        "60": 205770663.68799999, 
        "61": 132488190.34999999, 
        "62": 177400971.53099999, 
        "63": 285833339.57300001, 
        "64": 114228175.186, 
        "65": 175549571.15200001, 
        "66": 129545456.185, 
        "67": 146834147.49200001, 
        "68": 123051766.398, 
        "69": 110772957.686, 
        "70": 100704791.45, 
        "71": 159421329.889, 
        "72": 179750000.31400001, 
        "73": 169691673.99900001, 
        "74": 207933720.49200001, 
        "75": 232405826.84999999, 
        "76": 104484091.484, 
        "77": 324935879.53899997, 
        "78": 196060938.02700001, 
        "79": 126445647.903, 
        "80": 289288646.042, 
        "81": 169680223.09099999, 
        "82": 152113788.75299999, 
        "83": 82246868.701000005, 
        "84": 101687727.18099999, 
        "85": 220407035.845, 
        "86": 287727958.37300003, 
        "87": 179625731.07600001, 
        "88": 234616069.204, 
        "89": 249871078.51199999, 
        "90": 225664687.19100001, 
        "91": 97720038.869000003, 
        "92": 108875611.06999999, 
        "93": 100091074.088, 
        "94": 214802173.50600001, 
        "95": 364122943.25999999, 
        "96": 193460681.71200001, 
        "97": 116815655.20100001, 
        "98": 103962663.55, 
        "99": 168191217.85600001
    }, 
    "averaged_NPV": 195107908.15130001
}