{
    "std": 72956931.885749102, 
    "raw_results": {
        "0": 426762077.89399999, 
        "1": 282049995.44099998, 
        "2": 242326395.435, 
        "3": 178831388.78299999, 
        "4": 201762741.505, 
        "5": 209610649.847, 
        "6": 195701630.91499999, 
        "7": 184589786.00799999, 
        "8": 154007441.16600001, 
        "9": 80358189.252000004, 
        "10": 144360185.40400001, 
        "11": 169674948.34299999, 
        "12": 113480029.52500001, 
        "13": 165328175.49900001, 
        "14": 166863005.294, 
        "15": 380302237.58600003, 
        "16": 221028685.259, 
        "17": 258728633.222, 
        "18": 219828983.831, 
        "19": 207073082.98300001, 
        "20": 209738102.16800001, 
        "21": 151352250.15799999, 
        "22": 195135162.51699999, 
        "23": 320208963.46899998, 
        "24": 236661768.40000001, 
        "25": 332134523.75400001, 
        "26": 205881354.87200001, 
        "27": 213774612.67300001, 
        "28": 284215698.74299997, 
        "29": 279483631.72299999, 
        "30": 239169246.245, 
        "31": 146266670.60699999, 
        "32": 258439465.222, 
        "33": 139307582.257, 
        "34": 139016842.46900001, 
        "35": 195199050.785, 
        "36": 165055750.78299999, 
        "37": 314637500.85500002, 
        "38": 173712377.801, 
        "39": 166131318.90099999, 
        "40": 140838858.92199999, 
        "41": 226445043.002, 
        "42": 195159010.498, 
        "43": 148434521.51199999, 
        "44": 113304894.403, 
        "45": 239197969.58899999, 
        "46": 198660817.54699999, 
        "47": 157617834.965, 
        "48": 131678633.358, 
        "49": 97121411.366999999, 
        "50": 126180944.219, 
        "51": 250730240.96599999, 
        "52": 257747615.06400001, 
        "53": 379751344.51099998, 
        "54": 159844390.26199999, 
        "55": 254493378.461, 
        "56": 164472622.64300001, 
        "57": 318896121.92000002, 
        "58": 338306326.07999998, 
        "59": 278957059.64399999, 
        "60": 210989283.05599999, 
        "61": 136203433.21900001, 
        "62": 183102822.58899999, 
        "63": 291745162.13, 
        "64": 120653381.346, 
        "65": 181456132.66299999, 
        "66": 133825793.30400001, 
        "67": 151809720.639, 
        "68": 128745946.35699999, 
        "69": 115039628.266, 
        "70": 104584351.427, 
        "71": 164895257.27500001, 
        "72": 182048842.264, 
        "73": 173757397.609, 
        "74": 213635226.20899999, 
        "75": 237012659.84599999, 
        "76": 108611996.75, 
        "77": 333754740.49699998, 
        "78": 201279516.46599999, 
        "79": 130631857.85699999, 
        "80": 295172521.73400003, 
        "81": 174884130.836, 
        "82": 157044922.38699999, 
        "83": 87052939.106999993, 
        "84": 106576589.212, 
        "85": 225892880.579, 
        "86": 293921939.87599999, 
        "87": 185347653.11300001, 
        "88": 240085852.90900001, 
        "89": 256497745.60699999, 
        "90": 230930545.366, 
        "91": 103118038.162, 
        "92": 112310107.233, 
        "93": 106068359.671, 
        "94": 220037115.40099999, 
        "95": 372475780.02700001, 
        "96": 197515941.822, 
        "97": 122921728.13699999, 
        "98": 110670639.866, 
        "99": 173903214.41
    }, 
    "averaged_NPV": 200222409.71750998
}