{
    "std": 72971018.244463429, 
    "raw_results": {
        "0": 433709318.67900002, 
        "1": 278807255.903, 
        "2": 238275029.132, 
        "3": 178959350.18200001, 
        "4": 197849013.28799999, 
        "5": 208943969.89300001, 
        "6": 194679129.05000001, 
        "7": 184324506.33000001, 
        "8": 153124408.37099999, 
        "9": 77169667.476999998, 
        "10": 142524332.00999999, 
        "11": 166489378.51499999, 
        "12": 111022756.582, 
        "13": 161164724.597, 
        "14": 165875273.028, 
        "15": 373158494.66000003, 
        "16": 217730412.87400001, 
        "17": 255442596.72099999, 
        "18": 215544497.41, 
        "19": 204172655.88100001, 
        "20": 211272555.18900001, 
        "21": 147937930.87200001, 
        "22": 192380548.98899999, 
        "23": 315014628.824, 
        "24": 233647687.69499999, 
        "25": 327966917.41799998, 
        "26": 206973604.741, 
        "27": 209360521.40000001, 
        "28": 280811194.91399997, 
        "29": 276875823.00400001, 
        "30": 235533783.56200001, 
        "31": 144364329.69299999, 
        "32": 255505823.236, 
        "33": 138117209.882, 
        "34": 134114514.72400001, 
        "35": 195056917.54800001, 
        "36": 164894845.942, 
        "37": 311107765.62599999, 
        "38": 171265037.57800001, 
        "39": 162823466.17699999, 
        "40": 140426271.83399999, 
        "41": 223291335.25600001, 
        "42": 194147209.39500001, 
        "43": 146572157.521, 
        "44": 112020849.767, 
        "45": 236038000.55399999, 
        "46": 198470221.62400001, 
        "47": 154236360.035, 
        "48": 129258772.69, 
        "49": 93304196.454999998, 
        "50": 123543708.587, 
        "51": 247006181.58899999, 
        "52": 254217557.00400001, 
        "53": 383963381.62599999, 
        "54": 155414947.74700001, 
        "55": 251754594.12799999, 
        "56": 161208144.824, 
        "57": 315380685.287, 
        "58": 335213678.176, 
        "59": 273466846.01300001, 
        "60": 206999365.236, 
        "61": 134632869.68399999, 
        "62": 182645968.824, 
        "63": 287852041.35000002, 
        "64": 117665874.949, 
        "65": 176722309.66800001, 
        "66": 130862617.921, 
        "67": 147269779.11000001, 
        "68": 126687537.09900001, 
        "69": 112484471.339, 
        "70": 101196854.74600001, 
        "71": 160787644.84900001, 
        "72": 181324796.95500001, 
        "73": 172890176.78799999, 
        "74": 210872815.021, 
        "75": 232993683.16499999, 
        "76": 106280124.105, 
        "77": 329580346.10600001, 
        "78": 197869963.764, 
        "79": 128178972.707, 
        "80": 291487332.73900002, 
        "81": 170933242.574, 
        "82": 154731073.59, 
        "83": 84614462.675999999, 
        "84": 103691358.141, 
        "85": 222184996.634, 
        "86": 288426251.30900002, 
        "87": 184710622.296, 
        "88": 236710135.95100001, 
        "89": 253557876.141, 
        "90": 227808396.03400001, 
        "91": 100589488.33, 
        "92": 110573277.455, 
        "93": 102579432.023, 
        "94": 216651074.039, 
        "95": 368228386.54100001, 
        "96": 197081210.949, 
        "97": 119143634.774, 
        "98": 107724591.353, 
        "99": 169813927.63999999
    }, 
    "averaged_NPV": 197599659.62284017
}