{
    "std": 72998110.743950784, 
    "raw_results": {
        "0": 434733318.66399997, 
        "1": 279867743.76999998, 
        "2": 239774809.02000001, 
        "3": 180311396.07300001, 
        "4": 202407852.07100001, 
        "5": 210242184.27900001, 
        "6": 196016174.90400001, 
        "7": 185455489.17899999, 
        "8": 153979248.63999999, 
        "9": 77818981.958000004, 
        "10": 143119114.11199999, 
        "11": 167676120.59200001, 
        "12": 112242772.046, 
        "13": 164849994.77000001, 
        "14": 166979219.39899999, 
        "15": 373912720.64700001, 
        "16": 218987835.26300001, 
        "17": 256548649.958, 
        "18": 216690692.456, 
        "19": 205334838.005, 
        "20": 212196400.21900001, 
        "21": 149050230.78400001, 
        "22": 193356232.917, 
        "23": 316248954.847, 
        "24": 234783525.19299999, 
        "25": 328894464.71100003, 
        "26": 208385458.498, 
        "27": 210655665.94600001, 
        "28": 282130736.76700002, 
        "29": 277466122.73199999, 
        "30": 236929179.99900001, 
        "31": 145127118.72799999, 
        "32": 256371564.24200001, 
        "33": 138990354.972, 
        "34": 135607753.94, 
        "35": 196591492.11000001, 
        "36": 165987646.68200001, 
        "37": 312317531.06099999, 
        "38": 172618654.33700001, 
        "39": 163976081.62, 
        "40": 141359736.41499999, 
        "41": 224406353.546, 
        "42": 195213753.96200001, 
        "43": 147618258.59, 
        "44": 112671346.33499999, 
        "45": 237218150.92399999, 
        "46": 199824932.58399999, 
        "47": 155339983.27000001, 
        "48": 129963097.426, 
        "49": 94862648.621999994, 
        "50": 124401242.63, 
        "51": 248580655.79800001, 
        "52": 255675177.93099999, 
        "53": 384866948.49900001, 
        "54": 156688666.84900001, 
        "55": 252870882.75099999, 
        "56": 162632968.73899999, 
        "57": 316884668.23799998, 
        "58": 336410234.38800001, 
        "59": 274826365.65899998, 
        "60": 208335547.15700001, 
        "61": 135865668.65700001, 
        "62": 183997240.581, 
        "63": 289656247.85100001, 
        "64": 118277918.29000001, 
        "65": 178180559.28200001, 
        "66": 131910251.23899999, 
        "67": 150887016.16499999, 
        "68": 127442611.27599999, 
        "69": 113432147.182, 
        "70": 102259799.40000001, 
        "71": 162085241.37599999, 
        "72": 182568906.94499999, 
        "73": 174245117.21900001, 
        "74": 211814369.729, 
        "75": 234319707.12900001, 
        "76": 107777323.583, 
        "77": 330636556.29500002, 
        "78": 199223488.646, 
        "79": 129178061.892, 
        "80": 292967884.88, 
        "81": 172138373.21399999, 
        "82": 156091719.824, 
        "83": 85425905.434, 
        "84": 104793009.08400001, 
        "85": 223887123.583, 
        "86": 289718613.57800001, 
        "87": 185666398.42399999, 
        "88": 238046298.53299999, 
        "89": 254566758.405, 
        "90": 228903967.29499999, 
        "91": 101629384.76899999, 
        "92": 111266945.478, 
        "93": 103475513.74699999, 
        "94": 218195904.28999999, 
        "95": 369133943.59600002, 
        "96": 198865045.57499999, 
        "97": 119843306.324, 
        "98": 108318775.227, 
        "99": 171124878.39199999
    }, 
    "averaged_NPV": 198831039.28812999
}