{
    "std": 72429683.893869638, 
    "raw_results": {
        "0": 423192328.25, 
        "1": 280467996.53299999, 
        "2": 240875417.26300001, 
        "3": 181161221.31900001, 
        "4": 203258497.03299999, 
        "5": 211066034.715, 
        "6": 196590112.32499999, 
        "7": 186466935.604, 
        "8": 154702186.734, 
        "9": 79097567.288000003, 
        "10": 144197573.45199999, 
        "11": 168653921.794, 
        "12": 113186423.741, 
        "13": 165938334.259, 
        "14": 167427033.32499999, 
        "15": 377636212.80599999, 
        "16": 219568305.49599999, 
        "17": 257341288.45300001, 
        "18": 217638886.26499999, 
        "19": 206287671.59099999, 
        "20": 213352495.389, 
        "21": 149889001.97099999, 
        "22": 194136747.01199999, 
        "23": 318384936.03799999, 
        "24": 235714860.921, 
        "25": 330471157.75800002, 
        "26": 209280451.73500001, 
        "27": 211398069.745, 
        "28": 282789527.12099999, 
        "29": 278478647.84799999, 
        "30": 238019316.05700001, 
        "31": 145738454.20100001, 
        "32": 257120934.84999999, 
        "33": 139832264.25799999, 
        "34": 136391051.62, 
        "35": 197684845.12900001, 
        "36": 166702090.736, 
        "37": 313126312.88800001, 
        "38": 173838031.20699999, 
        "39": 164924352.73100001, 
        "40": 143060739.699, 
        "41": 224972645.595, 
        "42": 196283465.91299999, 
        "43": 151695255.01699999, 
        "44": 113778753.449, 
        "45": 237588819.44299999, 
        "46": 200966547.59, 
        "47": 156413367.079, 
        "48": 130823293.105, 
        "49": 95030002.510000005, 
        "50": 125398642.92399999, 
        "51": 249249130.995, 
        "52": 256169366.38600001, 
        "53": 376801025.68199998, 
        "54": 157694745.5, 
        "55": 253893185.373, 
        "56": 163519778.41299999, 
        "57": 317162852.78500003, 
        "58": 337628632.20300001, 
        "59": 277347097.85699999, 
        "60": 209331722.046, 
        "61": 136760331.59099999, 
        "62": 185042769.88499999, 
        "63": 290373125.80199999, 
        "64": 119235064.757, 
        "65": 179496128.264, 
        "66": 132760854.082, 
        "67": 151819389.04800001, 
        "68": 128841605.71600001, 
        "69": 114423143.79099999, 
        "70": 103246578.273, 
        "71": 162444860.83899999, 
        "72": 183444930.995, 
        "73": 175463310.023, 
        "74": 212771836.815, 
        "75": 234993206.398, 
        "76": 108688255.932, 
        "77": 330976967.34200001, 
        "78": 200150687.833, 
        "79": 131828027.99699999, 
        "80": 294054084.85100001, 
        "81": 172980896.12, 
        "82": 156753209.507, 
        "83": 86139503.781000003, 
        "84": 105961814.81200001, 
        "85": 224687340.007, 
        "86": 291385726.708, 
        "87": 186721362.43700001, 
        "88": 238381460.984, 
        "89": 255248749.53299999, 
        "90": 229493152.03799999, 
        "91": 102316920.309, 
        "92": 112315598.43799999, 
        "93": 104681844.289, 
        "94": 218863459.338, 
        "95": 370731821.69199997, 
        "96": 200425157.792, 
        "97": 121080013.958, 
        "98": 109534008.44, 
        "99": 172198117.65599999
    }, 
    "averaged_NPV": 199635518.85098004
}