{
    "std": 72936831.204151884, 
    "raw_results": {
        "0": 433402410.505, 
        "1": 282842370.60100001, 
        "2": 242143544.28600001, 
        "3": 181283773.56299999, 
        "4": 204576025.713, 
        "5": 211345500.93599999, 
        "6": 198585572.52500001, 
        "7": 186026375.118, 
        "8": 155915545.16800001, 
        "9": 81130759.322999999, 
        "10": 145852695.53600001, 
        "11": 171579324.25999999, 
        "12": 115362180.845, 
        "13": 167665322.405, 
        "14": 168406907.19100001, 
        "15": 381365957.574, 
        "16": 218917681.16100001, 
        "17": 259576137.62599999, 
        "18": 218896247.46799999, 
        "19": 205133172.567, 
        "20": 212456494.289, 
        "21": 152159901.16100001, 
        "22": 192223433.59200001, 
        "23": 321813544.59600002, 
        "24": 234643471.567, 
        "25": 332670340.26800001, 
        "26": 207105308.24900001, 
        "27": 211074040.921, 
        "28": 285496452.79900002, 
        "29": 280141522.50800002, 
        "30": 236185478.139, 
        "31": 147773882.71599999, 
        "32": 259235702.77500001, 
        "33": 140973699.29699999, 
        "34": 138875969.92899999, 
        "35": 198087382.39500001, 
        "36": 167051474.31999999, 
        "37": 315669466.67699999, 
        "38": 176233798.271, 
        "39": 167095202.56799999, 
        "40": 146479220.597, 
        "41": 227529849.14899999, 
        "42": 196313580.26300001, 
        "43": 151317177.67699999, 
        "44": 114917087.634, 
        "45": 240099521.24200001, 
        "46": 202208052.97299999, 
        "47": 159188131.17899999, 
        "48": 133239982.48800001, 
        "49": 97606390.017000005, 
        "50": 127670878.301, 
        "51": 252886200.64500001, 
        "52": 258759589.5, 
        "53": 384427311.90100002, 
        "54": 158243958.523, 
        "55": 255267804.38999999, 
        "56": 166137865.24599999, 
        "57": 319529083.24900001, 
        "58": 339698292.97500002, 
        "59": 279709557.63499999, 
        "60": 210764461.523, 
        "61": 138922592.535, 
        "62": 186739906.34, 
        "63": 292933914.495, 
        "64": 122454113.25399999, 
        "65": 184545419.44, 
        "66": 135142670.82800001, 
        "67": 152750667.45699999, 
        "68": 129353152.491, 
        "69": 117473821.685, 
        "70": 105472474.07700001, 
        "71": 166424772.76499999, 
        "72": 183743066.70699999, 
        "73": 176971581.55000001, 
        "74": 214410871.088, 
        "75": 233690033.37099999, 
        "76": 110746317.10699999, 
        "77": 334562912.44499999, 
        "78": 202028809.44499999, 
        "79": 132501302.25300001, 
        "80": 296825344.48199999, 
        "81": 177042402.56900001, 
        "82": 158344128.53600001, 
        "83": 88241495.430999994, 
        "84": 107196606.33499999, 
        "85": 225072378.40099999, 
        "86": 288292691.48699999, 
        "87": 186551784.80399999, 
        "88": 240772409.176, 
        "89": 257020617.19800001, 
        "90": 231959882.53999999, 
        "91": 103289988.92299999, 
        "92": 114637491.031, 
        "93": 106479769.23999999, 
        "94": 217910651.63800001, 
        "95": 375925202.102, 
        "96": 197964214.764, 
        "97": 122734368.581, 
        "98": 112338826.292, 
        "99": 176143194.046
    }, 
    "averaged_NPV": 201345799.15424007
}