{
    "std": 72554601.924878955, 
    "raw_results": {
        "0": 428884593.88599998, 
        "1": 282049995.44099998, 
        "2": 242318275.17399999, 
        "3": 182610370.308, 
        "4": 202130329.60100001, 
        "5": 212444939.80199999, 
        "6": 195383627.861, 
        "7": 187803837.458, 
        "8": 157859447.25, 
        "9": 81710433.277999997, 
        "10": 147065928.836, 
        "11": 170086171.80000001, 
        "12": 114981431.288, 
        "13": 165634550.00299999, 
        "14": 168855995.90700001, 
        "15": 380791138.38800001, 
        "16": 220917272.921, 
        "17": 258728633.222, 
        "18": 219691590.354, 
        "19": 207495842.03400001, 
        "20": 215657980.99700001, 
        "21": 154221212.85100001, 
        "22": 195404694.54699999, 
        "23": 320221666.52200001, 
        "24": 237150082.796, 
        "25": 332134523.75400001, 
        "26": 210594304.78400001, 
        "27": 212702362.90000001, 
        "28": 284233494.93699998, 
        "29": 279496243.26700002, 
        "30": 239242199.421, 
        "31": 148782014.995, 
        "32": 258450575.28600001, 
        "33": 141820335.05500001, 
        "34": 139213856.005, 
        "35": 198918637.28400001, 
        "36": 168287533.98199999, 
        "37": 314637500.85500002, 
        "38": 173693239.70699999, 
        "39": 166748011.05199999, 
        "40": 146374733.15000001, 
        "41": 226445043.002, 
        "42": 197465084.39899999, 
        "43": 151876969.632, 
        "44": 116523962.877, 
        "45": 239217876.97400001, 
        "46": 199057462.995, 
        "47": 160285774.333, 
        "48": 134955450.94400001, 
        "49": 97763438.516000003, 
        "50": 128070160.138, 
        "51": 250746182.24200001, 
        "52": 257747615.06400001, 
        "53": 381948806.33399999, 
        "54": 159456540.80199999, 
        "55": 254621724.19, 
        "56": 165215324.53099999, 
        "57": 318896121.92000002, 
        "58": 338354560.68099999, 
        "59": 279007744.93300003, 
        "60": 210605161.84400001, 
        "61": 139029276.17500001, 
        "62": 186546511.403, 
        "63": 291745162.13, 
        "64": 120467269.471, 
        "65": 181635711.63600001, 
        "66": 134229207.14899999, 
        "67": 151933018.91999999, 
        "68": 130626198.53399999, 
        "69": 115396348.897, 
        "70": 106837314.162, 
        "71": 164647819.12599999, 
        "72": 184646776.912, 
        "73": 176747774.748, 
        "74": 213766936.20500001, 
        "75": 236353907.271, 
        "76": 110280820.919, 
        "77": 333754740.49699998, 
        "78": 201365282.382, 
        "79": 132005748.16599999, 
        "80": 295187832.26200002, 
        "81": 174687502.586, 
        "82": 157443913.46700001, 
        "83": 88701726.474999994, 
        "84": 107225992.285, 
        "85": 225923650.204, 
        "86": 293288147.12800002, 
        "87": 189695882.27700001, 
        "88": 240101906.17300001, 
        "89": 256509615.28200001, 
        "90": 230982257.831, 
        "91": 103423907.692, 
        "92": 115092914.443, 
        "93": 106787160.426, 
        "94": 220075161.28600001, 
        "95": 374341542.37599999, 
        "96": 198315584.33199999, 
        "97": 121925017.66599999, 
        "98": 110502825.43799999, 
        "99": 174251192.331
    }, 
    "averaged_NPV": 201301701.71973008
}