{
    "std": 72868740.770109892, 
    "raw_results": {
        "0": 428723446.71899998, 
        "1": 281965344.16100001, 
        "2": 240116254.88, 
        "3": 182562186.99900001, 
        "4": 201176756.574, 
        "5": 212934448.167, 
        "6": 196550544.92699999, 
        "7": 184888917.91600001, 
        "8": 154180806.90000001, 
        "9": 80425730.037, 
        "10": 144793181.71700001, 
        "11": 169786821.741, 
        "12": 114277747.87899999, 
        "13": 165793762.67199999, 
        "14": 169059062.09900001, 
        "15": 380683785.023, 
        "16": 220708151.081, 
        "17": 258584602.71900001, 
        "18": 216871568.04499999, 
        "19": 206839114.405, 
        "20": 210211192.653, 
        "21": 150721557.18799999, 
        "22": 195170549.59799999, 
        "23": 319846055.78899997, 
        "24": 236894350.30399999, 
        "25": 332061680.24800003, 
        "26": 210502154.50400001, 
        "27": 212888168.79300001, 
        "28": 284081657.18300003, 
        "29": 279399096.21499997, 
        "30": 239128482.78999999, 
        "31": 146573925.13999999, 
        "32": 258308697.38299999, 
        "33": 141954660.14899999, 
        "34": 137325829.17899999, 
        "35": 198747591.447, 
        "36": 164543651.56999999, 
        "37": 314490455.801, 
        "38": 174577610.74900001, 
        "39": 165871628.664, 
        "40": 144343775.03600001, 
        "41": 226283947.794, 
        "42": 195388206.456, 
        "43": 149486285.32800001, 
        "44": 113623721.848, 
        "45": 239112345.169, 
        "46": 199635133.33199999, 
        "47": 157250970.66499999, 
        "48": 132067398.609, 
        "49": 96103457.875, 
        "50": 126191543.26899999, 
        "51": 250655058.17699999, 
        "52": 257680963.803, 
        "53": 381784300.52600002, 
        "54": 159620804.50400001, 
        "55": 254348250.56900001, 
        "56": 164666122.42899999, 
        "57": 318906535.71200001, 
        "58": 338002148.35299999, 
        "59": 278863931.87099999, 
        "60": 208452622.12599999, 
        "61": 136491033.509, 
        "62": 184462903.03400001, 
        "63": 291575348.86699998, 
        "64": 121048623.876, 
        "65": 181344931.998, 
        "66": 134047436.368, 
        "67": 151209112.84799999, 
        "68": 128224012.043, 
        "69": 116208871.59100001, 
        "70": 104476495.315, 
        "71": 164320144.74900001, 
        "72": 184748460.68700001, 
        "73": 175100589.551, 
        "74": 213578296.903, 
        "75": 237547903.97799999, 
        "76": 109023287.43799999, 
        "77": 333717367.00300002, 
        "78": 201266196.39399999, 
        "79": 131294609.8, 
        "80": 294833790.16299999, 
        "81": 174849610.611, 
        "82": 157050392.77200001, 
        "83": 87398081.694000006, 
        "84": 107080301.642, 
        "85": 222400932.09799999, 
        "86": 285744002.33600003, 
        "87": 184712042.10499999, 
        "88": 239850895.896, 
        "89": 256541211.38499999, 
        "90": 230792116.52000001, 
        "91": 102162695.36, 
        "92": 113395946.382, 
        "93": 105480589.942, 
        "94": 219716622.072, 
        "95": 374277768.171, 
        "96": 199489673.289, 
        "97": 121466913.22, 
        "98": 110665200.852, 
        "99": 174135328.62200001
    }, 
    "averaged_NPV": 200384184.94543004
}