{
    "std": 72243603.464358538, 
    "raw_results": {
        "0": 423588344.35500002, 
        "1": 281110347.44499999, 
        "2": 241922634.54300001, 
        "3": 181955782.278, 
        "4": 200820181.93399999, 
        "5": 211655581.051, 
        "6": 195445313.84900001, 
        "7": 187878341.01699999, 
        "8": 156740854.55599999, 
        "9": 79910563.787, 
        "10": 144600696.27000001, 
        "11": 169167388.06600001, 
        "12": 114120912.609, 
        "13": 165042906.70100001, 
        "14": 167884114.28600001, 
        "15": 377858872.54699999, 
        "16": 219884923.80899999, 
        "17": 257657935.26199999, 
        "18": 214791209.59200001, 
        "19": 206457987.99599999, 
        "20": 214659335.77900001, 
        "21": 150772981.63600001, 
        "22": 194385176.361, 
        "23": 318693490.33999997, 
        "24": 235921083.183, 
        "25": 330845574.58899999, 
        "26": 209730871.38, 
        "27": 211718165.199, 
        "28": 283345464.72399998, 
        "29": 278859234.63099998, 
        "30": 238345693.979, 
        "31": 149151199.43399999, 
        "32": 257465730.84099999, 
        "33": 141468912.21399999, 
        "34": 138220537.24399999, 
        "35": 197920713.583, 
        "36": 167464472.81600001, 
        "37": 313655872.14999998, 
        "38": 173597914.65799999, 
        "39": 165951249.85499999, 
        "40": 143287115.833, 
        "41": 225392343.97499999, 
        "42": 197971789.89199999, 
        "43": 151405687.22499999, 
        "44": 116351291.994, 
        "45": 238162656.44, 
        "46": 197840033.947, 
        "47": 156899105.801, 
        "48": 133868429.302, 
        "49": 96647199.092999995, 
        "50": 126991278.123, 
        "51": 249807318.245, 
        "52": 256769685.53299999, 
        "53": 376849817.04799998, 
        "54": 158561616.70300001, 
        "55": 254081001.896, 
        "56": 164171625.34900001, 
        "57": 318255612.55199999, 
        "58": 337804895.15700001, 
        "59": 277699588.80400002, 
        "60": 209611475.33500001, 
        "61": 137933365.058, 
        "62": 181924181.88600001, 
        "63": 291008109.61400002, 
        "64": 120201450.87199999, 
        "65": 180850708.76199999, 
        "66": 133547485.693, 
        "67": 150809817.38100001, 
        "68": 130270392.79799999, 
        "69": 114817720.257, 
        "70": 105947883.936, 
        "71": 163681971.745, 
        "72": 183818918.79800001, 
        "73": 172708834.08899999, 
        "74": 213043494.48300001, 
        "75": 235513196.64700001, 
        "76": 109358116.05400001, 
        "77": 331732881.63300002, 
        "78": 200407365.94, 
        "79": 130905344.566, 
        "80": 294330230.51300001, 
        "81": 173475984.59200001, 
        "82": 156374361.426, 
        "83": 86864020.581, 
        "84": 106324350.78, 
        "85": 224857227.36199999, 
        "86": 293740003.19800001, 
        "87": 189484603.36899999, 
        "88": 238954829.285, 
        "89": 255893047.368, 
        "90": 230007831.375, 
        "91": 102776609.108, 
        "92": 114495798.396, 
        "93": 105751813.23999999, 
        "94": 219089712.185, 
        "95": 371128243.39099997, 
        "96": 197646189.354, 
        "97": 122267045.508, 
        "98": 109674196.87800001, 
        "99": 173061282.502
    }, 
    "averaged_NPV": 200137767.55419007
}