{
    "std": 72614179.476112962, 
    "raw_results": {
        "0": 426276000.67199999, 
        "1": 277537305.66900003, 
        "2": 236966844.96599999, 
        "3": 178424945.42699999, 
        "4": 196911504.301, 
        "5": 208617417.04699999, 
        "6": 193471260.5, 
        "7": 184102500.78799999, 
        "8": 148062295.49599999, 
        "9": 76328030.356999993, 
        "10": 139359689.46000001, 
        "11": 165681762.03299999, 
        "12": 110197422.55599999, 
        "13": 160382950.171, 
        "14": 165010873.192, 
        "15": 377424920.92400002, 
        "16": 216995096.45300001, 
        "17": 254335004.91100001, 
        "18": 214749334.11000001, 
        "19": 203284051.02700001, 
        "20": 210339402.07800001, 
        "21": 147210235.097, 
        "22": 191281372.87900001, 
        "23": 313082533.06300002, 
        "24": 232383337.46799999, 
        "25": 324234501.66100001, 
        "26": 206206522.245, 
        "27": 208502006.03299999, 
        "28": 279847727.84899998, 
        "29": 272724863.42299998, 
        "30": 234631151.28, 
        "31": 143638647.905, 
        "32": 253375852.51800001, 
        "33": 136976875.24000001, 
        "34": 133172281.296, 
        "35": 194226211.248, 
        "36": 163977658.98699999, 
        "37": 309546591.13599998, 
        "38": 167743165.67500001, 
        "39": 162386233.081, 
        "40": 139326866.079, 
        "41": 222162077.34299999, 
        "42": 193545570.09400001, 
        "43": 146246232.34400001, 
        "44": 111739595.483, 
        "45": 235014210.98800001, 
        "46": 197334680.10699999, 
        "47": 153432578.41, 
        "48": 127554165.699, 
        "49": 91582143.490999997, 
        "50": 122048357.546, 
        "51": 246170977.34799999, 
        "52": 253274621.58399999, 
        "53": 382009854.384, 
        "54": 154655060.85600001, 
        "55": 250142154.56200001, 
        "56": 160540857.11700001, 
        "57": 313146162.78799999, 
        "58": 331019060.33700001, 
        "59": 272121570.26700002, 
        "60": 205989047.773, 
        "61": 133511412.833, 
        "62": 181701053.02900001, 
        "63": 287052276.315, 
        "64": 116757232.435, 
        "65": 175670240.877, 
        "66": 130300672.193, 
        "67": 146552542.54899999, 
        "68": 123652930.208, 
        "69": 111673137.34999999, 
        "70": 101397705.785, 
        "71": 160109083.17300001, 
        "72": 180672069.63999999, 
        "73": 171905584.07499999, 
        "74": 208760390.877, 
        "75": 232143730.56600001, 
        "76": 104170794.87199999, 
        "77": 325997029.67500001, 
        "78": 197066306.62, 
        "79": 127058275.486, 
        "80": 290509641.80199999, 
        "81": 169968325.722, 
        "82": 152327173.89199999, 
        "83": 82530988.079999998, 
        "84": 102208351.74699999, 
        "85": 221608645.368, 
        "86": 285229505.12599999, 
        "87": 184088952.96799999, 
        "88": 235724122.53600001, 
        "89": 250641811.05199999, 
        "90": 226679016.51800001, 
        "91": 98267175.849000007, 
        "92": 110020914.15000001, 
        "93": 101388793.918, 
        "94": 216084865.428, 
        "95": 364953730.27100003, 
        "96": 195834616.05599999, 
        "97": 118679809.884, 
        "98": 106942270.73100001, 
        "99": 169150601.06299999
    }, 
    "averaged_NPV": 196276540.05541
}