{
    "std": 72560889.635539398, 
    "raw_results": {
        "0": 426459332.70999998, 
        "1": 278111773.884, 
        "2": 234893909.521, 
        "3": 174793661.375, 
        "4": 196770092.12, 
        "5": 205818906.95899999, 
        "6": 192418469.36000001, 
        "7": 181729019.88299999, 
        "8": 150621336.664, 
        "9": 76744971.328999996, 
        "10": 140977433.315, 
        "11": 165823433.141, 
        "12": 110814087.926, 
        "13": 162232275.09799999, 
        "14": 163373514.93099999, 
        "15": 377504833.19599998, 
        "16": 216912004.15900001, 
        "17": 254380772.43700001, 
        "18": 211689704.25400001, 
        "19": 203096245.81099999, 
        "20": 205944221.13800001, 
        "21": 147108831.98199999, 
        "22": 191397366.493, 
        "23": 313173224.72799999, 
        "24": 232697159.47499999, 
        "25": 324557367.26099998, 
        "26": 206947469.04699999, 
        "27": 208665639.52500001, 
        "28": 280005779.35699999, 
        "29": 273171034.36900002, 
        "30": 234933376.98899999, 
        "31": 143721980.94800001, 
        "32": 253709628.26199999, 
        "33": 135689863.433, 
        "34": 133140202.934, 
        "35": 194413360.322, 
        "36": 160575069.72299999, 
        "37": 309417791.37400001, 
        "38": 170260062.84900001, 
        "39": 161757164.954, 
        "40": 141205621.75, 
        "41": 222518104.88100001, 
        "42": 191931519.68399999, 
        "43": 145880376.94299999, 
        "44": 111534106.502, 
        "45": 235416604.55000001, 
        "46": 195510003.42199999, 
        "47": 154219475.77200001, 
        "48": 127346863.963, 
        "49": 93033864.472000003, 
        "50": 122614404.56200001, 
        "51": 246646528.579, 
        "52": 253279548.07800001, 
        "53": 382280761.81199998, 
        "54": 155684210.47400001, 
        "55": 249797870.86700001, 
        "56": 160515002.87900001, 
        "57": 313888188.02100003, 
        "58": 330826213.176, 
        "59": 271929412.67299998, 
        "60": 204774817.919, 
        "61": 133898347.23199999, 
        "62": 180401323.30199999, 
        "63": 287230402.55800003, 
        "64": 115412927.565, 
        "65": 177465881.27700001, 
        "66": 130213615.927, 
        "67": 148130894.72600001, 
        "68": 124767082.67299999, 
        "69": 112536862.752, 
        "70": 101812080.358, 
        "71": 160326682.65599999, 
        "72": 180756423.294, 
        "73": 171293242.42500001, 
        "74": 208468315.442, 
        "75": 233960861.53, 
        "76": 105703725.77500001, 
        "77": 326542353.30000001, 
        "78": 196885411.97600001, 
        "79": 127612549.627, 
        "80": 290877803.81699997, 
        "81": 170868265.61700001, 
        "82": 153859915.352, 
        "83": 82871608.017000005, 
        "84": 103050326.69400001, 
        "85": 217984528.61700001, 
        "86": 289402783.95099998, 
        "87": 181662117.12200001, 
        "88": 236190410.243, 
        "89": 251140474.14700001, 
        "90": 226837177.176, 
        "91": 98610360.171000004, 
        "92": 110447349.015, 
        "93": 101230389.015, 
        "94": 215662451.641, 
        "95": 364697700.87699997, 
        "96": 195267956.579, 
        "97": 118136683.99600001, 
        "98": 107338186.705, 
        "99": 169937317.27599999
    }, 
    "averaged_NPV": 196267786.64638004
}