{
    "std": 72877954.480916992, 
    "raw_results": {
        "0": 434522754.09299999, 
        "1": 284162341.85500002, 
        "2": 243273925.273, 
        "3": 181980645.544, 
        "4": 205206399.40599999, 
        "5": 212793302.57100001, 
        "6": 199905677.99000001, 
        "7": 187388534.104, 
        "8": 156887147.88600001, 
        "9": 83355297.349999994, 
        "10": 147083972.78200001, 
        "11": 172670098.38299999, 
        "12": 116839298.476, 
        "13": 169001967.90799999, 
        "14": 169398142.21599999, 
        "15": 382651687.79500002, 
        "16": 219911813.222, 
        "17": 260833028.89399999, 
        "18": 220077212.484, 
        "19": 209644801.16100001, 
        "20": 213645937.757, 
        "21": 153684434.579, 
        "22": 193299084.85299999, 
        "23": 322933500.12300003, 
        "24": 235928085.89899999, 
        "25": 334142295.21200001, 
        "26": 208246887.838, 
        "27": 216173191.80199999, 
        "28": 286592025.884, 
        "29": 281389673.41900003, 
        "30": 237073639.296, 
        "31": 149457907.65700001, 
        "32": 260435688.86700001, 
        "33": 142064895.91600001, 
        "34": 139880803.914, 
        "35": 198589335.81, 
        "36": 168182451.06, 
        "37": 317064677.93599999, 
        "38": 177532405.15099999, 
        "39": 168225699.64199999, 
        "40": 147511203.26800001, 
        "41": 228550584.42300001, 
        "42": 197541308.963, 
        "43": 152544355.66800001, 
        "44": 116193655.97400001, 
        "45": 241213117.96000001, 
        "46": 202925026.252, 
        "47": 160395314.47600001, 
        "48": 137197587.68599999, 
        "49": 100084082.529, 
        "50": 128561079.583, 
        "51": 254072605.81, 
        "52": 259979033.46200001, 
        "53": 385675430.82800001, 
        "54": 159668313.93700001, 
        "55": 256553217.06600001, 
        "56": 166887272.47499999, 
        "57": 320864231.37199998, 
        "58": 341143019.412, 
        "59": 280585846.847, 
        "60": 211810526.03999999, 
        "61": 139976830.92300001, 
        "62": 188059298.93099999, 
        "63": 294114647.23199999, 
        "64": 123634926.70200001, 
        "65": 185564054.933, 
        "66": 136266183.41100001, 
        "67": 153004450.91800001, 
        "68": 132818142.014, 
        "69": 118555401.31200001, 
        "70": 106286511.899, 
        "71": 167556122.19499999, 
        "72": 184878282.567, 
        "73": 178203713.47099999, 
        "74": 215371330.15599999, 
        "75": 239399731.17399999, 
        "76": 111719518.04700001, 
        "77": 335959388.80800003, 
        "78": 203170756.15599999, 
        "79": 133898395.771, 
        "80": 298261813.26599997, 
        "81": 177916120.755, 
        "82": 159365453.09400001, 
        "83": 90166799.648000002, 
        "84": 109064943.021, 
        "85": 225297265.32100001, 
        "86": 289458496.61699998, 
        "87": 187628809.26100001, 
        "88": 241907785.197, 
        "89": 258218935.97799999, 
        "90": 232984583.16800001, 
        "91": 105225175.618, 
        "92": 115787059.211, 
        "93": 108758030.502, 
        "94": 217974849.26499999, 
        "95": 377234143.60299999, 
        "96": 204260268.69800001, 
        "97": 123845952.09199999, 
        "98": 113146832.867, 
        "99": 177326810.27200001
    }, 
    "averaged_NPV": 202743553.00112998
}