{
    "std": 72950924.318698451, 
    "raw_results": {
        "0": 433453721.87599999, 
        "1": 278000655.30599999, 
        "2": 237582470.132, 
        "3": 178314263.32699999, 
        "4": 197388031.24599999, 
        "5": 208930980.74399999, 
        "6": 194126300.833, 
        "7": 184399336.27900001, 
        "8": 152890941.76300001, 
        "9": 77280548.191, 
        "10": 140068671.15099999, 
        "11": 166137721.162, 
        "12": 110654943.969, 
        "13": 160864300.28999999, 
        "14": 165463082.31400001, 
        "15": 372710558.477, 
        "16": 217018850.69299999, 
        "17": 254508783.42699999, 
        "18": 214892363.81099999, 
        "19": 203496097.824, 
        "20": 210962330.95300001, 
        "21": 148169439.90000001, 
        "22": 191486491.97999999, 
        "23": 314787893.80599999, 
        "24": 232819319.12599999, 
        "25": 327559044.815, 
        "26": 206485746.78, 
        "27": 208758501.72799999, 
        "28": 280165828.16000003, 
        "29": 276188009.741, 
        "30": 234933671.664, 
        "31": 144040969.57800001, 
        "32": 254773117.64500001, 
        "33": 137578904.37099999, 
        "34": 133924108.56900001, 
        "35": 194679702.05599999, 
        "36": 164368468.329, 
        "37": 310786119.48000002, 
        "38": 170961314.42199999, 
        "39": 162271046.28099999, 
        "40": 139984803.183, 
        "41": 222439324.25600001, 
        "42": 194049659.683, 
        "43": 146743107.14700001, 
        "44": 112761683.478, 
        "45": 235221819.37200001, 
        "46": 197916440.66999999, 
        "47": 153786272.463, 
        "48": 128845972.62899999, 
        "49": 92475665.093999997, 
        "50": 123335415.88699999, 
        "51": 246475303.05000001, 
        "52": 253427648.43200001, 
        "53": 383637268.18900001, 
        "54": 155014811.41100001, 
        "55": 251334391.07100001, 
        "56": 160935827.83399999, 
        "57": 314976005.375, 
        "58": 334900984.847, 
        "59": 272936873.66399997, 
        "60": 206408115.845, 
        "61": 134428186.66499999, 
        "62": 182119360.17699999, 
        "63": 287365472.676, 
        "64": 117353643.825, 
        "65": 176406907.86300001, 
        "66": 130675229.2, 
        "67": 147070036.37900001, 
        "68": 124534018.603, 
        "69": 112280144.824, 
        "70": 101793749.47499999, 
        "71": 160206506.296, 
        "72": 180725256.528, 
        "73": 172403756.141, 
        "74": 210121531.514, 
        "75": 232665729.08899999, 
        "76": 105096084.928, 
        "77": 328731259.80199999, 
        "78": 197181955.08199999, 
        "79": 127903788.104, 
        "80": 291065099.597, 
        "81": 170285155.405, 
        "82": 152875375.73199999, 
        "83": 83420278.584000006, 
        "84": 102912591.583, 
        "85": 221896708.92399999, 
        "86": 288046728.43900001, 
        "87": 184893959.97099999, 
        "88": 235979302.97799999, 
        "89": 253149873.16999999, 
        "90": 226903204.77900001, 
        "91": 98932172.674999997, 
        "92": 111020749.287, 
        "93": 102251520.40899999, 
        "94": 216260630.15799999, 
        "95": 367883754.04100001, 
        "96": 196984807.10100001, 
        "97": 119264925.693, 
        "98": 107860194.15700001, 
        "99": 169408112.99000001
    }, 
    "averaged_NPV": 197118478.08623001
}