{
    "std": 72915643.818625376, 
    "raw_results": {
        "0": 434420458.09600002, 
        "1": 283762951.65200001, 
        "2": 241965136.64700001, 
        "3": 184517512.20100001, 
        "4": 203793701.68000001, 
        "5": 213728170.229, 
        "6": 198046608.48300001, 
        "7": 190177697.62599999, 
        "8": 155085838.73100001, 
        "9": 82785238.553000003, 
        "10": 146998631.66800001, 
        "11": 171649033.50999999, 
        "12": 116478354.388, 
        "13": 167619449.06299999, 
        "14": 170288287.43399999, 
        "15": 382431517.84299999, 
        "16": 222567134.722, 
        "17": 260354807.46000001, 
        "18": 222197476.84900001, 
        "19": 208991539.50600001, 
        "20": 217702710.65900001, 
        "21": 152831815.898, 
        "22": 196831608.986, 
        "23": 321636726.46899998, 
        "24": 238737280.71799999, 
        "25": 333863215.63200003, 
        "26": 211896516.68599999, 
        "27": 214036159.29499999, 
        "28": 286059978.89200002, 
        "29": 280822723.63, 
        "30": 240772233.324, 
        "31": 151267773.82699999, 
        "32": 259873300.47499999, 
        "33": 143443588.58899999, 
        "34": 141716195.83199999, 
        "35": 200548588.70100001, 
        "36": 166510958.17699999, 
        "37": 316782603.25099999, 
        "38": 175986942.336, 
        "39": 168092552.86300001, 
        "40": 147765977.72999999, 
        "41": 228138149.57800001, 
        "42": 196842900.47600001, 
        "43": 153761836.28799999, 
        "44": 118200406.03399999, 
        "45": 240837288.544, 
        "46": 200891635.94400001, 
        "47": 158984256.98500001, 
        "48": 136153352.127, 
        "49": 98890086.252000004, 
        "50": 129646282.288, 
        "51": 252416770.736, 
        "52": 259798520.266, 
        "53": 385283641.04799998, 
        "54": 161070921.65099999, 
        "55": 256433995.023, 
        "56": 166583867.14500001, 
        "57": 320482632.90600002, 
        "58": 340255869.30000001, 
        "59": 280607564.61000001, 
        "60": 213037149.72099999, 
        "61": 140361063.77500001, 
        "62": 184550885.70300001, 
        "63": 293732772.42199999, 
        "64": 122421466.638, 
        "65": 183411485.5, 
        "66": 135855442.08199999, 
        "67": 153336468.41800001, 
        "68": 132265304.17900001, 
        "69": 117059404.95100001, 
        "70": 108183051.56, 
        "71": 166017210.53999999, 
        "72": 186123337.82600001, 
        "73": 176925616.38299999, 
        "74": 215415197.308, 
        "75": 237771826.62599999, 
        "76": 111151307.12800001, 
        "77": 335482427.65200001, 
        "78": 203498827.89199999, 
        "79": 133145409.26899999, 
        "80": 296795305.15499997, 
        "81": 176196497.678, 
        "82": 158691479.16299999, 
        "83": 90088145.721000001, 
        "84": 108741369.454, 
        "85": 228190570.93099999, 
        "86": 297846915.91299999, 
        "87": 191673439.537, 
        "88": 241498261.23199999, 
        "89": 257829619.26199999, 
        "90": 232715115.37099999, 
        "91": 104974956.34299999, 
        "92": 116792177.265, 
        "93": 107867576.757, 
        "94": 222028590.81900001, 
        "95": 377176892.85900003, 
        "96": 201701234.77500001, 
        "97": 126179884.79000001, 
        "98": 112303415.51899999, 
        "99": 175531700.449
    }, 
    "averaged_NPV": 202848877.80078006
}