{
    "std": 72634218.306123421, 
    "raw_results": {
        "0": 434674162.29500002, 
        "1": 284931098.24699998, 
        "2": 244393004.377, 
        "3": 181933268.88299999, 
        "4": 205447902.704, 
        "5": 215935143.43599999, 
        "6": 200263437.38100001, 
        "7": 188102151.66999999, 
        "8": 157791081.773, 
        "9": 84007566.207000002, 
        "10": 148846552.037, 
        "11": 172815196.537, 
        "12": 117654040.05400001, 
        "13": 169329459.11199999, 
        "14": 172180252.63600001, 
        "15": 383135667.54799998, 
        "16": 223695368.54899999, 
        "17": 261574603.896, 
        "18": 220483270.49399999, 
        "19": 210208015.86000001, 
        "20": 213364537.59299999, 
        "21": 154737273.36000001, 
        "22": 198071489.27200001, 
        "23": 323234100.32800001, 
        "24": 240279425.08399999, 
        "25": 334688556.884, 
        "26": 213347357.229, 
        "27": 216354209.62599999, 
        "28": 287152413.17299998, 
        "29": 281726078.66500002, 
        "30": 243071365.461, 
        "31": 153835361.84, 
        "32": 261092768.80599999, 
        "33": 145518101.833, 
        "34": 142447041.146, 
        "35": 198225992.43099999, 
        "36": 168156885.41800001, 
        "37": 317717212.17799997, 
        "38": 178320290.78400001, 
        "39": 169220484.27700001, 
        "40": 148301890.641, 
        "41": 229393800.86000001, 
        "42": 198228443.241, 
        "43": 156301618.15599999, 
        "44": 119871088.87100001, 
        "45": 242036121.065, 
        "46": 203219734.23699999, 
        "47": 160566762.57100001, 
        "48": 137661115.27399999, 
        "49": 100375393.82099999, 
        "50": 131121716.851, 
        "51": 253505023.77200001, 
        "52": 260949199.84599999, 
        "53": 386034812.51800001, 
        "54": 162953805.11000001, 
        "55": 257069793.19299999, 
        "56": 167555809.16299999, 
        "57": 321322192.12699997, 
        "58": 340419221.52499998, 
        "59": 281291197.87800002, 
        "60": 211480334.99200001, 
        "61": 142938762.18200001, 
        "62": 188460412.55399999, 
        "63": 294841994.51899999, 
        "64": 123634125.712, 
        "65": 185937466.97400001, 
        "66": 136736385.296, 
        "67": 154737782.77700001, 
        "68": 133659182.676, 
        "69": 119160500.81299999, 
        "70": 109522250.2, 
        "71": 167249446.375, 
        "72": 184631842.044, 
        "73": 178913642.53, 
        "74": 216022195.167, 
        "75": 240398159.704, 
        "76": 112049508.23899999, 
        "77": 336700131.27999997, 
        "78": 204064889.64300001, 
        "79": 134500995.47400001, 
        "80": 298408418.81300002, 
        "81": 178793954.979, 
        "82": 160156856.88100001, 
        "83": 90888792.769999996, 
        "84": 110192765.839, 
        "85": 226167337.96200001, 
        "86": 288658649.05299997, 
        "87": 188013097.78099999, 
        "88": 242613112.95100001, 
        "89": 258719753.84299999, 
        "90": 233888047.69600001, 
        "91": 106215345.11300001, 
        "92": 116860606.15000001, 
        "93": 109244829.955, 
        "94": 223009244.079, 
        "95": 377891248.78100002, 
        "96": 204051800.00999999, 
        "97": 124692927.10699999, 
        "98": 113640094.74600001, 
        "99": 177497318.148
    }, 
    "averaged_NPV": 203813851.41611999
}