{
    "std": 72297434.871984646, 
    "raw_results": {
        "0": 423684871.54699999, 
        "1": 281384969.699, 
        "2": 239086612.13600001, 
        "3": 178657326.465, 
        "4": 201014944.66499999, 
        "5": 212507132.259, 
        "6": 196711403.854, 
        "7": 184800705.94299999, 
        "8": 154126895.39399999, 
        "9": 80866350.437000006, 
        "10": 144932257.50400001, 
        "11": 169404566.565, 
        "12": 114177829.13600001, 
        "13": 165636716.28799999, 
        "14": 168586370.30599999, 
        "15": 377924273.53899997, 
        "16": 220146842.12799999, 
        "17": 257851382.229, 
        "18": 215669504.995, 
        "19": 206809483.037, 
        "20": 214958060.84799999, 
        "21": 150694399.54100001, 
        "22": 194735509.778, 
        "23": 318835580.89300001, 
        "24": 236369283.447, 
        "25": 331011116.46799999, 
        "26": 210556156.95899999, 
        "27": 212077707.417, 
        "28": 283557526.82099998, 
        "29": 279005364.28399998, 
        "30": 238870493.373, 
        "31": 146828181.17300001, 
        "32": 257728241.421, 
        "33": 141892980.01899999, 
        "34": 137087356.41100001, 
        "35": 198120660.13699999, 
        "36": 164488876.62, 
        "37": 313783425.13499999, 
        "38": 174356994.234, 
        "39": 165774768.28799999, 
        "40": 143769306.484, 
        "41": 225649605.96200001, 
        "42": 195084174.255, 
        "43": 152681256.005, 
        "44": 114022239.463, 
        "45": 238433917.278, 
        "46": 199424330.45500001, 
        "47": 157100214.081, 
        "48": 131756417.991, 
        "49": 96443754.458000004, 
        "50": 126082862.329, 
        "51": 250248025.053, 
        "52": 256981943.91299999, 
        "53": 377383125.32499999, 
        "54": 159156244.62, 
        "55": 254332763.94800001, 
        "56": 164631060.99200001, 
        "57": 318335319.15499997, 
        "58": 337936030.31300002, 
        "59": 277930739.222, 
        "60": 208287260.553, 
        "61": 136651236.06299999, 
        "62": 182964523.86000001, 
        "63": 291197739.50599998, 
        "64": 120890612.081, 
        "65": 181724730.05500001, 
        "66": 133841132.83499999, 
        "67": 151187891.43900001, 
        "68": 128548331.5, 
        "69": 116045609.76899999, 
        "70": 104423575.148, 
        "71": 164071313.74700001, 
        "72": 183933788.838, 
        "73": 175425739.91100001, 
        "74": 213305011.24599999, 
        "75": 237387244.23199999, 
        "76": 109071906.92900001, 
        "77": 331763481.72600001, 
        "78": 201050126.48899999, 
        "79": 131069649.83, 
        "80": 294483484.16299999, 
        "81": 174469319.39500001, 
        "82": 156806807.104, 
        "83": 87239108.328999996, 
        "84": 107041504.822, 
        "85": 225495411.82800001, 
        "86": 285645051.91799998, 
        "87": 184946396.12099999, 
        "88": 239206980.801, 
        "89": 256105304.70500001, 
        "90": 230272588.477, 
        "91": 102135499.153, 
        "92": 113709726.625, 
        "93": 105381135.838, 
        "94": 219510371.86700001, 
        "95": 371065153.46799999, 
        "96": 199467686.38, 
        "97": 121479055.152, 
        "98": 110784622.962, 
        "99": 173803578.76699999
    }, 
    "averaged_NPV": 200039861.46327004
}