{
    "std": 72722751.770451486, 
    "raw_results": {
        "0": 434439425.74800003, 
        "1": 284263781.15499997, 
        "2": 243439447.47400001, 
        "3": 182250445.62599999, 
        "4": 205534846.09799999, 
        "5": 212826302.24000001, 
        "6": 200343538.206, 
        "7": 187586067.72400001, 
        "8": 157771227.44400001, 
        "9": 83800534.75, 
        "10": 147820954.27599999, 
        "11": 172919072.03200001, 
        "12": 117141752.42, 
        "13": 169210613.00600001, 
        "14": 171803211.28200001, 
        "15": 382616586.58200002, 
        "16": 220204122.07800001, 
        "17": 260916673.766, 
        "18": 220289709.322, 
        "19": 209841115.90799999, 
        "20": 213840684.396, 
        "21": 154652815.162, 
        "22": 193542744.39199999, 
        "23": 323080556.55699998, 
        "24": 236026054.17699999, 
        "25": 334248343.39999998, 
        "26": 208298678.86300001, 
        "27": 216346561.44600001, 
        "28": 286794023.45999998, 
        "29": 281290593.59200001, 
        "30": 237229542.06099999, 
        "31": 149938232.12900001, 
        "32": 260534719.433, 
        "33": 142255491.76199999, 
        "34": 141939768.26499999, 
        "35": 198775326.39399999, 
        "36": 168310271.90200001, 
        "37": 317125581.713, 
        "38": 178122951.45300001, 
        "39": 168475874.24200001, 
        "40": 147377849.86500001, 
        "41": 228776090.167, 
        "42": 197659487.125, 
        "43": 152860311.05500001, 
        "44": 116934155.697, 
        "45": 241378766.12799999, 
        "46": 203279417.56299999, 
        "47": 160604472.78799999, 
        "48": 137871021.058, 
        "49": 100315790.67299999, 
        "50": 129017101.19599999, 
        "51": 254160707.57499999, 
        "52": 260063539.61700001, 
        "53": 385850254.02499998, 
        "54": 160215859.48100001, 
        "55": 256758981.42500001, 
        "56": 167243317.01699999, 
        "57": 320958810.28100002, 
        "58": 341149059.185, 
        "59": 280780518.41299999, 
        "60": 212001643.78, 
        "61": 140157000.01699999, 
        "62": 188257562.17500001, 
        "63": 294314403.778, 
        "64": 124029219.897, 
        "65": 185979982.426, 
        "66": 136638169.69100001, 
        "67": 153572834.78, 
        "68": 133640424.125, 
        "69": 118953711.40000001, 
        "70": 106934961.501, 
        "71": 167994813.83000001, 
        "72": 185006583.75600001, 
        "73": 178466050.02200001, 
        "74": 215574822.42199999, 
        "75": 239463872.06900001, 
        "76": 112177099.712, 
        "77": 335991968.80900002, 
        "78": 203378091.565, 
        "79": 134369856.86500001, 
        "80": 298412360.315, 
        "81": 178153326.93099999, 
        "82": 159808195.921, 
        "83": 90645341.363000005, 
        "84": 109336860.508, 
        "85": 225468968.447, 
        "86": 289685800.40200001, 
        "87": 188416529.303, 
        "88": 242126329.56600001, 
        "89": 258410312.81, 
        "90": 233157022.50400001, 
        "91": 105514534.652, 
        "92": 116282409.35699999, 
        "93": 109383670.941, 
        "94": 218167527.75799999, 
        "95": 377250408.17699999, 
        "96": 204971227.757, 
        "97": 124010131.292, 
        "98": 113589022.448, 
        "99": 177779724.52700001
    }, 
    "averaged_NPV": 203065765.29869008
}