{
    "std": 72994365.228419542, 
    "raw_results": {
        "0": 431994219.19300002, 
        "1": 283468749.625, 
        "2": 241566546.86500001, 
        "3": 179874232.507, 
        "4": 202823704.63299999, 
        "5": 213660284.01100001, 
        "6": 197961687.421, 
        "7": 185983868.42399999, 
        "8": 154957084.37900001, 
        "9": 82359870.812999994, 
        "10": 145646723.05700001, 
        "11": 170529690.683, 
        "12": 115392705.839, 
        "13": 167010295.53799999, 
        "14": 170128388.815, 
        "15": 381848348.63599998, 
        "16": 221935421.45100001, 
        "17": 260121110.93099999, 
        "18": 217881886.79899999, 
        "19": 208331013.868, 
        "20": 216432204.183, 
        "21": 151646837.34099999, 
        "22": 196536793.178, 
        "23": 320697965.68900001, 
        "24": 238469231.586, 
        "25": 333082997.12900001, 
        "26": 211579190.81900001, 
        "27": 213093219.14500001, 
        "28": 285407636.75300002, 
        "29": 280586802.97799999, 
        "30": 240696095.05599999, 
        "31": 151055094.48300001, 
        "32": 259709565.375, 
        "33": 142770378.61000001, 
        "34": 138487029.99900001, 
        "35": 199322150.80199999, 
        "36": 165802793.62400001, 
        "37": 316209971.95300001, 
        "38": 175853236.065, 
        "39": 167238582.70500001, 
        "40": 144640413.759, 
        "41": 227935924.67300001, 
        "42": 196075850.42899999, 
        "43": 153169189.82800001, 
        "44": 114733939.42900001, 
        "45": 240571886.86000001, 
        "46": 200896640.55000001, 
        "47": 158587308.29300001, 
        "48": 135494393.14199999, 
        "49": 97715269.508000001, 
        "50": 127060102.877, 
        "51": 251932393.61899999, 
        "52": 259485148.37900001, 
        "53": 384573668.884, 
        "54": 160327909.05500001, 
        "55": 255588291.77599999, 
        "56": 165929420.873, 
        "57": 319995252.84200001, 
        "58": 338890616.41399997, 
        "59": 280048994.01800001, 
        "60": 209870814.604, 
        "61": 140042803.24399999, 
        "62": 184633802.22299999, 
        "63": 293069348.861, 
        "64": 121494917.29000001, 
        "65": 182580722.95100001, 
        "66": 135146354.64300001, 
        "67": 152392254.67399999, 
        "68": 131649032.491, 
        "69": 117032675.61300001, 
        "70": 105514542.191, 
        "71": 165264920.11399999, 
        "72": 185258207.514, 
        "73": 176440445.40400001, 
        "74": 214829676.81799999, 
        "75": 238652255.477, 
        "76": 109576118.56299999, 
        "77": 335294432.05000001, 
        "78": 202748381.88299999, 
        "79": 132215389.913, 
        "80": 295830250.34299999, 
        "81": 176006427.04499999, 
        "82": 158270029.366, 
        "83": 89118459.415999994, 
        "84": 108019701.941, 
        "85": 227362518.68599999, 
        "86": 287152455.92500001, 
        "87": 185648095.009, 
        "88": 241132517.31799999, 
        "89": 257273589.25, 
        "90": 232447427.77000001, 
        "91": 104169460.986, 
        "92": 114157149.281, 
        "93": 106161950.859, 
        "94": 221119273.54699999, 
        "95": 376577326.91399997, 
        "96": 200440524.16499999, 
        "97": 122228684.362, 
        "98": 111643171.706, 
        "99": 174866388.486
    }, 
    "averaged_NPV": 201751387.25065002
}