{
    "std": 72863223.917443335, 
    "raw_results": {
        "0": 426985564.48199999, 
        "1": 281064866.21799999, 
        "2": 241070141.19800001, 
        "3": 181178324.69999999, 
        "4": 203255248.963, 
        "5": 211309854.60600001, 
        "6": 197142712.29899999, 
        "7": 186426768.06200001, 
        "8": 154442032.47400001, 
        "9": 78907542.501000002, 
        "10": 144054760.46900001, 
        "11": 168583725.63699999, 
        "12": 113508775.384, 
        "13": 165834760.023, 
        "14": 167630132.27700001, 
        "15": 377830798.95200002, 
        "16": 219868035.36399999, 
        "17": 257743194.49399999, 
        "18": 217873705.43900001, 
        "19": 206387885.95899999, 
        "20": 213222740.78299999, 
        "21": 149845447.63499999, 
        "22": 194268627.986, 
        "23": 318647386.02499998, 
        "24": 235868277.25099999, 
        "25": 330745928.92400002, 
        "26": 209387055.03, 
        "27": 211679932.65200001, 
        "28": 283284821.29299998, 
        "29": 278683547.801, 
        "30": 238179678.097, 
        "31": 145775613.39199999, 
        "32": 257487789.75400001, 
        "33": 139749077.456, 
        "34": 136454787.428, 
        "35": 197676782.53099999, 
        "36": 166629816.32600001, 
        "37": 313588458.19800001, 
        "38": 173587521.215, 
        "39": 164827819.65799999, 
        "40": 142741789.706, 
        "41": 225528199.086, 
        "42": 196379183.18700001, 
        "43": 151507864.90400001, 
        "44": 113683673.623, 
        "45": 238278876.493, 
        "46": 201056402.005, 
        "47": 156266263.479, 
        "48": 130615489.36, 
        "49": 94964106.026999995, 
        "50": 125330202.73100001, 
        "51": 249741464.29800001, 
        "52": 256858409.45500001, 
        "53": 380465431.40499997, 
        "54": 157626541.90400001, 
        "55": 253870900.727, 
        "56": 163488638.49900001, 
        "57": 318077774.463, 
        "58": 337690846.30199999, 
        "59": 277680350.33099997, 
        "60": 209423170.31400001, 
        "61": 136500378.35600001, 
        "62": 184905536.47799999, 
        "63": 290836473.32999998, 
        "64": 118968670.353, 
        "65": 179245578.317, 
        "66": 132728225.51800001, 
        "67": 151784208.42300001, 
        "68": 128623157.74600001, 
        "69": 114064373.127, 
        "70": 103334263.75, 
        "71": 162327116.79300001, 
        "72": 183416361.13699999, 
        "73": 175248531.287, 
        "74": 212949443.65599999, 
        "75": 235332112.33500001, 
        "76": 108606478.21799999, 
        "77": 331600190.44300002, 
        "78": 200164799.961, 
        "79": 131742130.098, 
        "80": 294227449.13, 
        "81": 173003912.49599999, 
        "82": 156980467.31200001, 
        "83": 86223722.656000003, 
        "84": 106007377.708, 
        "85": 224999825.37200001, 
        "86": 291589150.759, 
        "87": 186625077.95199999, 
        "88": 239067187.94999999, 
        "89": 255835338.62599999, 
        "90": 230060464.56600001, 
        "91": 102208760.206, 
        "92": 112098802.26800001, 
        "93": 104878280.706, 
        "94": 219189492.38299999, 
        "95": 374104664.36299998, 
        "96": 200190618.667, 
        "97": 120936230.693, 
        "98": 109598785.86499999, 
        "99": 171990189.45300001
    }, 
    "averaged_NPV": 199841593.45692009
}