{
    "std": 72954938.441341534, 
    "raw_results": {
        "0": 434607757.93699998, 
        "1": 279803719.88499999, 
        "2": 239446304.75099999, 
        "3": 179754318.11199999, 
        "4": 201993280.08700001, 
        "5": 209860998.155, 
        "6": 196044680.09099999, 
        "7": 185113159.46000001, 
        "8": 154137255.287, 
        "9": 77872857.398000002, 
        "10": 143204854.766, 
        "11": 167354392.586, 
        "12": 112148880.05500001, 
        "13": 164789033.366, 
        "14": 166679640.90099999, 
        "15": 373859953.60000002, 
        "16": 218666577.16499999, 
        "17": 256320031.083, 
        "18": 216376275.333, 
        "19": 204950840.65200001, 
        "20": 211940158.33199999, 
        "21": 149126569.70699999, 
        "22": 192974787.65200001, 
        "23": 316148036.30599999, 
        "24": 234491832.215, 
        "25": 328808141.62900001, 
        "26": 208039363.84900001, 
        "27": 210248171.755, 
        "28": 281955387.98100001, 
        "29": 277390313.07999998, 
        "30": 236593035.005, 
        "31": 145221494.73800001, 
        "32": 256251266.55000001, 
        "33": 138735937.58700001, 
        "34": 135382650.48699999, 
        "35": 195982607.51199999, 
        "36": 165890194.146, 
        "37": 312252162.88999999, 
        "38": 172519118.66100001, 
        "39": 163658569.68799999, 
        "40": 141323085.78400001, 
        "41": 224178890.21399999, 
        "42": 195060071.046, 
        "43": 147650434.16, 
        "44": 112851967.07799999, 
        "45": 237040185.29800001, 
        "46": 199480411.303, 
        "47": 155218609.56, 
        "48": 129937086.617, 
        "49": 95025517.453999996, 
        "50": 124401514.426, 
        "51": 248289027.37799999, 
        "52": 255425607.59, 
        "53": 384770329.14200002, 
        "54": 156472875.65200001, 
        "55": 252599739.711, 
        "56": 162277317.095, 
        "57": 316872933.14700001, 
        "58": 336033277.63200003, 
        "59": 274341317.96399999, 
        "60": 207970721.956, 
        "61": 135863082.06900001, 
        "62": 183778869.63, 
        "63": 289205922.34799999, 
        "64": 118130550.31, 
        "65": 177913283.28799999, 
        "66": 131670448.133, 
        "67": 150594569.80700001, 
        "68": 127499488.10600001, 
        "69": 113490073.029, 
        "70": 102253408.759, 
        "71": 161603012.06400001, 
        "72": 182192999.965, 
        "73": 174050977.322, 
        "74": 211575307.96599999, 
        "75": 234089270.31299999, 
        "76": 107820932.32700001, 
        "77": 330609571.42900002, 
        "78": 198782104.78999999, 
        "79": 129116217.656, 
        "80": 292774707.06599998, 
        "81": 171853509.73100001, 
        "82": 155904231.50400001, 
        "83": 85270544.444000006, 
        "84": 104601547.772, 
        "85": 223297406.62900001, 
        "86": 289687322.32700002, 
        "87": 185580446.292, 
        "88": 237695837.05399999, 
        "89": 254533830.86000001, 
        "90": 228676366.29699999, 
        "91": 101485490.428, 
        "92": 111403321.484, 
        "93": 103512004.278, 
        "94": 217709643.234, 
        "95": 369009945.82599998, 
        "96": 198466833.12799999, 
        "97": 119986785.736, 
        "98": 108424704.211, 
        "99": 170630671.90599999
    }, 
    "averaged_NPV": 198645607.70165002
}