{
    "std": 72699965.686966777, 
    "raw_results": {
        "0": 432977605.583, 
        "1": 278387498.03500003, 
        "2": 238369404.708, 
        "3": 179525414.17699999, 
        "4": 198107855.09299999, 
        "5": 209155463.49599999, 
        "6": 194785455.81799999, 
        "7": 184396495.01899999, 
        "8": 153153086.97099999, 
        "9": 77192576.386999995, 
        "10": 142716598.23300001, 
        "11": 166789221.40799999, 
        "12": 111217271.64300001, 
        "13": 161285625.30700001, 
        "14": 165763107.359, 
        "15": 371425944.22799999, 
        "16": 217600700.83399999, 
        "17": 255282145.30599999, 
        "18": 215553653.67699999, 
        "19": 204283304.139, 
        "20": 211661568.57699999, 
        "21": 147957464.66299999, 
        "22": 192353413.48699999, 
        "23": 314661561.29500002, 
        "24": 233591420.123, 
        "25": 326658250.36900002, 
        "26": 207280307.558, 
        "27": 209371917.02200001, 
        "28": 280798678.458, 
        "29": 275713866.91799998, 
        "30": 235783154.59, 
        "31": 144374126.34200001, 
        "32": 255183295.54699999, 
        "33": 138392156.65900001, 
        "34": 134419909.22600001, 
        "35": 195570235.60800001, 
        "36": 165045186.81799999, 
        "37": 310706329.96499997, 
        "38": 171288687.331, 
        "39": 163372157.058, 
        "40": 140664460.25600001, 
        "41": 223064895.86500001, 
        "42": 194058580.81400001, 
        "43": 146848242.13699999, 
        "44": 112032226.61300001, 
        "45": 235635315.583, 
        "46": 198590944.993, 
        "47": 154547342.27200001, 
        "48": 129307906.152, 
        "49": 93372357.222000003, 
        "50": 123807306.389, 
        "51": 247197129.63499999, 
        "52": 254057016.97999999, 
        "53": 383696873.17799997, 
        "54": 155755189.146, 
        "55": 252081516.81400001, 
        "56": 161595733.676, 
        "57": 314709953.62599999, 
        "58": 334573814.64899999, 
        "59": 273141497.94800001, 
        "60": 207109331.80899999, 
        "61": 134769017.93099999, 
        "62": 182848816.13800001, 
        "63": 288064205.43300003, 
        "64": 117725095.905, 
        "65": 177025560.377, 
        "66": 131306553.64, 
        "67": 147697764.55000001, 
        "68": 126769758.57099999, 
        "69": 112581257.367, 
        "70": 101658766.487, 
        "71": 161133446.139, 
        "72": 181717527.90799999, 
        "73": 173318697.208, 
        "74": 210126954.69600001, 
        "75": 233042810.389, 
        "76": 106434895.527, 
        "77": 328127215.542, 
        "78": 198293059.18099999, 
        "79": 128251941.652, 
        "80": 291401549.24299997, 
        "81": 171251409.123, 
        "82": 154859816.222, 
        "83": 84927787.739999995, 
        "84": 103961383.37100001, 
        "85": 222673528.29100001, 
        "86": 287578454.36900002, 
        "87": 184931880.24700001, 
        "88": 236336277.94600001, 
        "89": 252422500.653, 
        "90": 227518570.43399999, 
        "91": 100827971.44400001, 
        "92": 110643780.38, 
        "93": 102669367.59900001, 
        "94": 217120446.99599999, 
        "95": 368199701.21799999, 
        "96": 197453676.33000001, 
        "97": 119215644.483, 
        "98": 107749884.20200001, 
        "99": 170256806.30899999
    }, 
    "averaged_NPV": 197608935.32032996
}