{
    "std": 72947922.796542689, 
    "raw_results": {
        "0": 433234019.86299998, 
        "1": 282579516.95099998, 
        "2": 242924833.89899999, 
        "3": 182538648.868, 
        "4": 202094822.79699999, 
        "5": 212605106.88600001, 
        "6": 195427992.558, 
        "7": 188036608.61700001, 
        "8": 157895202.63999999, 
        "9": 81652939.437000006, 
        "10": 146612934.574, 
        "11": 170250663.433, 
        "12": 115029733.162, 
        "13": 165388231.56900001, 
        "14": 169096825.10699999, 
        "15": 381218133.90600002, 
        "16": 221327728.602, 
        "17": 259193952.29899999, 
        "18": 220210632.44999999, 
        "19": 207815810.70500001, 
        "20": 215465660.884, 
        "21": 153880209.72600001, 
        "22": 195798965.648, 
        "23": 320290984.37400001, 
        "24": 237571919.28600001, 
        "25": 332452663.58999997, 
        "26": 210698501.11300001, 
        "27": 212791106.24200001, 
        "28": 284633625.14399999, 
        "29": 279857119.66399997, 
        "30": 239626886.06299999, 
        "31": 148744183.336, 
        "32": 258987481.889, 
        "33": 141641622.368, 
        "34": 139034475.553, 
        "35": 199015693.36000001, 
        "36": 168466153.50999999, 
        "37": 315261389.29900002, 
        "38": 173708728.11399999, 
        "39": 166777380.639, 
        "40": 146406111.671, 
        "41": 227197022.169, 
        "42": 197483106.366, 
        "43": 151271951.11199999, 
        "44": 116044752.308, 
        "45": 239810803.72099999, 
        "46": 202795106.90599999, 
        "47": 160555396.58700001, 
        "48": 134820208.93799999, 
        "49": 97444626.707000002, 
        "50": 127763899.855, 
        "51": 251115704.727, 
        "52": 258504252.125, 
        "53": 384049443.17799997, 
        "54": 159384196.18399999, 
        "55": 254930242.176, 
        "56": 165439837.764, 
        "57": 319272433.00800002, 
        "58": 338486556.42400002, 
        "59": 279317061.16399997, 
        "60": 211008719.72799999, 
        "61": 138849494.097, 
        "62": 186643810.55500001, 
        "63": 292123004.51099998, 
        "64": 120510387.21600001, 
        "65": 181135552.808, 
        "66": 134086550.086, 
        "67": 151678575.40799999, 
        "68": 129969395.32099999, 
        "69": 115140974.876, 
        "70": 106750195.18000001, 
        "71": 164655239.928, 
        "72": 184836917.32600001, 
        "73": 176950153.336, 
        "74": 214191490.35299999, 
        "75": 236556304.67699999, 
        "76": 110423039.05500001, 
        "77": 334352473.44199997, 
        "78": 201739449.199, 
        "79": 133298724.52500001, 
        "80": 295387248.06599998, 
        "81": 174928954.648, 
        "82": 157685250.73300001, 
        "83": 87685246.945999995, 
        "84": 107098139.44, 
        "85": 226398668.73300001, 
        "86": 293385272.708, 
        "87": 189785623.02200001, 
        "88": 240511153.479, 
        "89": 256733616.05500001, 
        "90": 231590315.87, 
        "91": 103399744.169, 
        "92": 114654165.06999999, 
        "93": 106608418.272, 
        "94": 220423743.29100001, 
        "95": 375785656.58499998, 
        "96": 197741692.859, 
        "97": 121733164.434, 
        "98": 110350463.43700001, 
        "99": 174269430.43799999
    }, 
    "averaged_NPV": 201529882.21096992
}