{
    "std": 72432704.518861875, 
    "raw_results": {
        "0": 423042077.37400001, 
        "1": 280778101.57999998, 
        "2": 240904367.16100001, 
        "3": 181161221.31900001, 
        "4": 203266484.69400001, 
        "5": 211261962.75999999, 
        "6": 196609678.912, 
        "7": 186466935.604, 
        "8": 154702186.734, 
        "9": 79078732.160999998, 
        "10": 144200163.56099999, 
        "11": 168653921.794, 
        "12": 113115900.77500001, 
        "13": 165938334.259, 
        "14": 167681757.12200001, 
        "15": 377387701.176, 
        "16": 219767218.155, 
        "17": 257527561.94, 
        "18": 217812490.67899999, 
        "19": 206332572.713, 
        "20": 213399249.59200001, 
        "21": 149889001.97099999, 
        "22": 194266793.676, 
        "23": 318265590.32999998, 
        "24": 235924014.30599999, 
        "25": 330259548.57300001, 
        "26": 209341379.42500001, 
        "27": 211576305.778, 
        "28": 283027603.50800002, 
        "29": 278254042.68599999, 
        "30": 238203014.16499999, 
        "31": 145738454.20100001, 
        "32": 257184683.78200001, 
        "33": 139836738.38100001, 
        "34": 136469681.26199999, 
        "35": 197684845.12900001, 
        "36": 166702090.736, 
        "37": 313174937.57599998, 
        "38": 173838031.20699999, 
        "39": 164924352.73100001, 
        "40": 143060739.699, 
        "41": 225418551.067, 
        "42": 196400860.49200001, 
        "43": 151695255.01699999, 
        "44": 113832653.457, 
        "45": 238123497.20300001, 
        "46": 201058063.75600001, 
        "47": 156458687.25799999, 
        "48": 130859131.2, 
        "49": 95166407.984999999, 
        "50": 125460562.25, 
        "51": 249608930.91499999, 
        "52": 256572339.00799999, 
        "53": 376860715.29699999, 
        "54": 157697093.403, 
        "55": 253581893.102, 
        "56": 163533105.898, 
        "57": 317726932.90499997, 
        "58": 337086551.50199997, 
        "59": 277482605.20999998, 
        "60": 209350725.68399999, 
        "61": 136760331.59099999, 
        "62": 185042769.88499999, 
        "63": 290614682.10299999, 
        "64": 119059497.83499999, 
        "65": 179496128.264, 
        "66": 132797573.77, 
        "67": 151832890.13699999, 
        "68": 128822668.83400001, 
        "69": 114286628.05599999, 
        "70": 103356010.472, 
        "71": 162444860.83899999, 
        "72": 183443392.167, 
        "73": 175463310.023, 
        "74": 212828615.917, 
        "75": 235232150.171, 
        "76": 108744293.933, 
        "77": 331700861.528, 
        "78": 200252828.877, 
        "79": 131854364.991, 
        "80": 293884615.69499999, 
        "81": 173079388.73300001, 
        "82": 157067060.51899999, 
        "83": 86392778.408000007, 
        "84": 106070990.098, 
        "85": 224713794.38, 
        "86": 291471892.64099997, 
        "87": 186698491.956, 
        "88": 238958990.59599999, 
        "89": 255576914.16100001, 
        "90": 229813555.699, 
        "91": 102455171.586, 
        "92": 112353058.277, 
        "93": 104824109.52500001, 
        "94": 218903199.766, 
        "95": 370511185.71399999, 
        "96": 200425157.792, 
        "97": 121195758.985, 
        "98": 109687431.15800001, 
        "99": 172198117.65599999
    }, 
    "averaged_NPV": 199710005.54534
}