{
    "std": 72428678.779605523, 
    "raw_results": {
        "0": 423807764.03100002, 
        "1": 281740432.54400003, 
        "2": 239235490.97299999, 
        "3": 182305570.42399999, 
        "4": 201629258.55199999, 
        "5": 211774837.81999999, 
        "6": 195522058.51300001, 
        "7": 188280245.31600001, 
        "8": 152822683.303, 
        "9": 80463384.884000003, 
        "10": 144737309.711, 
        "11": 169302940.66299999, 
        "12": 114162789.295, 
        "13": 165562643.30700001, 
        "14": 168720211.17699999, 
        "15": 378618754.505, 
        "16": 220669809.64399999, 
        "17": 258433363.259, 
        "18": 215886344.19100001, 
        "19": 207007489.34400001, 
        "20": 215444126.97299999, 
        "21": 150735287.42399999, 
        "22": 195077631.23899999, 
        "23": 318814046.49800003, 
        "24": 236565887.61399999, 
        "25": 331331549.55199999, 
        "26": 209875632.31600001, 
        "27": 212080389.38600001, 
        "28": 283830595.73900002, 
        "29": 279286770.69999999, 
        "30": 238773725.14899999, 
        "31": 149536647.229, 
        "32": 258325158.14899999, 
        "33": 141687222.72600001, 
        "34": 137504685.859, 
        "35": 198166091.32499999, 
        "36": 167844595.97600001, 
        "37": 314584906.71600002, 
        "38": 174010576.007, 
        "39": 166509762.34099999, 
        "40": 143285262.648, 
        "41": 226320547.09, 
        "42": 194710979.919, 
        "43": 151862059.831, 
        "44": 116324335.34100001, 
        "45": 239005708.22299999, 
        "46": 198154384.78400001, 
        "47": 156990182.03999999, 
        "48": 131675661.853, 
        "49": 97090060.201000005, 
        "50": 125752059.509, 
        "51": 250132683.59299999, 
        "52": 257810822.46700001, 
        "53": 377101813.05800003, 
        "54": 158843063.77700001, 
        "55": 254622830.74599999, 
        "56": 164589626.39899999, 
        "57": 318466156.19599998, 
        "58": 338063195.5, 
        "59": 278365834.65200001, 
        "60": 210941478.37400001, 
        "61": 138533902.94600001, 
        "62": 182541115.685, 
        "63": 291444384.15200001, 
        "64": 120680506.403, 
        "65": 180957326.463, 
        "66": 134074109.33, 
        "67": 151298217.824, 
        "68": 130799620.838, 
        "69": 115254203.943, 
        "70": 104287273.999, 
        "71": 164310406.63299999, 
        "72": 184246462.88699999, 
        "73": 173611123.69999999, 
        "74": 213683769.935, 
        "75": 235837358.35499999, 
        "76": 108607615.91500001, 
        "77": 332274310.125, 
        "78": 201114251.20500001, 
        "79": 131235353.454, 
        "80": 294485518.69199997, 
        "81": 174141326.49000001, 
        "82": 156824731.63499999, 
        "83": 87075173.329999998, 
        "84": 107014988.568, 
        "85": 225892187.759, 
        "86": 293761296.07700002, 
        "87": 184482987.98899999, 
        "88": 239764704.08399999, 
        "89": 256131614.01699999, 
        "90": 230859066.20899999, 
        "91": 102845469.127, 
        "92": 112905491.153, 
        "93": 105269975.73, 
        "94": 219828555.89500001, 
        "95": 372033412.37300003, 
        "96": 197940572.58899999, 
        "97": 123984772.008, 
        "98": 110218047.963, 
        "99": 173265667.648
    }, 
    "averaged_NPV": 200342942.89702997
}