{
    "std": 72575679.952621907, 
    "raw_results": {
        "0": 423502940.639, 
        "1": 280961139.84600002, 
        "2": 240877168.708, 
        "3": 181249052.77000001, 
        "4": 203218671.68200001, 
        "5": 211290143.43900001, 
        "6": 197148006.17399999, 
        "7": 186431194.266, 
        "8": 154523698.479, 
        "9": 78944863.336999997, 
        "10": 144087902.91800001, 
        "11": 168665001.09799999, 
        "12": 113104368.29700001, 
        "13": 165881809.86399999, 
        "14": 167582811.66999999, 
        "15": 377816606.47000003, 
        "16": 219811274.36300001, 
        "17": 257623158.86199999, 
        "18": 217738868.76199999, 
        "19": 206363670.81, 
        "20": 213250462.68000001, 
        "21": 149902535.98199999, 
        "22": 194290757.13299999, 
        "23": 318588889.71700001, 
        "24": 235792040.354, 
        "25": 330694434.83999997, 
        "26": 209385287.63699999, 
        "27": 211618399.13499999, 
        "28": 283224743.76200002, 
        "29": 278677927.92699999, 
        "30": 238122575.89199999, 
        "31": 145822356.31299999, 
        "32": 257383600.91, 
        "33": 139810738.68900001, 
        "34": 136407279.639, 
        "35": 197661882.097, 
        "36": 166716519.70300001, 
        "37": 313520153.616, 
        "38": 173638487.653, 
        "39": 164930753.949, 
        "40": 142816933.382, 
        "41": 225374865.04499999, 
        "42": 196362701.13600001, 
        "43": 151585960.73699999, 
        "44": 113657380.15800001, 
        "45": 238128580.505, 
        "46": 200984265.04899999, 
        "47": 156351471.55199999, 
        "48": 130630249.406, 
        "49": 94879478.575000003, 
        "50": 125343893.726, 
        "51": 249657862.73300001, 
        "52": 256696991.88499999, 
        "53": 376716868.491, 
        "54": 157669795.50299999, 
        "55": 253919130.67199999, 
        "56": 163500153.93599999, 
        "57": 318039530.43699998, 
        "58": 337731498.44999999, 
        "59": 277672855.13300002, 
        "60": 209353110.17899999, 
        "61": 136555824.16600001, 
        "62": 184907550.68900001, 
        "63": 290830698.64399999, 
        "64": 119208944.92299999, 
        "65": 179291943.609, 
        "66": 132738043.24600001, 
        "67": 151754329.94800001, 
        "68": 128647197.947, 
        "69": 114261761.403, 
        "70": 103169087.91599999, 
        "71": 162371538.96200001, 
        "72": 183483026.36700001, 
        "73": 175345413.34999999, 
        "74": 212979419.088, 
        "75": 235308423.26499999, 
        "76": 108625794.483, 
        "77": 331549661.491, 
        "78": 200166217.89300001, 
        "79": 131748537.07600001, 
        "80": 294188475.537, 
        "81": 173020848.72299999, 
        "82": 156908388.84, 
        "83": 86129418.917999998, 
        "84": 105914645.38, 
        "85": 224866754.83500001, 
        "86": 291588795.04699999, 
        "87": 186623638.59299999, 
        "88": 238914673.71900001, 
        "89": 255782346.53099999, 
        "90": 229961240.62900001, 
        "91": 102102313.301, 
        "92": 112088355.705, 
        "93": 104834033.558, 
        "94": 219055641.84799999, 
        "95": 371018698.55199999, 
        "96": 200171778.78400001, 
        "97": 120944750.08, 
        "98": 109481653.669, 
        "99": 172014743.24900001
    }, 
    "averaged_NPV": 199718903.66736001
}