{
    "std": 72581998.624760121, 
    "raw_results": {
        "0": 422917018.09100002, 
        "1": 280309044.42900002, 
        "2": 237887226.14899999, 
        "3": 180796667.671, 
        "4": 199567051.81999999, 
        "5": 210300794.17899999, 
        "6": 194226447.373, 
        "7": 186535083.94299999, 
        "8": 151487321.792, 
        "9": 79255853.216000006, 
        "10": 142827344.82300001, 
        "11": 167773689.296, 
        "12": 112634775.083, 
        "13": 163928054.56400001, 
        "14": 166982949.66999999, 
        "15": 377476510.03600001, 
        "16": 219053260.185, 
        "17": 257115372.736, 
        "18": 218213332.20100001, 
        "19": 205446671.85100001, 
        "20": 213634176.248, 
        "21": 149099942.736, 
        "22": 193514204.331, 
        "23": 317717234.61199999, 
        "24": 234997361.79499999, 
        "25": 330236054.19099998, 
        "26": 208418494.81, 
        "27": 210703163.40000001, 
        "28": 282364719.95200002, 
        "29": 278047891.99400002, 
        "30": 236877385.66299999, 
        "31": 145032334.06, 
        "32": 256868418.97, 
        "33": 140244148.27700001, 
        "34": 137371410.352, 
        "35": 196638238.162, 
        "36": 162873803.51300001, 
        "37": 312844459.78299999, 
        "38": 172314833.683, 
        "39": 164471962.222, 
        "40": 142142925.68399999, 
        "41": 224737768.29800001, 
        "42": 193662320.36300001, 
        "43": 150586224.34, 
        "44": 112251231.233, 
        "45": 237394676.449, 
        "46": 197100987.382, 
        "47": 155889720.09400001, 
        "48": 132322505.007, 
        "49": 94357995.525000006, 
        "50": 124340425.677, 
        "51": 248900402.95300001, 
        "52": 256020589.87, 
        "53": 376125086.22799999, 
        "54": 157476748.711, 
        "55": 253254775.792, 
        "56": 163138895.539, 
        "57": 316921573.28299999, 
        "58": 337037150.903, 
        "59": 276912606.241, 
        "60": 209373948.00799999, 
        "61": 134935827.84799999, 
        "62": 180764832.435, 
        "63": 289866365.51599997, 
        "64": 119366134.758, 
        "65": 179831525.30199999, 
        "66": 132544764.566, 
        "67": 150053307.053, 
        "68": 128599943.88, 
        "69": 113497818.763, 
        "70": 103363815.473, 
        "71": 162827938.37400001, 
        "72": 182565516.00600001, 
        "73": 172924618.831, 
        "74": 212223325.51100001, 
        "75": 234782801.215, 
        "76": 107326851.148, 
        "77": 330813683.35799998, 
        "78": 199723265.822, 
        "79": 129828462.619, 
        "80": 293227459.18300003, 
        "81": 172405742.37, 
        "82": 155652290.58399999, 
        "83": 85673483.656000003, 
        "84": 105441620.421, 
        "85": 224202601.63800001, 
        "86": 293678786.56400001, 
        "87": 182883550.30899999, 
        "88": 238118000.972, 
        "89": 255000566.90599999, 
        "90": 229122468.63999999, 
        "91": 100556518.715, 
        "92": 112010461.207, 
        "93": 104888377.601, 
        "94": 218312138.21700001, 
        "95": 370753509.954, 
        "96": 197495918.05399999, 
        "97": 121701738.675, 
        "98": 108725141.27599999, 
        "99": 172154637.91
    }, 
    "averaged_NPV": 198867990.76771995
}