{
    "std": 72924491.679604784, 
    "raw_results": {
        "0": 434283953.889, 
        "1": 283848016.30299997, 
        "2": 242060143.75999999, 
        "3": 184534830.73500001, 
        "4": 203879433.01199999, 
        "5": 213763221.926, 
        "6": 197986589.43799999, 
        "7": 190260629.669, 
        "8": 155020966.46799999, 
        "9": 82894359.930999994, 
        "10": 146948488.199, 
        "11": 171640975.89399999, 
        "12": 116682964.103, 
        "13": 167611894.148, 
        "14": 170407563.639, 
        "15": 382419225.491, 
        "16": 222698278.92300001, 
        "17": 260327427.38499999, 
        "18": 222240474.85600001, 
        "19": 209056541.71399999, 
        "20": 217728519.31299999, 
        "21": 152787866.90900001, 
        "22": 196935501.82600001, 
        "23": 321752104.19800001, 
        "24": 238752889.87799999, 
        "25": 334006986.68199998, 
        "26": 211882695.82300001, 
        "27": 214112602.30599999, 
        "28": 286147823.00400001, 
        "29": 280706322.02999997, 
        "30": 240785414.31799999, 
        "31": 151208767.248, 
        "32": 259970207.69, 
        "33": 143362023.50600001, 
        "34": 141808411.23300001, 
        "35": 200655362.324, 
        "36": 166462344.32300001, 
        "37": 316875213.15899998, 
        "38": 176017262.75, 
        "39": 168038689.71799999, 
        "40": 147686096.32100001, 
        "41": 228295986.044, 
        "42": 196837001.27599999, 
        "43": 153685173.69800001, 
        "44": 118212794.84900001, 
        "45": 240943067.34900001, 
        "46": 200951133.84900001, 
        "47": 158913713.65599999, 
        "48": 136139028.861, 
        "49": 99063654.472000003, 
        "50": 129688984.69499999, 
        "51": 252429437.822, 
        "52": 259796572.484, 
        "53": 385436964.82499999, 
        "54": 161080959.55500001, 
        "55": 256563192.905, 
        "56": 166645268.04300001, 
        "57": 320592188.41600001, 
        "58": 340265824.13700002, 
        "59": 280658205.53899997, 
        "60": 213125425.502, 
        "61": 140296379.79899999, 
        "62": 184582945.51199999, 
        "63": 293925639.14700001, 
        "64": 122236517.109, 
        "65": 183413258.72, 
        "66": 135901191.053, 
        "67": 153372510.31799999, 
        "68": 132266226.94400001, 
        "69": 117083392.12899999, 
        "70": 108291672.88600001, 
        "71": 166037738.52000001, 
        "72": 186132054.43700001, 
        "73": 176915964.382, 
        "74": 215393014.933, 
        "75": 237780571.85299999, 
        "76": 111187661.421, 
        "77": 335505119.77999997, 
        "78": 203513024.49200001, 
        "79": 133139930.88, 
        "80": 297038827.667, 
        "81": 176211584.98300001, 
        "82": 158771713.07600001, 
        "83": 90241128.636999995, 
        "84": 108860355.853, 
        "85": 228256029.824, 
        "86": 297881423.63599998, 
        "87": 191703553.38600001, 
        "88": 241691420.93700001, 
        "89": 257939762.20100001, 
        "90": 232815074.75799999, 
        "91": 105078519.96799999, 
        "92": 116770747.973, 
        "93": 107975469.35699999, 
        "94": 222099686.91299999, 
        "95": 377197170.07200003, 
        "96": 201839734.15200001, 
        "97": 126229732.102, 
        "98": 112330290.808, 
        "99": 175557194.917
    }, 
    "averaged_NPV": 202890378.97553998
}