{
    "std": 72561969.110092387, 
    "raw_results": {
        "0": 421677442.36199999, 
        "1": 278775983.59600002, 
        "2": 238432860.56, 
        "3": 179406839.68000001, 
        "4": 198045856.491, 
        "5": 209174970.35100001, 
        "6": 194580293.37599999, 
        "7": 184378565.164, 
        "8": 152948371.53299999, 
        "9": 76960140.252000004, 
        "10": 142518104.32300001, 
        "11": 166727589.99200001, 
        "12": 111097483.943, 
        "13": 161160093.18700001, 
        "14": 165976336.40799999, 
        "15": 375741904.35900003, 
        "16": 217960313.11700001, 
        "17": 255544853.70699999, 
        "18": 215869823.29699999, 
        "19": 204341058.84900001, 
        "20": 211530533.09900001, 
        "21": 148140149.18399999, 
        "22": 192412018.46799999, 
        "23": 316250705.31800002, 
        "24": 233659826.229, 
        "25": 328693686.00700003, 
        "26": 207233544.86399999, 
        "27": 209651144.46599999, 
        "28": 281064655.26599997, 
        "29": 276610132.41799998, 
        "30": 235832342.366, 
        "31": 144084856.639, 
        "32": 255376196.83000001, 
        "33": 138180446.505, 
        "34": 134438364.31299999, 
        "35": 195515801.04499999, 
        "36": 164894537.05399999, 
        "37": 311465546.99800003, 
        "38": 171205404.95500001, 
        "39": 163232263.59400001, 
        "40": 140416984.28799999, 
        "41": 223522693.479, 
        "42": 194092849.28, 
        "43": 146578252.236, 
        "44": 111952283.31900001, 
        "45": 236270235.28299999, 
        "46": 198586187.36000001, 
        "47": 154310933.523, 
        "48": 129057554.663, 
        "49": 93251534.812999994, 
        "50": 123637602.205, 
        "51": 247387953.69800001, 
        "52": 254444074.602, 
        "53": 374855118.41799998, 
        "54": 155737685.25099999, 
        "55": 252057243.24200001, 
        "56": 161545679.31600001, 
        "57": 315665334.48699999, 
        "58": 335567433.52899998, 
        "59": 275866532.34899998, 
        "60": 207166631.91100001, 
        "61": 134488487.287, 
        "62": 182677470.75, 
        "63": 288352532.44099998, 
        "64": 117429854.62, 
        "65": 176718456.785, 
        "66": 131220984.913, 
        "67": 147548672.28600001, 
        "68": 126559308.86399999, 
        "69": 112476848.34299999, 
        "70": 101368559.79000001, 
        "71": 160990304.581, 
        "72": 181646249.03200001, 
        "73": 173004600.139, 
        "74": 211364567.31799999, 
        "75": 233270390.859, 
        "76": 106179052.34199999, 
        "77": 329485536.91299999, 
        "78": 198228313.25099999, 
        "79": 128000201.116, 
        "80": 291757436.93699998, 
        "81": 171138186.69499999, 
        "82": 154988140.63600001, 
        "83": 84696343.864999995, 
        "84": 103795988.596, 
        "85": 222895859.30500001, 
        "86": 289174872.15200001, 
        "87": 184734872.171, 
        "88": 237025359.88499999, 
        "89": 253927940.25099999, 
        "90": 227903344.16999999, 
        "91": 100709963.09100001, 
        "92": 110443384.12800001, 
        "93": 102560335.62199999, 
        "94": 217248428.016, 
        "95": 369365929.991, 
        "96": 197339742.71700001, 
        "97": 118909424.389, 
        "98": 107678075.296, 
        "99": 170013022.465
    }, 
    "averaged_NPV": 197600788.79424992
}