{
    "std": 73294339.961951211, 
    "raw_results": {
        "0": 428792975.09500003, 
        "1": 276953554.61699998, 
        "2": 234868398.403, 
        "3": 174281798.639, 
        "4": 196618182.34200001, 
        "5": 205687222.021, 
        "6": 191596643.491, 
        "7": 180632170.56799999, 
        "8": 149525144.579, 
        "9": 75810260.656000003, 
        "10": 140155891.59400001, 
        "11": 164762313.19400001, 
        "12": 109289908.001, 
        "13": 158472445.222, 
        "14": 162835368.69999999, 
        "15": 379634527.18900001, 
        "16": 216136703.68599999, 
        "17": 253401718.88999999, 
        "18": 211976962.88, 
        "19": 202445334.93599999, 
        "20": 204703438.68099999, 
        "21": 145842517.53400001, 
        "22": 190459572.55599999, 
        "23": 313751738.79900002, 
        "24": 231616773.646, 
        "25": 325572446.54299998, 
        "26": 205741963.97600001, 
        "27": 209315959.82800001, 
        "28": 278398926.44599998, 
        "29": 274954522.87599999, 
        "30": 234432503.727, 
        "31": 143448729.97499999, 
        "32": 253831401.57800001, 
        "33": 135659837.76199999, 
        "34": 132603137.531, 
        "35": 190165781.632, 
        "36": 160838066.69600001, 
        "37": 309419008.10100001, 
        "38": 169351421.942, 
        "39": 161368171.546, 
        "40": 139050248.59799999, 
        "41": 221460702.60100001, 
        "42": 190918419.301, 
        "43": 145275295.26300001, 
        "44": 110428104.973, 
        "45": 234186487.73100001, 
        "46": 194412612.646, 
        "47": 153779038.63299999, 
        "48": 126798059.006, 
        "49": 91949009.570999995, 
        "50": 122036319.824, 
        "51": 245344624.669, 
        "52": 252195537.41, 
        "53": 383119748.00999999, 
        "54": 151734590.97, 
        "55": 250178448.39500001, 
        "56": 158138592.86399999, 
        "57": 312790616.162, 
        "58": 331098094.90200001, 
        "59": 271711463.80599999, 
        "60": 203490381.96799999, 
        "61": 133129233.235, 
        "62": 180261246.697, 
        "63": 285812959.926, 
        "64": 114823552.01000001, 
        "65": 176931109.787, 
        "66": 129686134.918, 
        "67": 147208094.55700001, 
        "68": 123273089.465, 
        "69": 110118682.20999999, 
        "70": 98431745.019999996, 
        "71": 159879129.176, 
        "72": 177748051.553, 
        "73": 170437335.285, 
        "74": 209439152.62900001, 
        "75": 227562022.62400001, 
        "76": 104899018.286, 
        "77": 326095100.574, 
        "78": 195861483.28799999, 
        "79": 126839517.75, 
        "80": 289705026.45099998, 
        "81": 170592586.07300001, 
        "82": 152574939.104, 
        "83": 82610742.990999997, 
        "84": 101970499.118, 
        "85": 217924812.90200001, 
        "86": 289608367.86299998, 
        "87": 181204500.51899999, 
        "88": 234847165.64899999, 
        "89": 252277866.82699999, 
        "90": 225789771.583, 
        "91": 98121651.412, 
        "92": 109891506.778, 
        "93": 100317389.40000001, 
        "94": 215290894.59599999, 
        "95": 376930857.73199999, 
        "96": 194488774.12799999, 
        "97": 117147530.89399999, 
        "98": 106953911.90800001, 
        "99": 169349424.64899999
    }, 
    "averaged_NPV": 195614847.22947997
}