{
    "std": 72599368.018341288, 
    "raw_results": {
        "0": 428884593.88599998, 
        "1": 282049995.44099998, 
        "2": 242318275.17399999, 
        "3": 182477019.715, 
        "4": 202090612.83000001, 
        "5": 212432308.245, 
        "6": 195339772.97299999, 
        "7": 187788827.76499999, 
        "8": 157771683.785, 
        "9": 80835880.737000003, 
        "10": 147038191.72499999, 
        "11": 170035944.565, 
        "12": 114936630.706, 
        "13": 165638569.155, 
        "14": 168803504.07699999, 
        "15": 380791138.38800001, 
        "16": 220852638.33000001, 
        "17": 258728633.222, 
        "18": 219678139.58399999, 
        "19": 207419938.213, 
        "20": 215644855.639, 
        "21": 154250246.236, 
        "22": 195336120.345, 
        "23": 320208963.46899998, 
        "24": 237131185.398, 
        "25": 332134523.75400001, 
        "26": 210554765.87099999, 
        "27": 212636695.77399999, 
        "28": 284215698.74299997, 
        "29": 279483631.72299999, 
        "30": 239221469.90900001, 
        "31": 148780906.755, 
        "32": 258439465.222, 
        "33": 141869653.213, 
        "34": 139181591.315, 
        "35": 198855897.49200001, 
        "36": 168215159.509, 
        "37": 314637500.85500002, 
        "38": 173690287.213, 
        "39": 166655664.377, 
        "40": 146417967.176, 
        "41": 226445043.002, 
        "42": 197451865.66, 
        "43": 151893418.789, 
        "44": 116538135.706, 
        "45": 239197969.58899999, 
        "46": 199003161.315, 
        "47": 160215359.38299999, 
        "48": 134876287.287, 
        "49": 97691860.486000001, 
        "50": 128027765.729, 
        "51": 250702522.82600001, 
        "52": 257747615.06400001, 
        "53": 381948806.33399999, 
        "54": 159360745.921, 
        "55": 254543961.28799999, 
        "56": 165170743.979, 
        "57": 318896121.92000002, 
        "58": 338330049.51099998, 
        "59": 278957059.64399999, 
        "60": 210578356.435, 
        "61": 139039680.02500001, 
        "62": 186453296.854, 
        "63": 291745162.13, 
        "64": 120569272.82099999, 
        "65": 181611213.10299999, 
        "66": 134178816.818, 
        "67": 151912877.671, 
        "68": 130603505.846, 
        "69": 115322650.751, 
        "70": 106542743.86499999, 
        "71": 164555141.817, 
        "72": 184598749.574, 
        "73": 176664744.07100001, 
        "74": 213684101.956, 
        "75": 236338280.146, 
        "76": 110230743.358, 
        "77": 333754740.49699998, 
        "78": 201279666.70899999, 
        "79": 131950204.40800001, 
        "80": 295172521.73400003, 
        "81": 174619148.34, 
        "82": 157392847.53200001, 
        "83": 87609800.143999994, 
        "84": 107120835.963, 
        "85": 225892880.579, 
        "86": 293248275.86199999, 
        "87": 189709583.87900001, 
        "88": 240085852.90900001, 
        "89": 256497745.60699999, 
        "90": 230962084.287, 
        "91": 103349625.037, 
        "92": 115084787.516, 
        "93": 106726821.514, 
        "94": 220032645.359, 
        "95": 374341542.37599999, 
        "96": 198261947.296, 
        "97": 121923292.56200001, 
        "98": 110354417.376, 
        "99": 174164522.61199999
    }, 
    "averaged_NPV": 201246381.6927599
}