{
    "std": 72469808.769464687, 
    "raw_results": {
        "0": 420761420.97299999, 
        "1": 276846506.41100001, 
        "2": 233923864.24700001, 
        "3": 177956336.99200001, 
        "4": 196031100.88499999, 
        "5": 208045186.65599999, 
        "6": 191302557.014, 
        "7": 180694154.95100001, 
        "8": 149564207.18000001, 
        "9": 75832655.291999996, 
        "10": 139955151.84400001, 
        "11": 164573841.85699999, 
        "12": 109666045.788, 
        "13": 161364396.68000001, 
        "14": 162295889.727, 
        "15": 374333878.48100001, 
        "16": 215934940.39500001, 
        "17": 253351195.044, 
        "18": 211006624.85800001, 
        "19": 202295326.461, 
        "20": 205057684.815, 
        "21": 145484087.23500001, 
        "22": 190631746.26800001, 
        "23": 311048634.00599998, 
        "24": 231620113.96599999, 
        "25": 321995496.97000003, 
        "26": 205820460.63499999, 
        "27": 207433113.93599999, 
        "28": 277799374.76899999, 
        "29": 272167003.917, 
        "30": 233806780.285, 
        "31": 143000108.77700001, 
        "32": 252717087.90900001, 
        "33": 134845487.472, 
        "34": 132545154.271, 
        "35": 192900921.22400001, 
        "36": 160228852.91299999, 
        "37": 308429765.04000002, 
        "38": 169239706.03799999, 
        "39": 161342419.29300001, 
        "40": 137642010.271, 
        "41": 221380131.81, 
        "42": 190494212.618, 
        "43": 144803498.139, 
        "44": 110467154.258, 
        "45": 234090886.71200001, 
        "46": 194222424.882, 
        "47": 153333637.09, 
        "48": 126370825.456, 
        "49": 92160687.813999996, 
        "50": 121414337.111, 
        "51": 245298552.76899999, 
        "52": 252092734.722, 
        "53": 380362767.30400002, 
        "54": 154813354.98199999, 
        "55": 249303779.06900001, 
        "56": 159776769.74700001, 
        "57": 311622488.68900001, 
        "58": 335078100.70300001, 
        "59": 270725515.22799999, 
        "60": 203652625.75799999, 
        "61": 132675398.73100001, 
        "62": 178174179.852, 
        "63": 285825309.10000002, 
        "64": 116737335.80400001, 
        "65": 176164040.59799999, 
        "66": 129554455.27500001, 
        "67": 146922530.771, 
        "68": 123290258.752, 
        "69": 111570032.79799999, 
        "70": 100778013.65000001, 
        "71": 159522399.088, 
        "72": 180050031.49900001, 
        "73": 170210558.07300001, 
        "74": 207907694.831, 
        "75": 232368682.48100001, 
        "76": 104698173.67, 
        "77": 324397812.60900003, 
        "78": 196198302.38100001, 
        "79": 126727781.48999999, 
        "80": 288355290.07999998, 
        "81": 169980624.15700001, 
        "82": 152455955.25999999, 
        "83": 82540769.976999998, 
        "84": 102164903.706, 
        "85": 220603585.00799999, 
        "86": 286899366.49800003, 
        "87": 179834688.13, 
        "88": 234738444.89500001, 
        "89": 249945424.285, 
        "90": 225714592.958, 
        "91": 97924654.027999997, 
        "92": 109233701.223, 
        "93": 101757285.678, 
        "94": 214979848.96000001, 
        "95": 373132015.80599999, 
        "96": 193590461.914, 
        "97": 117064158.73100001, 
        "98": 106523190.3, 
        "99": 168917347.18099999
    }, 
    "averaged_NPV": 195330850.76834995
}