{
    "std": 72899528.928066105, 
    "raw_results": {
        "0": 433590114.329, 
        "1": 278131274.09200001, 
        "2": 237669058.09599999, 
        "3": 178723919.62, 
        "4": 197701569.479, 
        "5": 208927168.722, 
        "6": 194666257.75299999, 
        "7": 183991346.19600001, 
        "8": 153421902.57699999, 
        "9": 77154479.733999997, 
        "10": 142728372.62799999, 
        "11": 166536708.528, 
        "12": 110842767.558, 
        "13": 161195088.579, 
        "14": 165562625.33000001, 
        "15": 372797191.36400002, 
        "16": 217250386.23699999, 
        "17": 254771505.93799999, 
        "18": 215164933.764, 
        "19": 203853821.639, 
        "20": 211265404.61300001, 
        "21": 147951121.89199999, 
        "22": 191747138.361, 
        "23": 314893247.34500003, 
        "24": 233091300.18799999, 
        "25": 327666207.92699999, 
        "26": 206977161.00299999, 
        "27": 209113544.87, 
        "28": 280376957.741, 
        "29": 276311924.63, 
        "30": 235197243.007, 
        "31": 144444077.02399999, 
        "32": 254866365.873, 
        "33": 138162316.741, 
        "34": 133925331.51899999, 
        "35": 194967058.22299999, 
        "36": 164918595.59400001, 
        "37": 310935522.69599998, 
        "38": 171121843.58199999, 
        "39": 162713189.06900001, 
        "40": 140625586.32699999, 
        "41": 222497511.359, 
        "42": 193933733.59599999, 
        "43": 146789724.57100001, 
        "44": 112238701.94, 
        "45": 235403833.116, 
        "46": 198214212.07100001, 
        "47": 154222064.34599999, 
        "48": 129071781.176, 
        "49": 93150610.988000005, 
        "50": 123396962.237, 
        "51": 246749190.63600001, 
        "52": 253658563.64899999, 
        "53": 383738166.49699998, 
        "54": 155369225.30000001, 
        "55": 251624934.21700001, 
        "56": 161170105.509, 
        "57": 315117210.20099998, 
        "58": 335067187.50199997, 
        "59": 273096420.56, 
        "60": 206649302.35800001, 
        "61": 134778876.45699999, 
        "62": 182529697.04699999, 
        "63": 287531600.90700001, 
        "64": 117602197.243, 
        "65": 176821937.5, 
        "66": 130906832.917, 
        "67": 147068361.877, 
        "68": 126616483.905, 
        "69": 112575540.382, 
        "70": 101134521.501, 
        "71": 160478721.79300001, 
        "72": 181203647.88999999, 
        "73": 172913336.40799999, 
        "74": 210493586.704, 
        "75": 233007311.979, 
        "76": 106305734.37899999, 
        "77": 328893032.69800001, 
        "78": 197466559.74599999, 
        "79": 128061966.888, 
        "80": 291200974.49199998, 
        "81": 170768675.46700001, 
        "82": 152754708.89399999, 
        "83": 83334999.841999993, 
        "84": 103699469.17200001, 
        "85": 222032100.92300001, 
        "86": 288247323.199, 
        "87": 184763165.86500001, 
        "88": 236124774.081, 
        "89": 253315907.729, 
        "90": 227182987.69600001, 
        "91": 99516685.223000005, 
        "92": 110644696.86, 
        "93": 102326970.36300001, 
        "94": 216468035.49200001, 
        "95": 368005174.70200002, 
        "96": 197193423.25799999, 
        "97": 119134882.104, 
        "98": 107661721.226, 
        "99": 169608786.794
    }, 
    "averaged_NPV": 197374864.8382
}