{
    "std": 73041560.839902058, 
    "raw_results": {
        "0": 434164455.84500003, 
        "1": 278818798.167, 
        "2": 239494164.088, 
        "3": 176077497.414, 
        "4": 198402621.80599999, 
        "5": 209157413.64500001, 
        "6": 192556023.93900001, 
        "7": 185677595.14199999, 
        "8": 150067113.26699999, 
        "9": 78095854.567000002, 
        "10": 141578052.05700001, 
        "11": 166787195.63600001, 
        "12": 111451559.235, 
        "13": 162754190.77000001, 
        "14": 164203762.764, 
        "15": 373394818.89700001, 
        "16": 217928761.046, 
        "17": 255609400.32100001, 
        "18": 212575763.72400001, 
        "19": 204254385.41499999, 
        "20": 212165216.71799999, 
        "21": 148137540.63499999, 
        "22": 192320184.79300001, 
        "23": 315575493.50400001, 
        "24": 233609946.241, 
        "25": 328150948.90700001, 
        "26": 207314927.54100001, 
        "27": 209725055.94600001, 
        "28": 281148714.273, 
        "29": 276796842.05299997, 
        "30": 236014645.09, 
        "31": 146763309.23699999, 
        "32": 255450424.36300001, 
        "33": 136053351.05000001, 
        "34": 135557215.77000001, 
        "35": 195528348.435, 
        "36": 164969932.794, 
        "37": 311600453.83499998, 
        "38": 170921948.18700001, 
        "39": 163718931.664, 
        "40": 140965522.96700001, 
        "41": 223516805.26499999, 
        "42": 192346268.757, 
        "43": 149191143.07600001, 
        "44": 111397123.98899999, 
        "45": 236287539.61399999, 
        "46": 195268098.36399999, 
        "47": 154938660.49599999, 
        "48": 131104093.95, 
        "49": 93357121.392000005, 
        "50": 123083671.543, 
        "51": 247347912.65400001, 
        "52": 254448118.25, 
        "53": 384256571.70599997, 
        "54": 156510463.82699999, 
        "55": 252122299.06600001, 
        "56": 162064252.99599999, 
        "57": 315905900.74599999, 
        "58": 335737202.96899998, 
        "59": 273920295.301, 
        "60": 208042125.75099999, 
        "61": 136142617.00099999, 
        "62": 179602309.78200001, 
        "63": 288495732.86699998, 
        "64": 118167939.70299999, 
        "65": 178194670.912, 
        "66": 131470149.697, 
        "67": 149150254.111, 
        "68": 125810894.54899999, 
        "69": 112585278.48199999, 
        "70": 101844049.33499999, 
        "71": 161740929.248, 
        "72": 181679760.28400001, 
        "73": 170341504.76199999, 
        "74": 211091014.36899999, 
        "75": 233287972.17899999, 
        "76": 106621033.597, 
        "77": 329660537.30000001, 
        "78": 198319561.516, 
        "79": 128813205.639, 
        "80": 291909561.37199998, 
        "81": 171344475.44499999, 
        "82": 154506080.24700001, 
        "83": 84790280.773000002, 
        "84": 104558322.881, 
        "85": 222865410.65099999, 
        "86": 290629429.14700001, 
        "87": 181248944.683, 
        "88": 237021672.86300001, 
        "89": 253807702.75099999, 
        "90": 227861923.70699999, 
        "91": 99064664.236000001, 
        "92": 110767906.476, 
        "93": 103156356.67, 
        "94": 217168289.308, 
        "95": 368507453.50400001, 
        "96": 195271489.83500001, 
        "97": 118271546.279, 
        "98": 107765398.794, 
        "99": 170883199.22799999
    }, 
    "averaged_NPV": 197708035.75642994
}