{
    "std": 72919086.52114439, 
    "raw_results": {
        "0": 433820354.76300001, 
        "1": 278184995.421, 
        "2": 237962276.22, 
        "3": 179458758.95699999, 
        "4": 198019180.354, 
        "5": 209201288.794, 
        "6": 194712979.09900001, 
        "7": 184218104.87400001, 
        "8": 153181425.125, 
        "9": 77058291.996000007, 
        "10": 142704722.86199999, 
        "11": 166756788.83000001, 
        "12": 111081920.62199999, 
        "13": 161258487.18200001, 
        "14": 165768140.831, 
        "15": 373033228.28799999, 
        "16": 217567184.15700001, 
        "17": 254971409.317, 
        "18": 215639211.125, 
        "19": 204208149.711, 
        "20": 211590426.671, 
        "21": 147922254.93399999, 
        "22": 192058261.676, 
        "23": 315269935.58600003, 
        "24": 233320493.24200001, 
        "25": 327676078.84100002, 
        "26": 207294359.66800001, 
        "27": 209449048.02900001, 
        "28": 280679445.17799997, 
        "29": 276319495.63200003, 
        "30": 235575623.60800001, 
        "31": 144370147.65799999, 
        "32": 254907764.17199999, 
        "33": 138397055.85299999, 
        "34": 134204623.473, 
        "35": 195503651.55399999, 
        "36": 165074166.16499999, 
        "37": 311055623.31900001, 
        "38": 171248830.60800001, 
        "39": 163360493.53299999, 
        "40": 140707515.43399999, 
        "41": 222699465.47499999, 
        "42": 193989507.704, 
        "43": 146877624.28600001, 
        "44": 112008133.00399999, 
        "45": 235461215.65900001, 
        "46": 198502945.083, 
        "47": 154542130.80399999, 
        "48": 129089573.31299999, 
        "49": 93168603.731999993, 
        "50": 123600323.388, 
        "51": 247067906.60800001, 
        "52": 253888666.19299999, 
        "53": 383784483.199, 
        "54": 155666980.06200001, 
        "55": 252003591.98899999, 
        "56": 161505023.22099999, 
        "57": 315016261.14399999, 
        "58": 335661273.70200002, 
        "59": 273609253.014, 
        "60": 206865010.85499999, 
        "61": 134761505.87200001, 
        "62": 182781693.12, 
        "63": 287925997.954, 
        "64": 117605968.065, 
        "65": 177010742.734, 
        "66": 131241152.20100001, 
        "67": 147522324.79300001, 
        "68": 126635219.278, 
        "69": 112494445.742, 
        "70": 101604232.64, 
        "71": 161068352.29100001, 
        "72": 181716505.086, 
        "73": 173327625.57300001, 
        "74": 210920476.98500001, 
        "75": 233108072.69, 
        "76": 106351851.406, 
        "77": 328820098.83899999, 
        "78": 198154990.57300001, 
        "79": 128193486.65099999, 
        "80": 291394999.639, 
        "81": 171111156.61500001, 
        "82": 154572631.78799999, 
        "83": 83688104.847000003, 
        "84": 103347154.62800001, 
        "85": 222574119.79499999, 
        "86": 288348485.389, 
        "87": 184779585.12400001, 
        "88": 236339107.34, 
        "89": 253299100.01199999, 
        "90": 227337617.82600001, 
        "91": 99896654.128000006, 
        "92": 110519424.493, 
        "93": 102366467.664, 
        "94": 217060707.60699999, 
        "95": 368141370.21100003, 
        "96": 197414154.90900001, 
        "97": 119138633.86300001, 
        "98": 107646597.317, 
        "99": 170207388.20899999
    }, 
    "averaged_NPV": 197602283.69694003
}