{
    "std": 72416789.349358529, 
    "raw_results": {
        "0": 423274232.139, 
        "1": 280360446.403, 
        "2": 240331363.088, 
        "3": 181118167.65099999, 
        "4": 203095917.919, 
        "5": 211168560.26800001, 
        "6": 196525674.903, 
        "7": 186163253.40900001, 
        "8": 154771516.26300001, 
        "9": 78817501.482999995, 
        "10": 144254722.85699999, 
        "11": 168622895.82600001, 
        "12": 112957838.11499999, 
        "13": 165825446.32699999, 
        "14": 167409265.32699999, 
        "15": 377348335.41399997, 
        "16": 219390084.48199999, 
        "17": 256917141.90000001, 
        "18": 217325468.463, 
        "19": 206097580.70300001, 
        "20": 213260093.26800001, 
        "21": 149851271.61500001, 
        "22": 193770014.54899999, 
        "23": 318418883.34299999, 
        "24": 235381020.99700001, 
        "25": 330377121.85900003, 
        "26": 209337487.463, 
        "27": 211418039.14700001, 
        "28": 282819301.51800001, 
        "29": 278242946.20499998, 
        "30": 237872425.47099999, 
        "31": 146000892.23699999, 
        "32": 256827945.95899999, 
        "33": 139826866.50600001, 
        "34": 136270508.722, 
        "35": 197580128.07300001, 
        "36": 166619820.57600001, 
        "37": 313011711.28299999, 
        "38": 173562917.539, 
        "39": 164838654.33000001, 
        "40": 143118776.361, 
        "41": 224568794.17399999, 
        "42": 196301259.23300001, 
        "43": 151714888.37799999, 
        "44": 113879978.818, 
        "45": 237504674.22499999, 
        "46": 200737427.64399999, 
        "47": 156474909.912, 
        "48": 130752760.087, 
        "49": 94913970.775999993, 
        "50": 125384247.616, 
        "51": 249263953.97400001, 
        "52": 255966587.75600001, 
        "53": 376833114.648, 
        "54": 157652325.87099999, 
        "55": 253863389.067, 
        "56": 163384254.74700001, 
        "57": 317492516.86900002, 
        "58": 337651560.17500001, 
        "59": 277248425.671, 
        "60": 209037613.68900001, 
        "61": 136816870.095, 
        "62": 184857246.648, 
        "63": 290315431.36799997, 
        "64": 119395119.464, 
        "65": 179504180.91299999, 
        "66": 132827250.15899999, 
        "67": 151727274.29699999, 
        "68": 128863597.377, 
        "69": 114367540.145, 
        "70": 103152756.40000001, 
        "71": 162260505.01800001, 
        "72": 183351543.49700001, 
        "73": 175483699.05700001, 
        "74": 212606703.08500001, 
        "75": 235105035.51800001, 
        "76": 108741277.01000001, 
        "77": 330778313.02899998, 
        "78": 199986049.31900001, 
        "79": 131767156.191, 
        "80": 294066008.91100001, 
        "81": 172866586.414, 
        "82": 156591307.29100001, 
        "83": 85985464.039000005, 
        "84": 105878712.984, 
        "85": 224467852.33899999, 
        "86": 291475783.54799998, 
        "87": 186670228.06900001, 
        "88": 238277479.81600001, 
        "89": 255280725.366, 
        "90": 229224122.35699999, 
        "91": 102219604.117, 
        "92": 112284992.95200001, 
        "93": 104616461.973, 
        "94": 218806961.69, 
        "95": 370583392.66299999, 
        "96": 200314083.91600001, 
        "97": 121145866.177, 
        "98": 109598720.087, 
        "99": 172128720.35499999
    }, 
    "averaged_NPV": 199551995.16944993
}