{
    "std": 73140887.397868484, 
    "raw_results": {
        "0": 434201040.25400001, 
        "1": 278106379.56199998, 
        "2": 235195265.833, 
        "3": 179045878.398, 
        "4": 197033815.62200001, 
        "5": 208693656.46799999, 
        "6": 192484445.586, 
        "7": 181128839.37, 
        "8": 149612020.54300001, 
        "9": 77545676.388999999, 
        "10": 140515516.05399999, 
        "11": 165496608.55599999, 
        "12": 110620844.20999999, 
        "13": 162156410.854, 
        "14": 163094289.118, 
        "15": 372433767.80900002, 
        "16": 216996684.146, 
        "17": 254737310.71200001, 
        "18": 215692998.61399999, 
        "19": 203188633.171, 
        "20": 206277405.04800001, 
        "21": 146934640.71000001, 
        "22": 191570612.521, 
        "23": 314387817.55000001, 
        "24": 232602302.33899999, 
        "25": 327727778.16799998, 
        "26": 206188136.07100001, 
        "27": 208485235.588, 
        "28": 280049768.59100002, 
        "29": 276323547.31599998, 
        "30": 235192692.264, 
        "31": 143172987.55000001, 
        "32": 254897236.39700001, 
        "33": 135710302.116, 
        "34": 133346409.789, 
        "35": 194132798.33000001, 
        "36": 160876180.95199999, 
        "37": 310570164.736, 
        "38": 170387667.83199999, 
        "39": 162242018.89500001, 
        "40": 140674674.264, 
        "41": 222790682.23100001, 
        "42": 191265620.70199999, 
        "43": 145615504.13299999, 
        "44": 110980854.619, 
        "45": 235335006.722, 
        "46": 194650731.63999999, 
        "47": 153880252.947, 
        "48": 127176787.829, 
        "49": 92800592.802000001, 
        "50": 122004674.78399999, 
        "51": 246582592.41299999, 
        "52": 253528811.37, 
        "53": 383163636.56999999, 
        "54": 155651007.722, 
        "55": 251202734.67699999, 
        "56": 160886853.25299999, 
        "57": 314684622.34799999, 
        "58": 334652654.78899997, 
        "59": 272695397.616, 
        "60": 207131260.86899999, 
        "61": 132916232.68099999, 
        "62": 178817739.09299999, 
        "63": 287218170.71499997, 
        "64": 117466270.96799999, 
        "65": 177352332.09299999, 
        "66": 130656143.869, 
        "67": 148388450.21799999, 
        "68": 124667956.98800001, 
        "69": 111770791.86, 
        "70": 101646355.958, 
        "71": 160523517.91600001, 
        "72": 180485331.509, 
        "73": 170759371.02599999, 
        "74": 210281120.61300001, 
        "75": 232593182.296, 
        "76": 105417867.939, 
        "77": 328800146.685, 
        "78": 197360357.22999999, 
        "79": 127980373.07099999, 
        "80": 290698551.94400001, 
        "81": 170802418.43399999, 
        "82": 153696379.41600001, 
        "83": 84080742.178000003, 
        "84": 102578085.13, 
        "85": 221774277.37400001, 
        "86": 290617100.14499998, 
        "87": 181256200.81999999, 
        "88": 235942818.89300001, 
        "89": 252882458.708, 
        "90": 227019387.31799999, 
        "91": 98396230.751000002, 
        "92": 110197422.059, 
        "93": 100948736.338, 
        "94": 216103659.73199999, 
        "95": 367808321.46700001, 
        "96": 194727736.822, 
        "97": 117751654.123, 
        "98": 107052801.29700001, 
        "99": 169776762.611
    }, 
    "averaged_NPV": 196656241.96619999
}