{
    "std": 72486412.399592772, 
    "raw_results": {
        "0": 422205261.74800003, 
        "1": 279781265.13, 
        "2": 239376515.54699999, 
        "3": 179631845.92199999, 
        "4": 201935914.22099999, 
        "5": 209897222.61700001, 
        "6": 196075048.42500001, 
        "7": 185085180.37400001, 
        "8": 154191189.47, 
        "9": 77733389.253000006, 
        "10": 143214608.16299999, 
        "11": 167304128.77399999, 
        "12": 112121661.292, 
        "13": 164822178.13699999, 
        "14": 166649814.09900001, 
        "15": 376248827.22799999, 
        "16": 218582525.61399999, 
        "17": 256291397.92899999, 
        "18": 216342149.64399999, 
        "19": 204868835.046, 
        "20": 211843129.92199999, 
        "21": 149107219.31200001, 
        "22": 192859132.836, 
        "23": 316866416.86900002, 
        "24": 234496919.70899999, 
        "25": 329476989.43199998, 
        "26": 208081946.78200001, 
        "27": 210223651.32600001, 
        "28": 281782217.90100002, 
        "29": 277329663.93900001, 
        "30": 236556499.07699999, 
        "31": 145213746.22400001, 
        "32": 256165220.60100001, 
        "33": 138738108.67399999, 
        "34": 135196089.623, 
        "35": 195934038.896, 
        "36": 165889720.60299999, 
        "37": 312233980.86299998, 
        "38": 172474050.63999999, 
        "39": 163656785.44600001, 
        "40": 141380604.64700001, 
        "41": 224065826.289, 
        "42": 195036575.19299999, 
        "43": 147679307.43200001, 
        "44": 112834576.325, 
        "45": 237001106.56299999, 
        "46": 199459780.91299999, 
        "47": 155192654.479, 
        "48": 129717886.884, 
        "49": 94051917.356999993, 
        "50": 124288243.037, 
        "51": 248282498.38699999, 
        "52": 255389006.55000001, 
        "53": 375428065.19800001, 
        "54": 156416368.56, 
        "55": 252533574.979, 
        "56": 162188070.00999999, 
        "57": 316869465.66000003, 
        "58": 335886380.88499999, 
        "59": 276217730.79699999, 
        "60": 207929133.84, 
        "61": 135888837.38699999, 
        "62": 183774903.391, 
        "63": 289164255.28200001, 
        "64": 118435263.86, 
        "65": 177879989.403, 
        "66": 131647732.25, 
        "67": 150480623.389, 
        "68": 127381335.65000001, 
        "69": 113333650.04899999, 
        "70": 102181451.67, 
        "71": 161511063.222, 
        "72": 182255351.06799999, 
        "73": 174014346.183, 
        "74": 211718941.058, 
        "75": 234100789.06600001, 
        "76": 107764672.969, 
        "77": 330581042.20899999, 
        "78": 198650486.49000001, 
        "79": 129095591.93099999, 
        "80": 292732794.898, 
        "81": 171818350.949, 
        "82": 155770056.96399999, 
        "83": 85168585.406000003, 
        "84": 104520543.162, 
        "85": 223245411.06400001, 
        "86": 290316435.93800002, 
        "87": 185554045.07699999, 
        "88": 237649787.63499999, 
        "89": 254626109.89700001, 
        "90": 228627273.516, 
        "91": 101267329.087, 
        "92": 111264318.013, 
        "93": 103265445.759, 
        "94": 217595088.43099999, 
        "95": 369969422.32300001, 
        "96": 198376963.678, 
        "97": 119951601.45100001, 
        "98": 108541922.60699999, 
        "99": 170584625.98500001
    }, 
    "averaged_NPV": 198450396.99660003
}