{
    "std": 72576556.586509407, 
    "raw_results": {
        "0": 421693421.903, 
        "1": 278766242.236, 
        "2": 238279060.79499999, 
        "3": 179359697.67699999, 
        "4": 197904634.046, 
        "5": 209191430.30599999, 
        "6": 194555558.17300001, 
        "7": 184254538.46000001, 
        "8": 152898832.53200001, 
        "9": 77136894.468999997, 
        "10": 142500877.296, 
        "11": 166713824.618, 
        "12": 111089868.05400001, 
        "13": 161112338.815, 
        "14": 165965209.76800001, 
        "15": 375717667.39399999, 
        "16": 217873912.56099999, 
        "17": 255511580.50400001, 
        "18": 215769509.27200001, 
        "19": 204257815.12200001, 
        "20": 211544483.627, 
        "21": 148115334.56200001, 
        "22": 192299752.53099999, 
        "23": 316284330.33899999, 
        "24": 233551045.73800001, 
        "25": 328830803.63200003, 
        "26": 207226386.69, 
        "27": 209521713.956, 
        "28": 281134444.89300001, 
        "29": 276721857.903, 
        "30": 235837694.692, 
        "31": 144073446.35600001, 
        "32": 255377351.82300001, 
        "33": 138180446.505, 
        "34": 134421667.98500001, 
        "35": 195382708.859, 
        "36": 164880731.59, 
        "37": 311565827.16000003, 
        "38": 171138996.07699999, 
        "39": 163232263.59400001, 
        "40": 140416984.28799999, 
        "41": 223297932.64399999, 
        "42": 194049390.23100001, 
        "43": 146578252.236, 
        "44": 111954456.751, 
        "45": 236172608.764, 
        "46": 198477614.19600001, 
        "47": 154310933.523, 
        "48": 129132951.708, 
        "49": 93287666.322999999, 
        "50": 123688633.65099999, 
        "51": 247379134.271, 
        "52": 254380057.20500001, 
        "53": 374985533.75800002, 
        "54": 155705146.97099999, 
        "55": 252266892.36500001, 
        "56": 161497337.61399999, 
        "57": 315939117.04799998, 
        "58": 335573460.208, 
        "59": 275912702.87400001, 
        "60": 207010946.884, 
        "61": 134488487.287, 
        "62": 182576136.78999999, 
        "63": 288544013.89700001, 
        "64": 117629508.572, 
        "65": 176683359.06600001, 
        "66": 131215206.08400001, 
        "67": 147469399.24399999, 
        "68": 126609869.35600001, 
        "69": 112476232.685, 
        "70": 101318459.91599999, 
        "71": 160955298.502, 
        "72": 181620761.884, 
        "73": 172993915.09200001, 
        "74": 211324631.241, 
        "75": 233282476.38100001, 
        "76": 106198801.616, 
        "77": 329649244.09600002, 
        "78": 198173632.63299999, 
        "79": 127983079.014, 
        "80": 291903071.31199998, 
        "81": 171066584.12099999, 
        "82": 154878710.83199999, 
        "83": 84726056.756999999, 
        "84": 103756447.546, 
        "85": 222755525.10299999, 
        "86": 289198425.02100003, 
        "87": 184763290.07300001, 
        "88": 236874963.10800001, 
        "89": 254022622.09099999, 
        "90": 227771023.338, 
        "91": 100602842.234, 
        "92": 110445808.634, 
        "93": 102670090.917, 
        "94": 217071204.995, 
        "95": 369368466.11199999, 
        "96": 197213120.06900001, 
        "97": 118973594.043, 
        "98": 107713613.05400001, 
        "99": 169955692.69
    }, 
    "averaged_NPV": 197588156.21432003
}