{
    "std": 72560899.131225049, 
    "raw_results": {
        "0": 426279074.53299999, 
        "1": 277513982.81300002, 
        "2": 236958375.199, 
        "3": 178448675.803, 
        "4": 196916350.63999999, 
        "5": 208526666.01800001, 
        "6": 193378576.28999999, 
        "7": 184199404.38299999, 
        "8": 148075718.12200001, 
        "9": 76654528.969999999, 
        "10": 139423173.41299999, 
        "11": 165714405.68200001, 
        "12": 110241851.26000001, 
        "13": 160406309.48199999, 
        "14": 165030588.236, 
        "15": 377487354.949, 
        "16": 216919617.567, 
        "17": 254151097.71900001, 
        "18": 214715866.53799999, 
        "19": 203260920.87400001, 
        "20": 210335343.45300001, 
        "21": 147270316.55399999, 
        "22": 191351790.21599999, 
        "23": 313165719.50999999, 
        "24": 232231251.766, 
        "25": 324241652.94999999, 
        "26": 206121343.21599999, 
        "27": 208464401.04899999, 
        "28": 279763810.78600001, 
        "29": 272746922.63099998, 
        "30": 234555160.877, 
        "31": 143683374.89300001, 
        "32": 253442093.96000001, 
        "33": 137027875.17199999, 
        "34": 133332782.036, 
        "35": 194288360.889, 
        "36": 163952527.54300001, 
        "37": 309550229.68699998, 
        "38": 167781849.67300001, 
        "39": 162346428.84999999, 
        "40": 139310377.345, 
        "41": 222210562.99900001, 
        "42": 193495573.567, 
        "43": 146227358.06200001, 
        "44": 111765004.337, 
        "45": 234947476.82600001, 
        "46": 197362659.16999999, 
        "47": 153414503.62900001, 
        "48": 127710243.352, 
        "49": 91778989.625, 
        "50": 122179709.3, 
        "51": 246028759.12, 
        "52": 253130613.69499999, 
        "53": 382002311.73299998, 
        "54": 154745134.773, 
        "55": 250197984.65599999, 
        "56": 160609454.31799999, 
        "57": 313146257.00999999, 
        "58": 331130274.47000003, 
        "59": 272178884.009, 
        "60": 206023656.15599999, 
        "61": 133564944.943, 
        "62": 181688992.428, 
        "63": 287048103.99400002, 
        "64": 116626648.00300001, 
        "65": 175666828.208, 
        "66": 130435815.16599999, 
        "67": 146648298.685, 
        "68": 123731238.37199999, 
        "69": 111578453.492, 
        "70": 101145232.757, 
        "71": 160200993.45300001, 
        "72": 180662076.84900001, 
        "73": 171896830.02700001, 
        "74": 208731509.03799999, 
        "75": 232074665.75099999, 
        "76": 104253989.517, 
        "77": 325899444.65499997, 
        "78": 197040570.33000001, 
        "79": 127144292.406, 
        "80": 290615185.21100003, 
        "81": 169999163.71200001, 
        "82": 152488992.91, 
        "83": 83867975.629999995, 
        "84": 102813407.8, 
        "85": 221598020.79699999, 
        "86": 285254736.55599999, 
        "87": 184220732.72099999, 
        "88": 235646345.699, 
        "89": 250546803.40599999, 
        "90": 226636990.49599999, 
        "91": 98251343.802000001, 
        "92": 110115137.633, 
        "93": 101592589.77500001, 
        "94": 216040748.477, 
        "95": 364929951.13999999, 
        "96": 195930173.06400001, 
        "97": 118749982.758, 
        "98": 107016221.999, 
        "99": 169188950.09
    }, 
    "averaged_NPV": 196310939.44104001
}