{
    "std": 72762779.036579669, 
    "raw_results": {
        "0": 424887364.19099998, 
        "1": 279768093.97500002, 
        "2": 239724038.86399999, 
        "3": 180311396.07300001, 
        "4": 202407852.07100001, 
        "5": 210213647.41, 
        "6": 196016174.90400001, 
        "7": 185455489.17899999, 
        "8": 153982977.48800001, 
        "9": 77711971.553000003, 
        "10": 143131737.67199999, 
        "11": 167679154.704, 
        "12": 112227351.83499999, 
        "13": 164849994.77000001, 
        "14": 167035877.91600001, 
        "15": 377555182.22500002, 
        "16": 218980146.926, 
        "17": 256526086.551, 
        "18": 216682262.19400001, 
        "19": 205334838.005, 
        "20": 212182538.05000001, 
        "21": 149053449.641, 
        "22": 193356232.917, 
        "23": 318173372.19599998, 
        "24": 234783525.19299999, 
        "25": 330202252.09799999, 
        "26": 208365841.50999999, 
        "27": 210655665.94600001, 
        "28": 282048705.96700001, 
        "29": 277272176.49000001, 
        "30": 236895619.59900001, 
        "31": 145129926.537, 
        "32": 256242536.01300001, 
        "33": 139003944.36300001, 
        "34": 135726910.028, 
        "35": 196591492.11000001, 
        "36": 165987646.68200001, 
        "37": 312481994.19999999, 
        "38": 172618654.33700001, 
        "39": 163978495.155, 
        "40": 141359736.41499999, 
        "41": 224406353.546, 
        "42": 195213753.96200001, 
        "43": 147621447.24000001, 
        "44": 112679270.27, 
        "45": 237191807.68000001, 
        "46": 199824932.58399999, 
        "47": 155342845.65400001, 
        "48": 129975223.176, 
        "49": 93766450.342999995, 
        "50": 124500184.272, 
        "51": 248537726.449, 
        "52": 255624754.704, 
        "53": 377774043.92299998, 
        "54": 156705974.979, 
        "55": 252717960.52700001, 
        "56": 162649198.551, 
        "57": 316704236.08200002, 
        "58": 336288352.58200002, 
        "59": 277244576.05900002, 
        "60": 208335547.15700001, 
        "61": 135870846.824, 
        "62": 183997240.581, 
        "63": 289489129.30299997, 
        "64": 118493126.72, 
        "65": 178180559.28200001, 
        "66": 132027079.035, 
        "67": 150913095.37400001, 
        "68": 127508131.59100001, 
        "69": 113592509.918, 
        "70": 102368836.31299999, 
        "71": 162090584.11399999, 
        "72": 182568906.94499999, 
        "73": 174245117.21900001, 
        "74": 212010938.90000001, 
        "75": 234282623.48699999, 
        "76": 106398142.289, 
        "77": 331291933.171, 
        "78": 199225902.18200001, 
        "79": 129217431.2, 
        "80": 292811802.94400001, 
        "81": 172146134.59400001, 
        "82": 156134414.044, 
        "83": 85452055.930000007, 
        "84": 104619563.421, 
        "85": 223887123.583, 
        "86": 290883981.42500001, 
        "87": 185637576.37799999, 
        "88": 238028688.912, 
        "89": 254662943.995, 
        "90": 228903967.29499999, 
        "91": 100246896.441, 
        "92": 111330229.876, 
        "93": 103567459.339, 
        "94": 218195904.28999999, 
        "95": 370789688.19400001, 
        "96": 198865045.57499999, 
        "97": 120172896.684, 
        "98": 108689648.322, 
        "99": 171124878.39199999
    }, 
    "averaged_NPV": 198756200.2777499
}