{
    "std": 72674143.675423756, 
    "raw_results": {
        "0": 426726566.14700001, 
        "1": 281949762.38999999, 
        "2": 241988189.94100001, 
        "3": 182061603.91600001, 
        "4": 204439007.94400001, 
        "5": 212094060.63100001, 
        "6": 197655170.96200001, 
        "7": 187414348.79800001, 
        "8": 155477787.23100001, 
        "9": 80779970.873999998, 
        "10": 145011328.96900001, 
        "11": 169549829.502, 
        "12": 114749310.631, 
        "13": 166947907.00400001, 
        "14": 168473108.935, 
        "15": 380219725.597, 
        "16": 220722846.33199999, 
        "17": 258587703.03, 
        "18": 218781276.81999999, 
        "19": 207257541.498, 
        "20": 214365429.09999999, 
        "21": 150970920.498, 
        "22": 195189723.55399999, 
        "23": 320167228.347, 
        "24": 236971802.289, 
        "25": 332080980.84399998, 
        "26": 210259436.65000001, 
        "27": 212427767.98500001, 
        "28": 284159444.222, 
        "29": 279417830.52999997, 
        "30": 239125683.28999999, 
        "31": 146299589.02599999, 
        "32": 258321071.30399999, 
        "33": 140514583.868, 
        "34": 138746391.14300001, 
        "35": 198655792.73800001, 
        "36": 167848449.01199999, 
        "37": 314572096.73699999, 
        "38": 174843505.34299999, 
        "39": 165580191.317, 
        "40": 146221104.083, 
        "41": 226244121.28999999, 
        "42": 197364373.59400001, 
        "43": 152563415.50299999, 
        "44": 114482562.001, 
        "45": 239054404.15400001, 
        "46": 202157433.34400001, 
        "47": 157258032.05599999, 
        "48": 134063973.888, 
        "49": 97243491.590000004, 
        "50": 127509736.294, 
        "51": 250597966.17500001, 
        "52": 257616619.958, 
        "53": 379703816.472, 
        "54": 158193232.69600001, 
        "55": 254537880.09599999, 
        "56": 164368804.914, 
        "57": 318873000.01099998, 
        "58": 338292749.15600002, 
        "59": 278978970.02899998, 
        "60": 210320675.03200001, 
        "61": 137754889.86300001, 
        "62": 186096651.405, 
        "63": 291719278.16500002, 
        "64": 120030061.01199999, 
        "65": 183170165.817, 
        "66": 133602570.472, 
        "67": 152512659.53799999, 
        "68": 129410324.131, 
        "69": 115044527.664, 
        "70": 104049365.61399999, 
        "71": 163076951.949, 
        "72": 184375786.43599999, 
        "73": 176437716.33700001, 
        "74": 213626361.76499999, 
        "75": 236147166.64899999, 
        "76": 109886252.23, 
        "77": 333706563.37699997, 
        "78": 201056243.912, 
        "79": 132494424.69400001, 
        "80": 295142996.63800001, 
        "81": 174042845.03600001, 
        "82": 158045759.57300001, 
        "83": 87195932.377000004, 
        "84": 106822774.07799999, 
        "85": 225744350.10100001, 
        "86": 293099420.63599998, 
        "87": 186577786.77200001, 
        "88": 239913815.95899999, 
        "89": 256447837.65900001, 
        "90": 230809839.04300001, 
        "91": 103105991.072, 
        "92": 113246774.141, 
        "93": 105486905.83, 
        "94": 219867532.85800001, 
        "95": 372413757.63499999, 
        "96": 201645767.99599999, 
        "97": 122027801.108, 
        "98": 110309859.44599999, 
        "99": 173136972.68099999
    }, 
    "averaged_NPV": 200863340.08953997
}