{
    "std": 72559249.737397984, 
    "raw_results": {
        "0": 423198403.421, 
        "1": 281110001.70700002, 
        "2": 240999884.06900001, 
        "3": 180809120.43599999, 
        "4": 203242578.99900001, 
        "5": 210791562.252, 
        "6": 196521851.27700001, 
        "7": 186437124.39700001, 
        "8": 154549687.55899999, 
        "9": 79007562.688999996, 
        "10": 144226213.83199999, 
        "11": 168322901.14300001, 
        "12": 113080982.138, 
        "13": 165956241.43700001, 
        "14": 167569637.20899999, 
        "15": 377906706.42000002, 
        "16": 219833561.22, 
        "17": 257551622.88699999, 
        "18": 217848583.711, 
        "19": 206286395.99200001, 
        "20": 213179121.08199999, 
        "21": 149853555.502, 
        "22": 194298008.83399999, 
        "23": 318071783.21499997, 
        "24": 235784841.704, 
        "25": 330789087.954, 
        "26": 208984817.611, 
        "27": 211187673.803, 
        "28": 282953796.34500003, 
        "29": 278693142.88300002, 
        "30": 237864130.67500001, 
        "31": 145992089.586, 
        "32": 257728691.794, 
        "33": 139593741.47400001, 
        "34": 136471743.484, 
        "35": 197158298.035, 
        "36": 166632101.565, 
        "37": 313657445.18099999, 
        "38": 173900353.73899999, 
        "39": 164722393.87599999, 
        "40": 142922138.70199999, 
        "41": 225509422.55199999, 
        "42": 196171213.52599999, 
        "43": 151674147.692, 
        "44": 113673673.456, 
        "45": 238106546.90900001, 
        "46": 200752454.53099999, 
        "47": 156209215.07100001, 
        "48": 130628782.686, 
        "49": 94837527.525000006, 
        "50": 125286578.882, 
        "51": 249431645.18700001, 
        "52": 256612602.81400001, 
        "53": 376890736.73500001, 
        "54": 157608770.42500001, 
        "55": 253867884.329, 
        "56": 163318953.00999999, 
        "57": 317698524.37300003, 
        "58": 337363799.62400001, 
        "59": 277471645.52499998, 
        "60": 209367597.46599999, 
        "61": 136404955.17199999, 
        "62": 184999798.80399999, 
        "63": 290502791.06900001, 
        "64": 119053179.32700001, 
        "65": 178944463.96900001, 
        "66": 132555318.252, 
        "67": 151525857.72400001, 
        "68": 128632210.443, 
        "69": 114105860.44499999, 
        "70": 103171342.089, 
        "71": 162093891.53099999, 
        "72": 183313266.822, 
        "73": 175133813.5, 
        "74": 212914739.60299999, 
        "75": 235056297.91100001, 
        "76": 108558041.527, 
        "77": 331570463.20099998, 
        "78": 200014250.905, 
        "79": 131803968.406, 
        "80": 293855938.40899998, 
        "81": 172901347.00400001, 
        "82": 156720732.99599999, 
        "83": 86160848.408999994, 
        "84": 105700993.56900001, 
        "85": 224765210.15000001, 
        "86": 291371413.45499998, 
        "87": 186588265.41999999, 
        "88": 238825913.22600001, 
        "89": 255672220.016, 
        "90": 229993648.139, 
        "91": 101877625.638, 
        "92": 112257232.169, 
        "93": 104749043.213, 
        "94": 218818452.34900001, 
        "95": 371121177.76499999, 
        "96": 199683151.176, 
        "97": 121036058.178, 
        "98": 109475217.836, 
        "99": 171636252.46000001
    }, 
    "averaged_NPV": 199617365.54434004
}