{
    "std": 72281084.874465585, 
    "raw_results": {
        "0": 423657063.12800002, 
        "1": 281248835.03299999, 
        "2": 239052925.24200001, 
        "3": 178527720.08399999, 
        "4": 200932613.52500001, 
        "5": 212547327.06600001, 
        "6": 196742054.69800001, 
        "7": 184706862.08700001, 
        "8": 154184439.29800001, 
        "9": 80610621.511000007, 
        "10": 144978563.06799999, 
        "11": 169325975.27500001, 
        "12": 114190867.147, 
        "13": 165656801.479, 
        "14": 168560763.609, 
        "15": 377966887.43199998, 
        "16": 220051351.965, 
        "17": 257830189.127, 
        "18": 215619778.87900001, 
        "19": 206737097.35299999, 
        "20": 214886402.51100001, 
        "21": 150707858.002, 
        "22": 194617809.53400001, 
        "23": 318779320.93199998, 
        "24": 236319846.87400001, 
        "25": 330930000.76700002, 
        "26": 210580558.493, 
        "27": 212031095.38699999, 
        "28": 283477256.42000002, 
        "29": 278984032.65499997, 
        "30": 238804168.89899999, 
        "31": 146864747.09299999, 
        "32": 257635678.977, 
        "33": 141934601.56099999, 
        "34": 136963748.51199999, 
        "35": 198031570.23100001, 
        "36": 164473068.53099999, 
        "37": 313764188.671, 
        "38": 174305847.18900001, 
        "39": 165783894.66, 
        "40": 143856624.317, 
        "41": 225542084.86300001, 
        "42": 195093622.32699999, 
        "43": 152721209.20199999, 
        "44": 113802075.58499999, 
        "45": 238361615.505, 
        "46": 199376483.23800001, 
        "47": 157106917.68799999, 
        "48": 131667163.897, 
        "49": 96388984.099000007, 
        "50": 126029004.086, 
        "51": 250246031.215, 
        "52": 256960129.94800001, 
        "53": 376938254.35500002, 
        "54": 159106525.01499999, 
        "55": 254207627.29699999, 
        "56": 164562655.02000001, 
        "57": 318298330.92799997, 
        "58": 337875464.68699998, 
        "59": 277827648.884, 
        "60": 208227140.729, 
        "61": 136710106.84, 
        "62": 182956741.66999999, 
        "63": 291072297.49800003, 
        "64": 120649069.645, 
        "65": 181698434.07100001, 
        "66": 133894104.80400001, 
        "67": 151122183.58899999, 
        "68": 128516729.498, 
        "69": 116127158.13500001, 
        "70": 104198449.286, 
        "71": 163986963.197, 
        "72": 183876008.93599999, 
        "73": 175379211.77900001, 
        "74": 213254023.90200001, 
        "75": 237377372.60299999, 
        "76": 109075599.60600001, 
        "77": 331780226.45899999, 
        "78": 200949158.51199999, 
        "79": 131071730.219, 
        "80": 294407927.98900002, 
        "81": 174430291.15599999, 
        "82": 156763461.329, 
        "83": 86979820.079999998, 
        "84": 107224665.332, 
        "85": 225431162.007, 
        "86": 285587632.60699999, 
        "87": 184951219.37200001, 
        "88": 239151580.421, 
        "89": 256026201.03600001, 
        "90": 230213737.26100001, 
        "91": 103257891.692, 
        "92": 113694823.94599999, 
        "93": 105282436.57600001, 
        "94": 219413141.79800001, 
        "95": 371239316.28100002, 
        "96": 199343317.43399999, 
        "97": 121146527.02500001, 
        "98": 110730349.06299999, 
        "99": 173761685.366
    }, 
    "averaged_NPV": 199999327.83810008
}