{
    "std": 72465087.87864548, 
    "raw_results": {
        "0": 422182431.07999998, 
        "1": 279803832.53100002, 
        "2": 239446304.75099999, 
        "3": 179754318.11199999, 
        "4": 201993280.08700001, 
        "5": 209860998.155, 
        "6": 196044680.09099999, 
        "7": 185113159.46000001, 
        "8": 154139821.16, 
        "9": 77657024.512999997, 
        "10": 143219365.162, 
        "11": 167357024.755, 
        "12": 112167732.506, 
        "13": 164789033.366, 
        "14": 166688623.977, 
        "15": 376281183.44599998, 
        "16": 218666577.16499999, 
        "17": 256321317.454, 
        "18": 216376275.333, 
        "19": 204950840.65200001, 
        "20": 211940158.33199999, 
        "21": 149129415.39700001, 
        "22": 192974787.65200001, 
        "23": 316927638.85600001, 
        "24": 234491832.215, 
        "25": 329498393.324, 
        "26": 208039363.84900001, 
        "27": 210248171.755, 
        "28": 281948416.26499999, 
        "29": 277334528.52899998, 
        "30": 236593035.005, 
        "31": 145223915.963, 
        "32": 256214123.95699999, 
        "33": 138749136.29300001, 
        "34": 135430073.748, 
        "35": 195982607.51199999, 
        "36": 165890194.146, 
        "37": 312248539.78799999, 
        "38": 172519118.66100001, 
        "39": 163660983.22299999, 
        "40": 141323085.78400001, 
        "41": 224178890.21399999, 
        "42": 195060071.046, 
        "43": 147652843.73699999, 
        "44": 112872326.29700001, 
        "45": 237040185.29800001, 
        "46": 199480411.303, 
        "47": 155221081.77700001, 
        "48": 129977890.336, 
        "49": 94230773.851999998, 
        "50": 124449890.296, 
        "51": 248289027.37799999, 
        "52": 255425607.59, 
        "53": 375460622.69199997, 
        "54": 156491319.04100001, 
        "55": 252589068.699, 
        "56": 162289166.08000001, 
        "57": 316866374.755, 
        "58": 335944726.42500001, 
        "59": 276294126.57099998, 
        "60": 207970721.956, 
        "61": 135869745.11199999, 
        "62": 183778869.63, 
        "63": 289205922.34799999, 
        "64": 118185034.589, 
        "65": 177913283.28799999, 
        "66": 131643429.125, 
        "67": 150620210.94600001, 
        "68": 127523183.152, 
        "69": 113478412.02599999, 
        "70": 102617689.006, 
        "71": 161608353.507, 
        "72": 182192999.965, 
        "73": 174050977.322, 
        "74": 211775128.67699999, 
        "75": 234089365.34099999, 
        "76": 107862751.523, 
        "77": 330587557.99900001, 
        "78": 198784518.32499999, 
        "79": 129159453.21600001, 
        "80": 292775221.43800002, 
        "81": 171861271.43099999, 
        "82": 155946186.361, 
        "83": 85349211.517000005, 
        "84": 104610973.167, 
        "85": 223297406.62900001, 
        "86": 290395309.90100002, 
        "87": 185589460.51100001, 
        "88": 237695837.05399999, 
        "89": 254710352.93599999, 
        "90": 228676366.29699999, 
        "91": 101432436.322, 
        "92": 111466854.647, 
        "93": 103581114.11399999, 
        "94": 217709643.234, 
        "95": 369965730.94800001, 
        "96": 198466833.12799999, 
        "97": 119986040.81, 
        "98": 108629870.536, 
        "99": 170630671.90599999
    }, 
    "averaged_NPV": 198506901.47336999
}