{
    "std": 73037768.670444697, 
    "raw_results": {
        "0": 434164455.84500003, 
        "1": 278818798.167, 
        "2": 239494164.088, 
        "3": 176077497.414, 
        "4": 198402621.80599999, 
        "5": 209157413.64500001, 
        "6": 192556023.93900001, 
        "7": 185677595.14199999, 
        "8": 150069632.192, 
        "9": 77951424.25, 
        "10": 141585703.551, 
        "11": 166789783.09599999, 
        "12": 111488272.56900001, 
        "13": 162754190.77000001, 
        "14": 166396669.53299999, 
        "15": 373394818.89700001, 
        "16": 217928761.046, 
        "17": 255609400.32100001, 
        "18": 212575763.72400001, 
        "19": 204254385.41499999, 
        "20": 212165216.71799999, 
        "21": 148141558.69800001, 
        "22": 192320184.79300001, 
        "23": 315575493.50400001, 
        "24": 233609946.241, 
        "25": 328150948.90700001, 
        "26": 207314927.54100001, 
        "27": 209725055.94600001, 
        "28": 281148714.273, 
        "29": 276796842.05299997, 
        "30": 236014645.09, 
        "31": 146765678.50600001, 
        "32": 255450424.36300001, 
        "33": 136064147.53299999, 
        "34": 134276725.37799999, 
        "35": 195528348.435, 
        "36": 164969932.794, 
        "37": 311600453.83499998, 
        "38": 170921948.18700001, 
        "39": 163718931.664, 
        "40": 140965522.96700001, 
        "41": 223516805.26499999, 
        "42": 192346268.757, 
        "43": 149191143.07600001, 
        "44": 111236286.559, 
        "45": 236287539.61399999, 
        "46": 195268098.36399999, 
        "47": 154941502.65599999, 
        "48": 131191927.411, 
        "49": 93164018.331, 
        "50": 123239741.259, 
        "51": 247347912.65400001, 
        "52": 254448118.25, 
        "53": 384256571.70599997, 
        "54": 156527657.96700001, 
        "55": 252122299.06600001, 
        "56": 162086611.551, 
        "57": 315905900.74599999, 
        "58": 335737202.96899998, 
        "59": 273920295.301, 
        "60": 208042125.75099999, 
        "61": 136156336.676, 
        "62": 179602309.78200001, 
        "63": 288495732.86699998, 
        "64": 118338734.82700001, 
        "65": 178194670.912, 
        "66": 131569588.98100001, 
        "67": 149179657.42399999, 
        "68": 125858234.502, 
        "69": 112500726.198, 
        "70": 101936646.197, 
        "71": 161748161.90700001, 
        "72": 181679760.28400001, 
        "73": 170341504.76199999, 
        "74": 211091014.36899999, 
        "75": 233287972.17899999, 
        "76": 106490859.624, 
        "77": 329660537.30000001, 
        "78": 198319561.516, 
        "79": 128854501.654, 
        "80": 291909561.37199998, 
        "81": 171352108.94, 
        "82": 154544955.67199999, 
        "83": 84879153.701000005, 
        "84": 104552658.528, 
        "85": 222865410.65099999, 
        "86": 290629429.14700001, 
        "87": 181261455.35299999, 
        "88": 237021672.86300001, 
        "89": 253807702.75099999, 
        "90": 227861923.70699999, 
        "91": 99144504.109999999, 
        "92": 111072125.95900001, 
        "93": 103177636.513, 
        "94": 217168289.308, 
        "95": 368507453.50400001, 
        "96": 195271489.83500001, 
        "97": 118329664.498, 
        "98": 107690439.60600001, 
        "99": 170883199.22799999
    }, 
    "averaged_NPV": 197723883.97296003
}