{
    "std": 72194407.202386245, 
    "raw_results": {
        "0": 426188610.11400002, 
        "1": 277353657.153, 
        "2": 236418229.00400001, 
        "3": 177547235.05399999, 
        "4": 196508536.31900001, 
        "5": 208009674.33399999, 
        "6": 193495080.16499999, 
        "7": 183136148.146, 
        "8": 151299406.57600001, 
        "9": 76471642.294, 
        "10": 141248904.73800001, 
        "11": 165273971.683, 
        "12": 110344117.875, 
        "13": 162764396.93900001, 
        "14": 164816642.70199999, 
        "15": 377142598.48799998, 
        "16": 216537249.76300001, 
        "17": 253998196.972, 
        "18": 214243425.55700001, 
        "19": 202918516.861, 
        "20": 209421410.41600001, 
        "21": 146671475.30700001, 
        "22": 190853539.65000001, 
        "23": 312877696.398, 
        "24": 232179828.623, 
        "25": 324080756.46200001, 
        "26": 206085529.29499999, 
        "27": 208401208.42399999, 
        "28": 279476612.33200002, 
        "29": 272699134.15499997, 
        "30": 234222713.36500001, 
        "31": 145603032.204, 
        "32": 253211368.91999999, 
        "33": 136635371.47499999, 
        "34": 134779670.05700001, 
        "35": 193869296.588, 
        "36": 163725779.10699999, 
        "37": 309138469.90799999, 
        "38": 170078797.33500001, 
        "39": 161751700.40799999, 
        "40": 142035453.31200001, 
        "41": 221762724.18599999, 
        "42": 193490650.42899999, 
        "43": 148394971.85800001, 
        "44": 111047795.375, 
        "45": 234786499.928, 
        "46": 197151203.079, 
        "47": 155243346.97299999, 
        "48": 130297133.847, 
        "49": 92303447.163000003, 
        "50": 124062737.11499999, 
        "51": 245922484.74599999, 
        "52": 252761276.73500001, 
        "53": 381917087.199, 
        "54": 154306673.13100001, 
        "55": 249642987.59599999, 
        "56": 160311817.171, 
        "57": 313061726.65799999, 
        "58": 330703380.296, 
        "59": 271666550.06599998, 
        "60": 205646678.542, 
        "61": 136479950.403, 
        "62": 181503788.127, 
        "63": 286683662.59500003, 
        "64": 116773644.90099999, 
        "65": 175707236.29300001, 
        "66": 130032516.23100001, 
        "67": 148248142.22799999, 
        "68": 125712538.212, 
        "69": 111561638.87, 
        "70": 100713777.34900001, 
        "71": 158440200.32499999, 
        "72": 180233390.49599999, 
        "73": 171709506.95300001, 
        "74": 208309410.05199999, 
        "75": 232018611.912, 
        "76": 106170280.822, 
        "77": 325867916.66399997, 
        "78": 196435405.25, 
        "79": 128866393.315, 
        "80": 290358652.245, 
        "81": 169670811.81400001, 
        "82": 153638945.80899999, 
        "83": 83760474.642000005, 
        "84": 102605960.41500001, 
        "85": 220726261.20500001, 
        "86": 285200015.676, 
        "87": 182102619.77900001, 
        "88": 235527255.417, 
        "89": 250570923.94999999, 
        "90": 226407342.27700001, 
        "91": 98669681.986000001, 
        "92": 112316859.34199999, 
        "93": 103883314.653, 
        "94": 215423580.042, 
        "95": 364546304.98000002, 
        "96": 195972000.03799999, 
        "97": 118103770.874, 
        "98": 106777520.15099999, 
        "99": 168843272.028
    }, 
    "averaged_NPV": 196445698.34892002
}