{
    "std": 72828342.398836792, 
    "raw_results": {
        "0": 434148213.347, 
        "1": 283439388.56800002, 
        "2": 242230643.711, 
        "3": 181398484.80599999, 
        "4": 204257650.83899999, 
        "5": 211371553.544, 
        "6": 199566388.56799999, 
        "7": 186928033.752, 
        "8": 156749595.595, 
        "9": 82245301.361000001, 
        "10": 146797829.06099999, 
        "11": 172143891.627, 
        "12": 116274002.05, 
        "13": 167968420.37099999, 
        "14": 168958708.46700001, 
        "15": 381966096.12699997, 
        "16": 222584444.12799999, 
        "17": 259909841.66100001, 
        "18": 219005550.37099999, 
        "19": 209156675.72, 
        "20": 212061673.77399999, 
        "21": 153350202.588, 
        "22": 196442512.15700001, 
        "23": 322397283.421, 
        "24": 234919485.95199999, 
        "25": 333713585.19, 
        "26": 207036545.204, 
        "27": 215660262.47999999, 
        "28": 285927647.43199998, 
        "29": 280592196.44700003, 
        "30": 241498143.259, 
        "31": 149180609.92399999, 
        "32": 259665597.248, 
        "33": 141464133.74700001, 
        "34": 139357814.65099999, 
        "35": 197139369.361, 
        "36": 167188566.90200001, 
        "37": 316161216.81300002, 
        "38": 176958686.15099999, 
        "39": 167676748.25600001, 
        "40": 146839155.546, 
        "41": 227645951.956, 
        "42": 197192677.58700001, 
        "43": 151863631.85800001, 
        "44": 115942949.37100001, 
        "45": 240556972.928, 
        "46": 202243816.22299999, 
        "47": 159381878.47299999, 
        "48": 136842151.627, 
        "49": 98827283.056999996, 
        "50": 128267696.59999999, 
        "51": 253642742.31, 
        "52": 259146694.32300001, 
        "53": 385166718.95700002, 
        "54": 158855693.20899999, 
        "55": 255885061.933, 
        "56": 166310284.96599999, 
        "57": 320359853.02700001, 
        "58": 339656826.06400001, 
        "59": 279960113.89300001, 
        "60": 211108495.31200001, 
        "61": 139455965.755, 
        "62": 187239620.581, 
        "63": 293338169.77700001, 
        "64": 123102037.65000001, 
        "65": 184750225.359, 
        "66": 135813906.98899999, 
        "67": 153138624.93599999, 
        "68": 132791175.476, 
        "69": 118349817.55400001, 
        "70": 106232190.435, 
        "71": 165835319.458, 
        "72": 184067535.905, 
        "73": 177477372.48899999, 
        "74": 214802897.74599999, 
        "75": 239232870.69999999, 
        "76": 111743329.855, 
        "77": 335207835.85000002, 
        "78": 202514662.71000001, 
        "79": 133286424.206, 
        "80": 297493236.11000001, 
        "81": 177352836.634, 
        "82": 158778860.77500001, 
        "83": 90026998.550999999, 
        "84": 108845100.412, 
        "85": 224462994.875, 
        "86": 288750529.88099998, 
        "87": 187143602.96399999, 
        "88": 241340397.854, 
        "89": 257910187.80500001, 
        "90": 232179218.04100001, 
        "91": 105146341.146, 
        "92": 115735507.066, 
        "93": 108532673.208, 
        "94": 222260722.64199999, 
        "95": 376504443.64399999, 
        "96": 203888365.04499999, 
        "97": 123338477.227, 
        "98": 112812410.712, 
        "99": 176652723.32300001
    }, 
    "averaged_NPV": 202287252.55197003
}