{
    "std": 72837260.884572566, 
    "raw_results": {
        "0": 431391941.19, 
        "1": 282727267.65899998, 
        "2": 240524473.382, 
        "3": 179526239.30000001, 
        "4": 202151750.18900001, 
        "5": 212785765.58500001, 
        "6": 196916300.70300001, 
        "7": 189225684.495, 
        "8": 154350750.16299999, 
        "9": 81312500.607999995, 
        "10": 145736293.71900001, 
        "11": 170339587.62200001, 
        "12": 115032826.19499999, 
        "13": 166757518.76499999, 
        "14": 169588539.97999999, 
        "15": 380811696.53899997, 
        "16": 221358206.09599999, 
        "17": 259324494.507, 
        "18": 220892370.692, 
        "19": 207809377.64399999, 
        "20": 216110663.41, 
        "21": 151886270.46200001, 
        "22": 195781182.46200001, 
        "23": 320418176.264, 
        "24": 237442831.92699999, 
        "25": 332625804.62599999, 
        "26": 210852202.662, 
        "27": 212932162.815, 
        "28": 284815088.33600003, 
        "29": 280032575.46600002, 
        "30": 240204457.04699999, 
        "31": 151240622.68700001, 
        "32": 259075614.22, 
        "33": 142829639.18200001, 
        "34": 138102305.248, 
        "35": 199118146.86399999, 
        "36": 165426919.59599999, 
        "37": 315456164.68800002, 
        "38": 175627203.28999999, 
        "39": 166881419.039, 
        "40": 144282162.45500001, 
        "41": 227236368.80199999, 
        "42": 195545750.59900001, 
        "43": 153120490.19, 
        "44": 117294956.044, 
        "45": 239919042.88499999, 
        "46": 199793292.375, 
        "47": 158197046.81799999, 
        "48": 135571346.167, 
        "49": 98310890.005999997, 
        "50": 126836839.507, 
        "51": 251480399.41, 
        "52": 258660766.53600001, 
        "53": 382702943.61000001, 
        "54": 159806272.07499999, 
        "55": 255096318.572, 
        "56": 165403753.06999999, 
        "57": 319523911.921, 
        "58": 338555653.01700002, 
        "59": 279394546.227, 
        "60": 211881157.98800001, 
        "61": 139663085.15900001, 
        "62": 183719462.67500001, 
        "63": 292346048.20499998, 
        "64": 121490982.723, 
        "65": 182794645.25099999, 
        "66": 134822901.00799999, 
        "67": 152211822.31900001, 
        "68": 131898310.112, 
        "69": 116113963.309, 
        "70": 105112779.653, 
        "71": 164848027.31799999, 
        "72": 184925390.713, 
        "73": 175816315.19600001, 
        "74": 214268813.66999999, 
        "75": 237054385.273, 
        "76": 109645966.98, 
        "77": 334540710.86500001, 
        "78": 202071307.25999999, 
        "79": 132200368.927, 
        "80": 295567972.61500001, 
        "81": 174972127.66999999, 
        "82": 158037948.22400001, 
        "83": 88869882.049999997, 
        "84": 107678934.015, 
        "85": 226552403.01499999, 
        "86": 296604762.48400003, 
        "87": 185494965.03600001, 
        "88": 240582334.89199999, 
        "89": 256903210.95100001, 
        "90": 231714985.537, 
        "91": 103812199.476, 
        "92": 114530884.353, 
        "93": 107862336.28, 
        "94": 220453819.71200001, 
        "95": 375679206.97399998, 
        "96": 200327984.21200001, 
        "97": 125445365.686, 
        "98": 111384329.31, 
        "99": 174522888.44
    }, 
    "averaged_NPV": 201565807.71146002
}