{
    "std": 72995685.868288726, 
    "raw_results": {
        "0": 434090459.22299999, 
        "1": 278766132.792, 
        "2": 238425395.60699999, 
        "3": 179734581.80000001, 
        "4": 198256108.02900001, 
        "5": 209191430.30599999, 
        "6": 191313734.01699999, 
        "7": 185187723.74200001, 
        "8": 149637951.70199999, 
        "9": 77941097.806999996, 
        "10": 141093038.90400001, 
        "11": 166828321.64700001, 
        "12": 111184504.833, 
        "13": 161829422.52399999, 
        "14": 165960990.65099999, 
        "15": 373279335.458, 
        "16": 217873912.56099999, 
        "17": 255510315.82800001, 
        "18": 216185279.116, 
        "19": 204257815.12200001, 
        "20": 212486545.278, 
        "21": 148003841.04100001, 
        "22": 192299752.53099999, 
        "23": 315505589.79400003, 
        "24": 233551045.73800001, 
        "25": 328146191.22399998, 
        "26": 207226386.69, 
        "27": 209521713.956, 
        "28": 281141456.17199999, 
        "29": 276778537.04100001, 
        "30": 235837694.692, 
        "31": 146041667.93099999, 
        "32": 255424604.07699999, 
        "33": 138767584.405, 
        "34": 134062559.49600001, 
        "35": 195382708.859, 
        "36": 164985496.32300001, 
        "37": 311575929.097, 
        "38": 169622134.21799999, 
        "39": 163731658.02399999, 
        "40": 140435342.37900001, 
        "41": 223297932.64399999, 
        "42": 195289956.49000001, 
        "43": 148032192.39399999, 
        "44": 113844194.43099999, 
        "45": 236172608.764, 
        "46": 195185637.66999999, 
        "47": 154676507.17199999, 
        "48": 131003429.354, 
        "49": 93269551.479000002, 
        "50": 122980406.192, 
        "51": 247379134.271, 
        "52": 254380057.20500001, 
        "53": 384289683.19400001, 
        "54": 156099995.09, 
        "55": 252286749.171, 
        "56": 161930806.69, 
        "57": 315951568.99400002, 
        "58": 335667595.12699997, 
        "59": 273955828.28799999, 
        "60": 207010946.884, 
        "61": 136017969.03099999, 
        "62": 182728274.72799999, 
        "63": 288544013.89700001, 
        "64": 117723984.244, 
        "65": 177513898.53400001, 
        "66": 131247490.892, 
        "67": 148640012.62, 
        "68": 126949940.425, 
        "69": 111816114.87199999, 
        "70": 101669247.677, 
        "71": 161451129.13600001, 
        "72": 181620761.884, 
        "73": 173054073.35800001, 
        "74": 211131585.266, 
        "75": 233282390.73800001, 
        "76": 105979938.242, 
        "77": 329671934.67400002, 
        "78": 198230727.04699999, 
        "79": 128428611.965, 
        "80": 291902564.63800001, 
        "81": 171292512.77000001, 
        "82": 154338905.42399999, 
        "83": 84593065.077000007, 
        "84": 103939335.42299999, 
        "85": 222755525.10299999, 
        "86": 288651321.12599999, 
        "87": 186428469.74900001, 
        "88": 236874963.10800001, 
        "89": 253864303.01300001, 
        "90": 227771023.338, 
        "91": 99331648.899000004, 
        "92": 111977657.293, 
        "93": 101744630.67200001, 
        "94": 217071204.995, 
        "95": 368416389.40799999, 
        "96": 194134947.69100001, 
        "97": 119726322.72499999, 
        "98": 107813601.638, 
        "99": 170285902.03
    }, 
    "averaged_NPV": 197783971.65489009
}