{
    "std": 72823882.608131364, 
    "raw_results": {
        "0": 435463701.99900001, 
        "1": 280270696.69599998, 
        "2": 238629294.729, 
        "3": 178089399.764, 
        "4": 200396697.26199999, 
        "5": 211906824.88699999, 
        "6": 195449738.08399999, 
        "7": 183852999.611, 
        "8": 153432949.56200001, 
        "9": 79685771.028999999, 
        "10": 143448503.96700001, 
        "11": 168508233.472, 
        "12": 113172858.25399999, 
        "13": 164813578.00799999, 
        "14": 165815401.36300001, 
        "15": 374276692.83600003, 
        "16": 219456119.132, 
        "17": 256804726.75999999, 
        "18": 215506563.81099999, 
        "19": 205983320.71200001, 
        "20": 208784690.56799999, 
        "21": 149825607.08700001, 
        "22": 193798736.472, 
        "23": 316671342.01200002, 
        "24": 235293219.34799999, 
        "25": 329514419.53500003, 
        "26": 209418778.59099999, 
        "27": 212710201.896, 
        "28": 282506053.71100003, 
        "29": 278074882.48299998, 
        "30": 238408360.49399999, 
        "31": 145813824.903, 
        "32": 256834722.58399999, 
        "33": 138596563.18599999, 
        "34": 136256677.55000001, 
        "35": 193890390.71799999, 
        "36": 164080286.521, 
        "37": 312814103.352, 
        "38": 173382648.35800001, 
        "39": 165022225.875, 
        "40": 144047060.66600001, 
        "41": 224710976.82800001, 
        "42": 194150644.73899999, 
        "43": 148707328.44, 
        "44": 113142920.913, 
        "45": 237529160.87, 
        "46": 198398353.25999999, 
        "47": 156364919.0, 
        "48": 130928953.873, 
        "49": 95246210.947999999, 
        "50": 125623969.36399999, 
        "51": 249084264.07300001, 
        "52": 255874932.20500001, 
        "53": 385373684.93000001, 
        "54": 155913051.19999999, 
        "55": 253518372.59, 
        "56": 163143380.10699999, 
        "57": 317260086.09500003, 
        "58": 337387642.72799999, 
        "59": 275162144.05800003, 
        "60": 206967939.54800001, 
        "61": 136022331.12799999, 
        "62": 184004132.35600001, 
        "63": 289991357.07200003, 
        "64": 119948161.023, 
        "65": 181141586.80700001, 
        "66": 133335485.427, 
        "67": 150328469.07600001, 
        "68": 127280560.542, 
        "69": 115109393.78, 
        "70": 103403881.618, 
        "71": 163168083.19800001, 
        "72": 180776539.39399999, 
        "73": 174459021.706, 
        "74": 212309564.15599999, 
        "75": 236400772.28099999, 
        "76": 108215092.458, 
        "77": 330631497.32499999, 
        "78": 199709726.94999999, 
        "79": 130093612.30400001, 
        "80": 293549884.68400002, 
        "81": 174273547.829, 
        "82": 155634313.83399999, 
        "83": 86345936.677000001, 
        "84": 105314009.94499999, 
        "85": 221346429.63699999, 
        "86": 283785610.86000001, 
        "87": 184099391.71200001, 
        "88": 238284245.41, 
        "89": 255045416.014, 
        "90": 229162784.69400001, 
        "91": 101341779.09100001, 
        "92": 112514401.19599999, 
        "93": 104332164.19499999, 
        "94": 218926547.838, 
        "95": 369515716.58499998, 
        "96": 198931722.00400001, 
        "97": 120796260.711, 
        "98": 109717687.15800001, 
        "99": 173183284.162
    }, 
    "averaged_NPV": 199076282.06454006
}