{
    "std": 72516494.983466968, 
    "raw_results": {
        "0": 425616879.903, 
        "1": 276737120.81199998, 
        "2": 234868398.403, 
        "3": 174281798.639, 
        "4": 196618182.34200001, 
        "5": 205687222.021, 
        "6": 191596643.491, 
        "7": 180632170.56799999, 
        "8": 149516802.264, 
        "9": 75757832.859999999, 
        "10": 140134256.685, 
        "11": 164751524.98300001, 
        "12": 109829241.14300001, 
        "13": 158472445.222, 
        "14": 162643410.68900001, 
        "15": 376710603.15100002, 
        "16": 216136703.68599999, 
        "17": 253387188.692, 
        "18": 211976962.88, 
        "19": 202445334.93599999, 
        "20": 204703438.68099999, 
        "21": 145830764.47499999, 
        "22": 190459572.55599999, 
        "23": 313078945.81400001, 
        "24": 231616773.646, 
        "25": 323557615.55699998, 
        "26": 205741963.97600001, 
        "27": 209315959.82800001, 
        "28": 278701866.74900001, 
        "29": 272126065.34200001, 
        "30": 234424645.14500001, 
        "31": 143440409.68200001, 
        "32": 252748615.48899999, 
        "33": 135636239.55000001, 
        "34": 132461423.514, 
        "35": 190165781.632, 
        "36": 160835470.169, 
        "37": 308616176.42199999, 
        "38": 169351421.942, 
        "39": 161365488.21200001, 
        "40": 139047600.69, 
        "41": 221460702.60100001, 
        "42": 190915834.21700001, 
        "43": 145270105.00999999, 
        "44": 110632276.112, 
        "45": 234186487.73100001, 
        "46": 194412612.646, 
        "47": 153773124.70500001, 
        "48": 126689905.90099999, 
        "49": 92110091.562999994, 
        "50": 122037261.06299999, 
        "51": 245335608.493, 
        "52": 252175840.26699999, 
        "53": 381350288.01999998, 
        "54": 151703252.933, 
        "55": 249174551.94100001, 
        "56": 159681920.44400001, 
        "57": 312172685.84600002, 
        "58": 330166078.63499999, 
        "59": 271087810.83399999, 
        "60": 203490381.96799999, 
        "61": 133103109.29000001, 
        "62": 180261246.697, 
        "63": 285840639.03299999, 
        "64": 114586834.964, 
        "65": 176931109.787, 
        "66": 129614336.40800001, 
        "67": 147168810.083, 
        "68": 123334501.64399999, 
        "69": 111521524.04700001, 
        "70": 100787032.728, 
        "71": 159867566.69100001, 
        "72": 177748051.553, 
        "73": 170437335.285, 
        "74": 207842232.30500001, 
        "75": 227538636.91999999, 
        "76": 104812080.722, 
        "77": 324994399.04400003, 
        "78": 195800842.22, 
        "79": 126811879.73, 
        "80": 290053535.63, 
        "81": 170581203.715, 
        "82": 152514455.91100001, 
        "83": 82560840.275000006, 
        "84": 101967896.59299999, 
        "85": 217924812.90200001, 
        "86": 288916515.85799998, 
        "87": 181158713.05000001, 
        "88": 234847165.64899999, 
        "89": 249968480.905, 
        "90": 225789771.583, 
        "91": 97858287.030000001, 
        "92": 109805739.824, 
        "93": 101932955.82700001, 
        "94": 215290894.59599999, 
        "95": 364218705.66000003, 
        "96": 194488774.12799999, 
        "97": 116963526.249, 
        "98": 106993789.539, 
        "99": 169346846.38499999
    }, 
    "averaged_NPV": 195310388.63831002
}