{
    "std": 72617551.969959348, 
    "raw_results": {
        "0": 426409722.98500001, 
        "1": 277990963.85799998, 
        "2": 234464229.78299999, 
        "3": 174497813.76199999, 
        "4": 196738986.98100001, 
        "5": 208654172.426, 
        "6": 192567193.93799999, 
        "7": 180858560.38699999, 
        "8": 149820302.56099999, 
        "9": 77452494.833000004, 
        "10": 140321818.53799999, 
        "11": 165452383.28200001, 
        "12": 110581502.84999999, 
        "13": 161377946.47099999, 
        "14": 163143144.56200001, 
        "15": 377431750.02999997, 
        "16": 216855296.403, 
        "17": 254315003.95699999, 
        "18": 215195313.528, 
        "19": 202981860.949, 
        "20": 210625015.127, 
        "21": 147036737.046, 
        "22": 191249081.729, 
        "23": 313138402.49800003, 
        "24": 232327554.45199999, 
        "25": 324512050.33499998, 
        "26": 206235684.405, 
        "27": 208632924.278, 
        "28": 279978267.20099998, 
        "29": 273113111.29500002, 
        "30": 234206685.104, 
        "31": 142805447.73500001, 
        "32": 253632603.27900001, 
        "33": 135714892.63, 
        "34": 133141631.60699999, 
        "35": 193905113.56, 
        "36": 160726498.384, 
        "37": 309354274.417, 
        "38": 169849695.74000001, 
        "39": 161878346.84, 
        "40": 139938446.454, 
        "41": 222347845.52500001, 
        "42": 191548442.52900001, 
        "43": 145403406.206, 
        "44": 110276984.531, 
        "45": 235291523.315, 
        "46": 194554448.792, 
        "47": 153761377.70699999, 
        "48": 127330246.63500001, 
        "49": 92285591.048999995, 
        "50": 122111631.065, 
        "51": 246473585.428, 
        "52": 253155250.96399999, 
        "53": 382250838.97100002, 
        "54": 155423041.257, 
        "55": 249867099.47400001, 
        "56": 160614373.08899999, 
        "57": 313869883.68300003, 
        "58": 330855649.67199999, 
        "59": 271965683.23799998, 
        "60": 206936865.84900001, 
        "61": 132843778.56900001, 
        "62": 178252312.39300001, 
        "63": 287241879.76300001, 
        "64": 117628242.551, 
        "65": 176982114.96900001, 
        "66": 130277277.86399999, 
        "67": 148139871.884, 
        "68": 125112689.09199999, 
        "69": 111703115.12199999, 
        "70": 101117550.04000001, 
        "71": 160257759.465, 
        "72": 180196731.15900001, 
        "73": 170662715.57499999, 
        "74": 208502610.93799999, 
        "75": 232246943.71200001, 
        "76": 105757230.01100001, 
        "77": 326498450.25, 
        "78": 196842945.926, 
        "79": 127915141.09, 
        "80": 290861110.79799998, 
        "81": 170525929.829, 
        "82": 153687928.83899999, 
        "83": 83892528.083000004, 
        "84": 103531312.35699999, 
        "85": 220959935.891, 
        "86": 288983345.89600003, 
        "87": 181177883.05000001, 
        "88": 236063984.52200001, 
        "89": 251102325.18099999, 
        "90": 226776799.12400001, 
        "91": 98444202.125, 
        "92": 110268216.103, 
        "93": 102197563.447, 
        "94": 215442535.789, 
        "95": 364676470.23699999, 
        "96": 194933090.93099999, 
        "97": 117408981.15800001, 
        "98": 106663919.76899999, 
        "99": 169426139.56
    }, 
    "averaged_NPV": 196206402.58241016
}