{
    "std": 72551339.9471865, 
    "raw_results": {
        "0": 425590698.972, 
        "1": 276737120.81199998, 
        "2": 234868398.403, 
        "3": 174281798.639, 
        "4": 196618182.34200001, 
        "5": 205687222.021, 
        "6": 191596643.491, 
        "7": 180632170.56799999, 
        "8": 149451709.80399999, 
        "9": 75594840.275999993, 
        "10": 140061578.86700001, 
        "11": 164739956.958, 
        "12": 109426780.368, 
        "13": 158472445.222, 
        "14": 162623003.458, 
        "15": 376740866.69999999, 
        "16": 216136703.68599999, 
        "17": 253387188.692, 
        "18": 211976962.88, 
        "19": 202445334.93599999, 
        "20": 204703438.68099999, 
        "21": 145810545.66600001, 
        "22": 190459572.55599999, 
        "23": 313086965.36199999, 
        "24": 231616773.646, 
        "25": 323557615.55699998, 
        "26": 205741963.97600001, 
        "27": 209315959.82800001, 
        "28": 278701866.74900001, 
        "29": 272126065.34200001, 
        "30": 234424645.14500001, 
        "31": 143423652.06, 
        "32": 252748615.48899999, 
        "33": 135597337.16, 
        "34": 132586417.139, 
        "35": 190165781.632, 
        "36": 160832676.89500001, 
        "37": 308616176.42199999, 
        "38": 169351421.942, 
        "39": 161355186.59999999, 
        "40": 139035334.051, 
        "41": 221460702.60100001, 
        "42": 190912194.62599999, 
        "43": 145261056.315, 
        "44": 110475610.31900001, 
        "45": 234186487.73100001, 
        "46": 194412612.646, 
        "47": 153760355.48199999, 
        "48": 126864560.691, 
        "49": 92014607.147, 
        "50": 121719090.02599999, 
        "51": 245335608.493, 
        "52": 252175840.26699999, 
        "53": 381336093.10799998, 
        "54": 151641209.27700001, 
        "55": 249174551.94100001, 
        "56": 159675591.99700001, 
        "57": 312172685.84600002, 
        "58": 330166078.63499999, 
        "59": 271097480.06199998, 
        "60": 203490381.96799999, 
        "61": 133062642.462, 
        "62": 180261246.697, 
        "63": 285840639.03299999, 
        "64": 114327448.986, 
        "65": 176924828.75999999, 
        "66": 129651242.197, 
        "67": 147124668.926, 
        "68": 123142056.186, 
        "69": 111421483.98, 
        "70": 100108460.95100001, 
        "71": 159813981.98899999, 
        "72": 177748051.553, 
        "73": 170437335.285, 
        "74": 207842232.30500001, 
        "75": 227538636.91999999, 
        "76": 104823777.16599999, 
        "77": 324994399.04400003, 
        "78": 195852034.57800001, 
        "79": 126686275.314, 
        "80": 290053535.63, 
        "81": 170569043.91999999, 
        "82": 152459079.072, 
        "83": 82450481.368000001, 
        "84": 101947168.315, 
        "85": 217924812.90200001, 
        "86": 288916515.85799998, 
        "87": 181061255.604, 
        "88": 234847165.64899999, 
        "89": 249968480.905, 
        "90": 225789771.583, 
        "91": 98001074.424999997, 
        "92": 109723304.884, 
        "93": 101727038.376, 
        "94": 215290894.59599999, 
        "95": 364180107.30900002, 
        "96": 194488774.12799999, 
        "97": 117256701.36, 
        "98": 106602716.039, 
        "99": 169310978.08199999
    }, 
    "averaged_NPV": 195278307.60508004
}