{
    "std": 72831550.109786585, 
    "raw_results": {
        "0": 435594480.47600001, 
        "1": 280271325.463, 
        "2": 240358883.949, 
        "3": 181212632.06600001, 
        "4": 203169043.54899999, 
        "5": 211142916.85600001, 
        "6": 196532191.366, 
        "7": 186313800.68599999, 
        "8": 154789555.97799999, 
        "9": 79186608.878000006, 
        "10": 144269944.75299999, 
        "11": 168695655.18900001, 
        "12": 112973573.51100001, 
        "13": 165899172.204, 
        "14": 167246247.16999999, 
        "15": 374277321.602, 
        "16": 219442031.39199999, 
        "17": 256872694.729, 
        "18": 217406089.419, 
        "19": 206180113.83199999, 
        "20": 213297114.64300001, 
        "21": 149885756.29499999, 
        "22": 193912618.36399999, 
        "23": 316983450.25599998, 
        "24": 235411175.19800001, 
        "25": 329515048.30199999, 
        "26": 209334135.873, 
        "27": 211492218.71399999, 
        "28": 282712071.08999997, 
        "29": 278075511.25, 
        "30": 237868521.45199999, 
        "31": 146024366.162, 
        "32": 256835351.35100001, 
        "33": 139839356.85100001, 
        "34": 136207177.24200001, 
        "35": 197720176.204, 
        "36": 166671314.66499999, 
        "37": 312861529.29799998, 
        "38": 173666487.236, 
        "39": 164883475.00799999, 
        "40": 143118776.361, 
        "41": 224716924.745, 
        "42": 196331694.40599999, 
        "43": 151728356.634, 
        "44": 113746442.94400001, 
        "45": 237529789.63600001, 
        "46": 200863667.43399999, 
        "47": 156495493.072, 
        "48": 130649888.587, 
        "49": 95616808.292999998, 
        "50": 125326889.059, 
        "51": 249218267.97499999, 
        "52": 255944159.917, 
        "53": 385461910.722, 
        "54": 157715172.95300001, 
        "55": 253757013.574, 
        "56": 163467698.928, 
        "57": 317260714.86199999, 
        "58": 337629330.68099999, 
        "59": 275347667.05699998, 
        "60": 209130388.31799999, 
        "61": 136811630.57300001, 
        "62": 184933618.94999999, 
        "63": 290176990.824, 
        "64": 119160678.199, 
        "65": 179570211.07600001, 
        "66": 132769854.053, 
        "67": 151760831.43599999, 
        "68": 128777249.92, 
        "69": 114235456.97, 
        "70": 103040387.8, 
        "71": 162345670.34799999, 
        "72": 183450483.06600001, 
        "73": 175558101.248, 
        "74": 212467602.05199999, 
        "75": 235085830.24599999, 
        "76": 108704646.973, 
        "77": 330632126.09100002, 
        "78": 200075450.60299999, 
        "79": 131748437.353, 
        "80": 293916514.37599999, 
        "81": 172946385.88499999, 
        "82": 156632492.93799999, 
        "83": 86006272.062000006, 
        "84": 106019197.859, 
        "85": 224545641.84200001, 
        "86": 290746268.708, 
        "87": 186676209.72499999, 
        "88": 238346091.60100001, 
        "89": 255046044.78099999, 
        "90": 229257520.83399999, 
        "91": 102371040.469, 
        "92": 112219165.45299999, 
        "93": 104467610.24600001, 
        "94": 218897393.39199999, 
        "95": 369534228.28500003, 
        "96": 200467789.51499999, 
        "97": 121032671.8, 
        "98": 109195642.403, 
        "99": 172210583.609
    }, 
    "averaged_NPV": 199679282.18243992
}