{
    "std": 73276243.276237577, 
    "raw_results": {
        "0": 431994219.19300002, 
        "1": 283468749.625, 
        "2": 241566546.86500001, 
        "3": 180169141.01899999, 
        "4": 203034439.87099999, 
        "5": 210359026.63, 
        "6": 197701616.183, 
        "7": 186436476.90700001, 
        "8": 156372165.229, 
        "9": 80891117.113999993, 
        "10": 143761768.634, 
        "11": 171162997.046, 
        "12": 114728959.514, 
        "13": 164282875.051, 
        "14": 168037812.53799999, 
        "15": 381848348.63599998, 
        "16": 222351386.39700001, 
        "17": 260121110.93099999, 
        "18": 218438201.18599999, 
        "19": 208303433.15900001, 
        "20": 211575528.94499999, 
        "21": 149616420.93099999, 
        "22": 192438880.27900001, 
        "23": 320697965.68900001, 
        "24": 239142913.93099999, 
        "25": 333082997.12900001, 
        "26": 206881233.11300001, 
        "27": 214317368.82600001, 
        "28": 285407636.75300002, 
        "29": 280586802.97799999, 
        "30": 240696095.05599999, 
        "31": 149656758.61700001, 
        "32": 259709565.375, 
        "33": 138492372.23300001, 
        "34": 139007612.39199999, 
        "35": 195874125.91800001, 
        "36": 166843807.40200001, 
        "37": 316209971.95300001, 
        "38": 173136602.53299999, 
        "39": 167720271.602, 
        "40": 143164689.29499999, 
        "41": 227935924.67300001, 
        "42": 196812238.15900001, 
        "43": 151447496.051, 
        "44": 114908815.381, 
        "45": 240571886.86000001, 
        "46": 201119320.19400001, 
        "47": 158866384.377, 
        "48": 132724540.67200001, 
        "49": 97457649.234999999, 
        "50": 127166027.991, 
        "51": 252171807.185, 
        "52": 259485148.37900001, 
        "53": 384573668.884, 
        "54": 156965420.789, 
        "55": 255588291.77599999, 
        "56": 163564554.38699999, 
        "57": 319995252.84200001, 
        "58": 338920170.60299999, 
        "59": 280048994.01800001, 
        "60": 210314299.336, 
        "61": 136320352.75099999, 
        "62": 186032943.11300001, 
        "63": 293069348.861, 
        "64": 119648360.263, 
        "65": 183210538.06400001, 
        "66": 134846962.35699999, 
        "67": 152872594.05700001, 
        "68": 128893854.94599999, 
        "69": 116815294.42299999, 
        "70": 105467345.12899999, 
        "71": 162175199.28799999, 
        "72": 183472643.498, 
        "73": 177010052.68700001, 
        "74": 214829676.81799999, 
        "75": 234461289.414, 
        "76": 109610455.001, 
        "77": 335294432.05000001, 
        "78": 202752600.94600001, 
        "79": 130616488.726, 
        "80": 295830250.34299999, 
        "81": 176066277.19, 
        "82": 158175130.94100001, 
        "83": 88079134.253999993, 
        "84": 107400523.464, 
        "85": 227362518.68599999, 
        "86": 286579804.77200001, 
        "87": 187860045.77000001, 
        "88": 241132517.31799999, 
        "89": 257273589.25, 
        "90": 232447427.77000001, 
        "91": 104023345.255, 
        "92": 114488132.18099999, 
        "93": 106445620.01899999, 
        "94": 221132535.61399999, 
        "95": 376577326.91399997, 
        "96": 200106291.859, 
        "97": 123153249.68799999, 
        "98": 112058893.95100001, 
        "99": 172669813.572
    }, 
    "averaged_NPV": 201161907.65673
}