{
    "std": 72394119.679495275, 
    "raw_results": {
        "0": 422978121.44800001, 
        "1": 280662744.86000001, 
        "2": 240770956.56299999, 
        "3": 181244042.23199999, 
        "4": 203300645.028, 
        "5": 211221893.82100001, 
        "6": 196628284.692, 
        "7": 186525412.479, 
        "8": 154791966.08000001, 
        "9": 79106576.020999998, 
        "10": 144274933.55500001, 
        "11": 168728363.33700001, 
        "12": 113076710.773, 
        "13": 166033538.125, 
        "14": 167743999.51499999, 
        "15": 377353221.31, 
        "16": 219709824.252, 
        "17": 257378750.398, 
        "18": 217822426.67699999, 
        "19": 206382244.942, 
        "20": 213345372.93900001, 
        "21": 149949395.01300001, 
        "22": 194302962.178, 
        "23": 318211455.579, 
        "24": 235812170.84999999, 
        "25": 330085797.75, 
        "26": 209364545.495, 
        "27": 211586896.84099999, 
        "28": 282865126.42000002, 
        "29": 278122801.70700002, 
        "30": 238092759.59799999, 
        "31": 145795455.61199999, 
        "32": 257128120.12200001, 
        "33": 139897323.28600001, 
        "34": 136359627.94299999, 
        "35": 197720176.204, 
        "36": 166796472.69499999, 
        "37": 313011441.72399998, 
        "38": 173911726.08399999, 
        "39": 165023473.377, 
        "40": 143127938.23100001, 
        "41": 225341873.06900001, 
        "42": 196432715.641, 
        "43": 151780037.80199999, 
        "44": 113879978.818, 
        "45": 238010107.60800001, 
        "46": 201132048.81600001, 
        "47": 156547441.67300001, 
        "48": 130850853.59900001, 
        "49": 94922152.184, 
        "50": 125413888.006, 
        "51": 249489994.87799999, 
        "52": 256469356.51199999, 
        "53": 376701623.99000001, 
        "54": 157740759.65900001, 
        "55": 253469175.65799999, 
        "56": 163549974.02399999, 
        "57": 317478508.88999999, 
        "58": 337102346.40600002, 
        "59": 277439860.66399997, 
        "60": 209360487.93200001, 
        "61": 136816870.095, 
        "62": 185125553.079, 
        "63": 290385596.55900002, 
        "64": 119403561.961, 
        "65": 179570211.07600001, 
        "66": 132890576.802, 
        "67": 151821083.95699999, 
        "68": 128863597.377, 
        "69": 114358934.98999999, 
        "70": 103305600.45200001, 
        "71": 162514878.14500001, 
        "72": 183537912.03, 
        "73": 175558101.248, 
        "74": 212822073.13999999, 
        "75": 235139800.85800001, 
        "76": 108749425.52599999, 
        "77": 331509197.21100003, 
        "78": 200279486.56200001, 
        "79": 131856524.844, 
        "80": 293761312.83899999, 
        "81": 173147475.96200001, 
        "82": 157038039.69400001, 
        "83": 86123019.903999999, 
        "84": 105908836.877, 
        "85": 224660456.32100001, 
        "86": 291398232.99699998, 
        "87": 186703931.78999999, 
        "88": 238862408.33500001, 
        "89": 255391159.57300001, 
        "90": 229730623.671, 
        "91": 102246873.17200001, 
        "92": 112284992.95200001, 
        "93": 104616461.973, 
        "94": 218932660.64399999, 
        "95": 370420424.24699998, 
        "96": 200467789.51499999, 
        "97": 121145866.177, 
        "98": 109598720.087, 
        "99": 172267618.97099999
    }, 
    "averaged_NPV": 199685747.73198009
}