{
    "std": 72915282.362827197, 
    "raw_results": {
        "0": 434390211.62599999, 
        "1": 283749813.07700002, 
        "2": 241934775.23500001, 
        "3": 184517512.20100001, 
        "4": 203763002.82499999, 
        "5": 213718932.07600001, 
        "6": 198010243.54100001, 
        "7": 190177697.62599999, 
        "8": 155085838.73100001, 
        "9": 82693205.834999993, 
        "10": 146998631.66800001, 
        "11": 171649033.50999999, 
        "12": 116496771.91500001, 
        "13": 167619449.06299999, 
        "14": 170394325.35699999, 
        "15": 382441225.27899998, 
        "16": 222494923.77599999, 
        "17": 260235471.83700001, 
        "18": 222145598.715, 
        "19": 208963536.10499999, 
        "20": 217693715.70100001, 
        "21": 152831815.898, 
        "22": 196831608.986, 
        "23": 321670841.38700002, 
        "24": 238667038.01800001, 
        "25": 333894353.56099999, 
        "26": 211879141.359, 
        "27": 213989697.48500001, 
        "28": 286026269.60900003, 
        "29": 280858419.76499999, 
        "30": 240728596.63100001, 
        "31": 151267773.82699999, 
        "32": 259900199.301, 
        "33": 143443588.58899999, 
        "34": 141743892.18000001, 
        "35": 200542725.97400001, 
        "36": 166510958.17699999, 
        "37": 316802751.92400002, 
        "38": 175986942.336, 
        "39": 168092552.86300001, 
        "40": 147765977.72999999, 
        "41": 228081364.352, 
        "42": 196800768.01100001, 
        "43": 153761836.28799999, 
        "44": 118200406.03399999, 
        "45": 240774071.484, 
        "46": 200871542.70899999, 
        "47": 158984256.98500001, 
        "48": 136166584.28299999, 
        "49": 98973921.172000006, 
        "50": 129677041.42299999, 
        "51": 252364118.94999999, 
        "52": 259699048.62200001, 
        "53": 385326770.22799999, 
        "54": 161070921.65099999, 
        "55": 256531591.45199999, 
        "56": 166583867.14500001, 
        "57": 320532955.22100002, 
        "58": 340289632.44999999, 
        "59": 280606764.72000003, 
        "60": 213013296.396, 
        "61": 140361063.77500001, 
        "62": 184550885.70300001, 
        "63": 293779229.259, 
        "64": 122291404.49699999, 
        "65": 183405904.22, 
        "66": 135855442.08199999, 
        "67": 153327286.70100001, 
        "68": 132293091.54099999, 
        "69": 117083342.31999999, 
        "70": 108105656.63600001, 
        "71": 166017210.53999999, 
        "72": 186113117.17399999, 
        "73": 176925616.38299999, 
        "74": 215387998.572, 
        "75": 237730327.78799999, 
        "76": 111186094.639, 
        "77": 335490463.73199999, 
        "78": 203458517.11399999, 
        "79": 133145409.26899999, 
        "80": 296856979.32999998, 
        "81": 176188272.82699999, 
        "82": 158684581.89700001, 
        "83": 90002019.101999998, 
        "84": 108804890.537, 
        "85": 228133377.215, 
        "86": 297845972.505, 
        "87": 191690864.278, 
        "88": 241411789.39300001, 
        "89": 257793405.61700001, 
        "90": 232642303.734, 
        "91": 104877975.573, 
        "92": 116792177.265, 
        "93": 107919583.449, 
        "94": 221979670.23199999, 
        "95": 377166575.68199998, 
        "96": 201693855.09900001, 
        "97": 126208990.027, 
        "98": 112437457.037, 
        "99": 175525216.111
    }, 
    "averaged_NPV": 202840838.39730003
}