{
    "std": 73096109.658860639, 
    "raw_results": {
        "0": 434042780.08399999, 
        "1": 277755665.43099999, 
        "2": 234464229.78299999, 
        "3": 174497813.76199999, 
        "4": 196738986.98100001, 
        "5": 208457832.56999999, 
        "6": 192567193.93799999, 
        "7": 180858560.38699999, 
        "8": 149710072.40700001, 
        "9": 77100017.319000006, 
        "10": 140221948.042, 
        "11": 165441584.12599999, 
        "12": 110479466.505, 
        "13": 161377946.47099999, 
        "14": 165048279.71399999, 
        "15": 372074720.14600003, 
        "16": 216587848.99399999, 
        "17": 254250859.73100001, 
        "18": 215144773.933, 
        "19": 202947878.53999999, 
        "20": 210625015.127, 
        "21": 147011057.97099999, 
        "22": 191236599.81900001, 
        "23": 314218355.046, 
        "24": 232327612.43599999, 
        "25": 327564299.94199997, 
        "26": 206186885.977, 
        "27": 208374665.34799999, 
        "28": 279717740.52200001, 
        "29": 276238093.09899998, 
        "30": 234199750.067, 
        "31": 142793556.537, 
        "32": 254657775.76199999, 
        "33": 135677734.345, 
        "34": 133388920.73800001, 
        "35": 193905113.56, 
        "36": 160723461.05199999, 
        "37": 309944928.10299999, 
        "38": 169849695.74000001, 
        "39": 161861251.32600001, 
        "40": 139933195.39199999, 
        "41": 222256310.52700001, 
        "42": 191432264.76300001, 
        "43": 145397312.94999999, 
        "44": 110246108.932, 
        "45": 234897887.389, 
        "46": 194554448.792, 
        "47": 153755651.329, 
        "48": 127452330.376, 
        "49": 92620900.544, 
        "50": 121872910.34999999, 
        "51": 246290836.41499999, 
        "52": 252922390.90200001, 
        "53": 383043381.708, 
        "54": 155336781.331, 
        "55": 250878522.706, 
        "56": 160604567.93099999, 
        "57": 314473279.949, 
        "58": 334251539.84100002, 
        "59": 272373299.727, 
        "60": 206936865.84900001, 
        "61": 132810836.845, 
        "62": 178252312.39300001, 
        "63": 286921273.50999999, 
        "64": 117617603.152, 
        "65": 176971379.347, 
        "66": 130288629.406, 
        "67": 147985567.134, 
        "68": 124899246.891, 
        "69": 111667059.829, 
        "70": 101121544.677, 
        "71": 160210489.43799999, 
        "72": 180174418.859, 
        "73": 170662715.57499999, 
        "74": 209974657.736, 
        "75": 232010130.82800001, 
        "76": 105751146.33499999, 
        "77": 328497343.37, 
        "78": 196835686.68700001, 
        "79": 127851126.505, 
        "80": 290619333.04500002, 
        "81": 170514658.771, 
        "82": 153467514.796, 
        "83": 82697005.088, 
        "84": 102885602.25399999, 
        "85": 220959935.891, 
        "86": 290614745.00099999, 
        "87": 181046300.18099999, 
        "88": 235676054.25400001, 
        "89": 252854347.18000001, 
        "90": 226604545.29899999, 
        "91": 98473179.504999995, 
        "92": 110198552.847, 
        "93": 102080458.763, 
        "94": 215403279.71900001, 
        "95": 367232290.199, 
        "96": 194933090.93099999, 
        "97": 117615146.31900001, 
        "98": 106691772.976, 
        "99": 169372836.78999999
    }, 
    "averaged_NPV": 196422455.77410012
}