{
    "std": 72588389.290519789, 
    "raw_results": {
        "0": 425602991.32200003, 
        "1": 276629518.08099997, 
        "2": 233923864.24700001, 
        "3": 177956336.99200001, 
        "4": 196031100.88499999, 
        "5": 208045186.65599999, 
        "6": 191293759.60600001, 
        "7": 180690540.63299999, 
        "8": 149361571.71000001, 
        "9": 76356445.421000004, 
        "10": 139771599.71399999, 
        "11": 164553844.014, 
        "12": 109157068.95299999, 
        "13": 161358858.11399999, 
        "14": 162244390.27900001, 
        "15": 376636331.25400001, 
        "16": 215934940.39500001, 
        "17": 253336190.18700001, 
        "18": 211006624.85800001, 
        "19": 202295326.461, 
        "20": 205057684.815, 
        "21": 145441886.10600001, 
        "22": 190631746.26800001, 
        "23": 312001575.98000002, 
        "24": 231620113.96599999, 
        "25": 323516214.81800002, 
        "26": 205812088.21900001, 
        "27": 207433113.93599999, 
        "28": 278656110.74900001, 
        "29": 272078212.36400002, 
        "30": 233798921.70300001, 
        "31": 142969962.66299999, 
        "32": 252656146.366, 
        "33": 134775575.18900001, 
        "34": 132316331.20999999, 
        "35": 192900921.22400001, 
        "36": 160221441.574, 
        "37": 308560361.01099998, 
        "38": 169239706.03799999, 
        "39": 161299602.86300001, 
        "40": 137618279.04100001, 
        "41": 221380131.81, 
        "42": 190486257.417, 
        "43": 144787073.48800001, 
        "44": 110472433.168, 
        "45": 234090886.71200001, 
        "46": 194222424.882, 
        "47": 153320496.87099999, 
        "48": 126327423.204, 
        "49": 92016910.579999998, 
        "50": 120885218.771, 
        "51": 245289996.93900001, 
        "52": 252062788.68200001, 
        "53": 381296909.94199997, 
        "54": 154690979.59400001, 
        "55": 249247507.162, 
        "56": 159720463.17899999, 
        "57": 312163542.87300003, 
        "58": 330184214.47600001, 
        "59": 271114536.71200001, 
        "60": 203652625.75799999, 
        "61": 132623653.778, 
        "62": 178174179.852, 
        "63": 285850143.08099997, 
        "64": 114774427.811, 
        "65": 176148829.94, 
        "66": 129539271.914, 
        "67": 146899578.85299999, 
        "68": 123123652.42900001, 
        "69": 111420271.406, 
        "70": 100059337.831, 
        "71": 159422291.84999999, 
        "72": 180050031.49900001, 
        "73": 170210558.07300001, 
        "74": 207907694.831, 
        "75": 232345752.36300001, 
        "76": 104682522.405, 
        "77": 324971659.58999997, 
        "78": 196184042.55000001, 
        "79": 126627192.16599999, 
        "80": 289294984.333, 
        "81": 169967913.28799999, 
        "82": 152363745.28799999, 
        "83": 83294058.878000006, 
        "84": 102135378.375, 
        "85": 220603585.00799999, 
        "86": 288145575.51200002, 
        "87": 179537397.683, 
        "88": 234738444.89500001, 
        "89": 249918474.73500001, 
        "90": 225714592.958, 
        "91": 97770309.424999997, 
        "92": 109118691.869, 
        "93": 100210897.123, 
        "94": 214979848.96000001, 
        "95": 364158508.77200001, 
        "96": 193590461.914, 
        "97": 116899957.449, 
        "98": 104331765.257, 
        "99": 168803236.28799999
    }, 
    "averaged_NPV": 195247982.28336999
}