{
    "std": 72535629.618302956, 
    "raw_results": {
        "0": 434640231.73400003, 
        "1": 284931098.24699998, 
        "2": 244393004.377, 
        "3": 182037399.48699999, 
        "4": 205544757.01699999, 
        "5": 215994576.56299999, 
        "6": 200349740.861, 
        "7": 188161929.729, 
        "8": 158525659.824, 
        "9": 83984275.491999999, 
        "10": 149252853.14500001, 
        "11": 172907102.86500001, 
        "12": 117834573.84199999, 
        "13": 169347246.058, 
        "14": 172310654.88699999, 
        "15": 383158809.278, 
        "16": 223739325.861, 
        "17": 261574603.896, 
        "18": 220501729.84099999, 
        "19": 210283725.61700001, 
        "20": 213380167.49000001, 
        "21": 155010966.46399999, 
        "22": 198149423.57800001, 
        "23": 323245949.403, 
        "24": 240300577.947, 
        "25": 334688472.67199999, 
        "26": 213408278.49200001, 
        "27": 216426936.04300001, 
        "28": 287164475.54500002, 
        "29": 281738527.33399999, 
        "30": 243122063.31099999, 
        "31": 153832495.23300001, 
        "32": 261100873.10299999, 
        "33": 145692029.421, 
        "34": 142634515.94999999, 
        "35": 198300123.347, 
        "36": 168257984.757, 
        "37": 317717212.17799997, 
        "38": 178397688.39399999, 
        "39": 169378562.5, 
        "40": 148306458.22, 
        "41": 229393800.86000001, 
        "42": 198245137.51499999, 
        "43": 156320431.76899999, 
        "44": 120226969.861, 
        "45": 242049686.08399999, 
        "46": 203296351.11700001, 
        "47": 160607492.54499999, 
        "48": 137598797.961, 
        "49": 99986060.439999998, 
        "50": 131586797.505, 
        "51": 253534473.32699999, 
        "52": 260949199.84599999, 
        "53": 386003731.23699999, 
        "54": 163346278.19499999, 
        "55": 257148436.796, 
        "56": 167685790.51199999, 
        "57": 321322192.12699997, 
        "58": 340459729.60399997, 
        "59": 281330369.875, 
        "60": 211523316.208, 
        "61": 142990130.868, 
        "62": 188563307.495, 
        "63": 294841994.51899999, 
        "64": 123703990.43700001, 
        "65": 186058913.007, 
        "66": 136999087.993, 
        "67": 155024271.764, 
        "68": 134539957.03999999, 
        "69": 119141070.471, 
        "70": 110007005.758, 
        "71": 167520109.11399999, 
        "72": 184730944.85499999, 
        "73": 179005897.97099999, 
        "74": 216113910.02500001, 
        "75": 240433959.75099999, 
        "76": 112300733.715, 
        "77": 336700131.27999997, 
        "78": 204168744.23899999, 
        "79": 134905566.278, 
        "80": 298408418.81300002, 
        "81": 178886252.32800001, 
        "82": 160267850.89700001, 
        "83": 91247613.849000007, 
        "84": 110453426.68099999, 
        "85": 226180462.861, 
        "86": 288685097.05800003, 
        "87": 188711901.185, 
        "88": 242622919.58399999, 
        "89": 258726747.21200001, 
        "90": 233920547.45699999, 
        "91": 106443694.668, 
        "92": 117024817.105, 
        "93": 109641971.487, 
        "94": 223049364.23899999, 
        "95": 377860219.89099997, 
        "96": 204087658.26800001, 
        "97": 126909958.765, 
        "98": 113761722.237, 
        "99": 177845989.25299999
    }, 
    "averaged_NPV": 203948284.83804992
}