{
    "std": 72537566.749321282, 
    "raw_results": {
        "0": 434784227.37199998, 
        "1": 284968931.13300002, 
        "2": 244423493.56999999, 
        "3": 182192544.33000001, 
        "4": 205707421.74200001, 
        "5": 215990114.97499999, 
        "6": 200406592.079, 
        "7": 188245677.245, 
        "8": 158545824.58500001, 
        "9": 84131509.120000005, 
        "10": 149405540.05599999, 
        "11": 173027249.514, 
        "12": 117933048.59900001, 
        "13": 169441861.81400001, 
        "14": 172377824.82499999, 
        "15": 383208586.09100002, 
        "16": 223840797.00999999, 
        "17": 261610328.898, 
        "18": 220600638.88499999, 
        "19": 210395137.787, 
        "20": 213462795.727, 
        "21": 155173297.19499999, 
        "22": 198324442.836, 
        "23": 323251316.04100001, 
        "24": 240355140.38, 
        "25": 334770778.28399998, 
        "26": 213421840.25799999, 
        "27": 216494305.72299999, 
        "28": 287215064.41000003, 
        "29": 281979480.78399998, 
        "30": 243216787.07800001, 
        "31": 153974750.523, 
        "32": 261230160.15099999, 
        "33": 145696722.40400001, 
        "34": 142696184.926, 
        "35": 198434539.59, 
        "36": 168305093.086, 
        "37": 317775432.01099998, 
        "38": 178491899.28400001, 
        "39": 169464928.43399999, 
        "40": 148233446.75400001, 
        "41": 229485952.68000001, 
        "42": 198277095.09, 
        "43": 156338337.03, 
        "44": 120274090.479, 
        "45": 242115172.71000001, 
        "46": 203303194.77500001, 
        "47": 160636082.007, 
        "48": 137623762.465, 
        "49": 100010356.42, 
        "50": 131628862.803, 
        "51": 253579074.56999999, 
        "52": 260974647.81799999, 
        "53": 385904916.32599998, 
        "54": 163420533.495, 
        "55": 257284655.926, 
        "56": 167824858.09200001, 
        "57": 321355240.98000002, 
        "58": 340733209.76300001, 
        "59": 281416495.42199999, 
        "60": 211597105.204, 
        "61": 142959792.5, 
        "62": 188634098.433, 
        "63": 294891881.81300002, 
        "64": 123957175.494, 
        "65": 186179433.23899999, 
        "66": 137073511.27000001, 
        "67": 155058184.919, 
        "68": 134590658.00299999, 
        "69": 119215012.744, 
        "70": 109912098.777, 
        "71": 167659117.419, 
        "72": 184834203.32800001, 
        "73": 179095632.31799999, 
        "74": 216283842.206, 
        "75": 240470124.26499999, 
        "76": 112303067.588, 
        "77": 336723493.86699998, 
        "78": 204319768.39899999, 
        "79": 134907778.27000001, 
        "80": 298487656.83099997, 
        "81": 178998897.56999999, 
        "82": 160352292.61700001, 
        "83": 91485674.814999998, 
        "84": 110401622.81, 
        "85": 226265845.123, 
        "86": 288793408.67799997, 
        "87": 188816326.66100001, 
        "88": 242692023.12099999, 
        "89": 258816734.25400001, 
        "90": 234013266.685, 
        "91": 106493608.08, 
        "92": 117041158.06299999, 
        "93": 109641418.74699999, 
        "94": 223152900.48100001, 
        "95": 377846724.236, 
        "96": 204347498.98500001, 
        "97": 126931030.133, 
        "98": 113837876.837, 
        "99": 177934826.87099999
    }, 
    "averaged_NPV": 204024090.66014013
}