{
    "std": 72558807.935866207, 
    "raw_results": {
        "0": 422678561.23500001, 
        "1": 280483745.12599999, 
        "2": 237728548.31900001, 
        "3": 180904265.48300001, 
        "4": 199551461.73100001, 
        "5": 210437202.67399999, 
        "6": 194219349.954, 
        "7": 186599815.40400001, 
        "8": 151574538.24900001, 
        "9": 78993846.265000001, 
        "10": 142891993.289, 
        "11": 167855745.97600001, 
        "12": 112662523.17299999, 
        "13": 163999661.755, 
        "14": 167365172.06799999, 
        "15": 377163083.70599997, 
        "16": 219171537.245, 
        "17": 257036386.45899999, 
        "18": 218245151.65000001, 
        "19": 205485509.155, 
        "20": 213660747.08700001, 
        "21": 149156251.78400001, 
        "22": 193688150.38699999, 
        "23": 317641552.20899999, 
        "24": 234990308.24200001, 
        "25": 329936984.30900002, 
        "26": 208457746.535, 
        "27": 210838620.301, 
        "28": 282522911.77999997, 
        "29": 277836183.53299999, 
        "30": 236948127.93099999, 
        "31": 145083520.80500001, 
        "32": 256828407.05399999, 
        "33": 140289208.44299999, 
        "34": 137371734.32699999, 
        "35": 196667278.97499999, 
        "36": 162971374.88100001, 
        "37": 312847760.99000001, 
        "38": 172386802.241, 
        "39": 164577122.61000001, 
        "40": 142129270.57800001, 
        "41": 225054012.86899999, 
        "42": 193690853.87900001, 
        "43": 150653525.20100001, 
        "44": 112268640.594, 
        "45": 237742212.30199999, 
        "46": 197137369.25, 
        "47": 156016845.28, 
        "48": 132237894.461, 
        "49": 94338164.206, 
        "50": 124381184.199, 
        "51": 249107259.49000001, 
        "52": 256206326.03099999, 
        "53": 376098906.66500002, 
        "54": 157545406.87799999, 
        "55": 252978969.162, 
        "56": 163162817.82100001, 
        "57": 317394563.98199999, 
        "58": 336565395.39200002, 
        "59": 277042703.958, 
        "60": 209346551.009, 
        "61": 134972631.46799999, 
        "62": 180821078.991, 
        "63": 290033137.13999999, 
        "64": 119398383.729, 
        "65": 179866450.48500001, 
        "66": 132604588.676, 
        "67": 150064071.42300001, 
        "68": 128633730.11499999, 
        "69": 113485026.411, 
        "70": 103056712.038, 
        "71": 162910959.123, 
        "72": 182640106.273, 
        "73": 173036907.03299999, 
        "74": 212280111.58899999, 
        "75": 234909557.264, 
        "76": 107338900.29899999, 
        "77": 331398874.93199998, 
        "78": 199796360.16600001, 
        "79": 129878022.94, 
        "80": 293141255.245, 
        "81": 172614064.77599999, 
        "82": 155876562.736, 
        "83": 85582456.607999995, 
        "84": 105345580.596, 
        "85": 224112367.296, 
        "86": 293727338.90499997, 
        "87": 182881588.778, 
        "88": 238548239.15200001, 
        "89": 255125085.97299999, 
        "90": 229339206.97499999, 
        "91": 101461696.155, 
        "92": 112024342.358, 
        "93": 104909394.148, 
        "94": 218272505.37900001, 
        "95": 370485045.87400001, 
        "96": 197542841.75799999, 
        "97": 121736956.796, 
        "98": 108788979.48999999, 
        "99": 172216008.96799999
    }, 
    "averaged_NPV": 198917048.94608003
}