{
    "std": 72218106.880293936, 
    "raw_results": {
        "0": 423639499.51800001, 
        "1": 281224539.51300001, 
        "2": 239033700.56099999, 
        "3": 178395376.30899999, 
        "4": 200828465.55500001, 
        "5": 212555785.86300001, 
        "6": 196720438.86399999, 
        "7": 184666127.58899999, 
        "8": 154092158.80000001, 
        "9": 80284060.232999995, 
        "10": 144957225.833, 
        "11": 169239592.359, 
        "12": 114449359.425, 
        "13": 165607740.51499999, 
        "14": 168236150.60699999, 
        "15": 377946689.91399997, 
        "16": 219966695.10299999, 
        "17": 257792432.736, 
        "18": 215556303.19600001, 
        "19": 206663695.044, 
        "20": 214819823.30700001, 
        "21": 150724161.44299999, 
        "22": 194481623.07499999, 
        "23": 318708504.19800001, 
        "24": 236296232.41999999, 
        "25": 330908122.73100001, 
        "26": 210556463.18599999, 
        "27": 212000149.78799999, 
        "28": 283429514.53899997, 
        "29": 278922058.26800001, 
        "30": 238752190.84900001, 
        "31": 146883236.31099999, 
        "32": 257576250.05399999, 
        "33": 141931782.98100001, 
        "34": 138312095.32699999, 
        "35": 197958030.55000001, 
        "36": 164428229.24599999, 
        "37": 313725914.162, 
        "38": 174263781.77399999, 
        "39": 165724841.713, 
        "40": 143910036.13, 
        "41": 225510534.02200001, 
        "42": 195075420.704, 
        "43": 152704630.73899999, 
        "44": 113707677.667, 
        "45": 238319365.42899999, 
        "46": 199262277.97299999, 
        "47": 157089875.29800001, 
        "48": 133805516.986, 
        "49": 96542876.838, 
        "50": 127060718.92299999, 
        "51": 250188014.669, 
        "52": 256939160.07100001, 
        "53": 376919260.29799998, 
        "54": 158938032.625, 
        "55": 254072783.81, 
        "56": 164452093.097, 
        "57": 318280254.61900002, 
        "58": 337822287.24000001, 
        "59": 277743014.17199999, 
        "60": 208183450.44100001, 
        "61": 136665723.67699999, 
        "62": 182890959.618, 
        "63": 291020801.14099997, 
        "64": 120369157.92900001, 
        "65": 181622166.38100001, 
        "66": 133768698.221, 
        "67": 150890824.38100001, 
        "68": 130108788.29000001, 
        "69": 115477865.12899999, 
        "70": 104069662.146, 
        "71": 163919952.21000001, 
        "72": 183791603.241, 
        "73": 175334784.96200001, 
        "74": 213096532.847, 
        "75": 237339889.94100001, 
        "76": 108658740.49600001, 
        "77": 331759162.51599997, 
        "78": 200733094.51899999, 
        "79": 131006946.816, 
        "80": 294354406.94800001, 
        "81": 174343230.914, 
        "82": 156646686.40000001, 
        "83": 86742098.893999994, 
        "84": 107046327.40000001, 
        "85": 225352426.93200001, 
        "86": 285496418.96399999, 
        "87": 184650965.28400001, 
        "88": 239112253.81900001, 
        "89": 255986773.95899999, 
        "90": 230118097.22600001, 
        "91": 103193978.919, 
        "92": 113453462.59, 
        "93": 106003573.30599999, 
        "94": 219332943.051, 
        "95": 371234878.10500002, 
        "96": 199274162.692, 
        "97": 123675374.977, 
        "98": 110163158.37899999, 
        "99": 173718400.178
    }, 
    "averaged_NPV": 200012112.98608005
}