{
    "std": 72567490.177272439, 
    "raw_results": {
        "0": 425872566.75099999, 
        "1": 281861527.85699999, 
        "2": 240088133.25099999, 
        "3": 182647556.14199999, 
        "4": 201239072.71700001, 
        "5": 212927953.764, 
        "6": 196568122.23899999, 
        "7": 184960294.164, 
        "8": 154264734.82100001, 
        "9": 80408039.739999995, 
        "10": 144865575.678, 
        "11": 169851793.169, 
        "12": 114224192.425, 
        "13": 165872725.07499999, 
        "14": 169046204.653, 
        "15": 378897134.43000001, 
        "16": 220701915.40099999, 
        "17": 258455546.23100001, 
        "18": 216884097.755, 
        "19": 206863603.18700001, 
        "20": 210180682.676, 
        "21": 150784174.92300001, 
        "22": 195201580.435, 
        "23": 319601120.49199998, 
        "24": 236828217.34999999, 
        "25": 331865795.07800001, 
        "26": 210540382.847, 
        "27": 212923266.56299999, 
        "28": 283948193.10500002, 
        "29": 279262277.208, 
        "30": 239092630.75799999, 
        "31": 146645891.09299999, 
        "32": 258209408.20899999, 
        "33": 142007318.99200001, 
        "34": 137213182.97499999, 
        "35": 198800230.46599999, 
        "36": 164629017.301, 
        "37": 314390673.01099998, 
        "38": 174632111.52700001, 
        "39": 165948600.926, 
        "40": 144419973.539, 
        "41": 226288713.54800001, 
        "42": 195389033.414, 
        "43": 149572459.75099999, 
        "44": 113529139.376, 
        "45": 239084252.94999999, 
        "46": 199673005.72400001, 
        "47": 157340329.46799999, 
        "48": 132028493.86499999, 
        "49": 96244249.276999995, 
        "50": 126134324.501, 
        "51": 250561765.21700001, 
        "52": 257567542.88100001, 
        "53": 378413079.87, 
        "54": 159659973.50999999, 
        "55": 254295343.57300001, 
        "56": 164690712.49700001, 
        "57": 318674198.745, 
        "58": 337974106.93099999, 
        "59": 278805624.25300002, 
        "60": 208492612.616, 
        "61": 136549972.17199999, 
        "62": 184549824.38699999, 
        "63": 291412755.95899999, 
        "64": 121211747.333, 
        "65": 181407613.96799999, 
        "66": 134019398.057, 
        "67": 151204425.20899999, 
        "68": 128190604.339, 
        "69": 116211540.406, 
        "70": 104083604.413, 
        "71": 164384837.41600001, 
        "72": 184813685.389, 
        "73": 175172440.96700001, 
        "74": 213573533.99399999, 
        "75": 237499522.639, 
        "76": 108892081.98100001, 
        "77": 333531296.708, 
        "78": 201244337.64500001, 
        "79": 131283875.086, 
        "80": 294658146.31199998, 
        "81": 174902921.49399999, 
        "82": 156992402.87099999, 
        "83": 87198227.511000007, 
        "84": 107035112.972, 
        "85": 222392996.69400001, 
        "86": 285508111.16500002, 
        "87": 184699130.52599999, 
        "88": 239796310.27599999, 
        "89": 256396782.81799999, 
        "90": 230765141.55899999, 
        "91": 103095073.891, 
        "92": 113303849.561, 
        "93": 105221560.76000001, 
        "94": 219741242.963, 
        "95": 372328289.70899999, 
        "96": 199468372.90400001, 
        "97": 121382142.881, 
        "98": 110642619.723, 
        "99": 174192970.31200001
    }, 
    "averaged_NPV": 200270029.85861003
}