{
    "std": 72923391.148477331, 
    "raw_results": {
        "0": 433248128.954, 
        "1": 282635958.329, 
        "2": 243073525.58000001, 
        "3": 183229096.824, 
        "4": 202525687.25799999, 
        "5": 212578400.02500001, 
        "6": 196191692.12799999, 
        "7": 189107795.21700001, 
        "8": 158399334.39700001, 
        "9": 80897362.239999995, 
        "10": 145254305.31799999, 
        "11": 170404832.11300001, 
        "12": 115041142.53399999, 
        "13": 166020520.84999999, 
        "14": 169461450.755, 
        "15": 381221962.167, 
        "16": 221431635.34599999, 
        "17": 259224414.57499999, 
        "18": 220371124.43099999, 
        "19": 207919132.61500001, 
        "20": 215900593.41100001, 
        "21": 154014014.96900001, 
        "22": 195941304.88600001, 
        "23": 320374246.03100002, 
        "24": 237621718.46200001, 
        "25": 332529692.46100003, 
        "26": 210713809.95500001, 
        "27": 212855769.162, 
        "28": 284729188.963, 
        "29": 279913434.153, 
        "30": 239714827.99200001, 
        "31": 149110267.748, 
        "32": 259106467.65700001, 
        "33": 141751233.42699999, 
        "34": 139862830.66800001, 
        "35": 199104059.38299999, 
        "36": 168662657.15799999, 
        "37": 315300175.03799999, 
        "38": 174263567.27900001, 
        "39": 167212637.48100001, 
        "40": 146615083.986, 
        "41": 227247024.391, 
        "42": 198486334.34599999, 
        "43": 152073082.02900001, 
        "44": 116925008.942, 
        "45": 239869571.303, 
        "46": 199221393.273, 
        "47": 158168821.685, 
        "48": 135606617.62400001, 
        "49": 96819346.099000007, 
        "50": 126619349.618, 
        "51": 251155213.56600001, 
        "52": 258520529.45100001, 
        "53": 384098278.81400001, 
        "54": 159688679.55000001, 
        "55": 255127705.05000001, 
        "56": 165429652.914, 
        "57": 319362418.34299999, 
        "58": 338647521.08399999, 
        "59": 279421687.06900001, 
        "60": 211215082.76300001, 
        "61": 138831373.148, 
        "62": 186958530.76499999, 
        "63": 292244265.17699999, 
        "64": 120999544.469, 
        "65": 181658635.31400001, 
        "66": 134653423.26199999, 
        "67": 151972727.78400001, 
        "68": 131396238.17399999, 
        "69": 115932924.517, 
        "70": 105187254.81299999, 
        "71": 164726233.456, 
        "72": 184931928.79800001, 
        "73": 173743554.59799999, 
        "74": 214344080.25799999, 
        "75": 236575004.05599999, 
        "76": 109518168.624, 
        "77": 334384822.62400001, 
        "78": 201908072.90099999, 
        "79": 132177498.76100001, 
        "80": 295534059.037, 
        "81": 174918044.986, 
        "82": 158010677.625, 
        "83": 87711249.035999998, 
        "84": 107290910.977, 
        "85": 226483880.70300001, 
        "86": 294246381.03399998, 
        "87": 189845685.01100001, 
        "88": 240552771.19299999, 
        "89": 256814921.12599999, 
        "90": 231653697.94299999, 
        "91": 103873576.829, 
        "92": 115841590.287, 
        "93": 107502662.494, 
        "94": 220511122.73300001, 
        "95": 375799238.60799998, 
        "96": 199007617.752, 
        "97": 124336623.955, 
        "98": 111382633.72499999, 
        "99": 174382812.96399999
    }, 
    "averaged_NPV": 201650828.39356998
}