{
    "std": 72654843.223353088, 
    "raw_results": {
        "0": 426439940.12400001, 
        "1": 278111773.884, 
        "2": 234635275.706, 
        "3": 174426099.40400001, 
        "4": 196755770.63999999, 
        "5": 208690668.43900001, 
        "6": 192543932.428, 
        "7": 180900669.986, 
        "8": 149736232.82600001, 
        "9": 77233888.511000007, 
        "10": 140278906.53, 
        "11": 165376878.741, 
        "12": 110464783.13, 
        "13": 161362100.25400001, 
        "14": 163182006.14399999, 
        "15": 377504833.19599998, 
        "16": 216912004.15900001, 
        "17": 254380772.43700001, 
        "18": 215281048.426, 
        "19": 202964254.13999999, 
        "20": 210603785.528, 
        "21": 147001418.38699999, 
        "22": 191225669.68900001, 
        "23": 313173224.72799999, 
        "24": 232399277.54100001, 
        "25": 324557367.26099998, 
        "26": 206248427.65900001, 
        "27": 208680907.678, 
        "28": 280005779.35699999, 
        "29": 273171034.36900002, 
        "30": 234232778.822, 
        "31": 142774241.74700001, 
        "32": 253709628.26199999, 
        "33": 135686255.01800001, 
        "34": 133175441.786, 
        "35": 193932848.403, 
        "36": 160651599.41499999, 
        "37": 309417791.37400001, 
        "38": 169826683.12, 
        "39": 161773535.183, 
        "40": 139899489.62400001, 
        "41": 222518104.88100001, 
        "42": 191557479.47400001, 
        "43": 145340337.98500001, 
        "44": 110794162.965, 
        "45": 235416604.55000001, 
        "46": 194624690.10800001, 
        "47": 153685695.34400001, 
        "48": 127297274.19400001, 
        "49": 92498917.229000002, 
        "50": 122018078.359, 
        "51": 246503140.00799999, 
        "52": 253279548.07800001, 
        "53": 382280761.81199998, 
        "54": 155374606.104, 
        "55": 249797870.86700001, 
        "56": 160591604.905, 
        "57": 313888188.02100003, 
        "58": 330826213.176, 
        "59": 271929412.67299998, 
        "60": 206986735.08199999, 
        "61": 132808968.139, 
        "62": 178262019.90599999, 
        "63": 287230402.55800003, 
        "64": 117558888.27599999, 
        "65": 176925595.00999999, 
        "66": 130354928.978, 
        "67": 148168963.206, 
        "68": 125092307.095, 
        "69": 111765202.978, 
        "70": 101268799.646, 
        "71": 160210841.87400001, 
        "72": 180123380.245, 
        "73": 170594676.507, 
        "74": 208468315.442, 
        "75": 232262720.51300001, 
        "76": 105657201.46799999, 
        "77": 326542353.30000001, 
        "78": 196834193.20300001, 
        "79": 127827149.793, 
        "80": 290877803.81699997, 
        "81": 170508352.403, 
        "82": 153738753.55399999, 
        "83": 84000676.583000004, 
        "84": 102902752.98800001, 
        "85": 221055281.215, 
        "86": 288982855.00700003, 
        "87": 181199683.67399999, 
        "88": 236190410.243, 
        "89": 251140474.14700001, 
        "90": 226837177.176, 
        "91": 98480090.062999994, 
        "92": 110117058.992, 
        "93": 100811535.331, 
        "94": 215532386.61899999, 
        "95": 364697700.87699997, 
        "96": 194944082.954, 
        "97": 117863179.678, 
        "98": 106735935.764, 
        "99": 169390992.84299999
    }, 
    "averaged_NPV": 196205025.41936001
}