{
    "std": 72542582.743122697, 
    "raw_results": {
        "0": 422633345.75199997, 
        "1": 280488861.74299997, 
        "2": 240363606.80399999, 
        "3": 180815888.43099999, 
        "4": 199698413.51899999, 
        "5": 210377360.20199999, 
        "6": 193723624.752, 
        "7": 186806420.84200001, 
        "8": 151192382.53, 
        "9": 78837189.525999993, 
        "10": 142605763.41, 
        "11": 167624425.03799999, 
        "12": 112432986.935, 
        "13": 163156143.19100001, 
        "14": 167308229.785, 
        "15": 377136423.85799998, 
        "16": 219201703.05700001, 
        "17": 257073579.41800001, 
        "18": 217667582.91600001, 
        "19": 205485509.155, 
        "20": 213478986.771, 
        "21": 149067222.58199999, 
        "22": 193688150.38699999, 
        "23": 317619287.787, 
        "24": 235131230.461, 
        "25": 329990895.27200001, 
        "26": 208315748.565, 
        "27": 210705416.09900001, 
        "28": 282549289.07300001, 
        "29": 277857577.77499998, 
        "30": 237447194.21700001, 
        "31": 147550497.43599999, 
        "32": 256851068.14300001, 
        "33": 139766806.97499999, 
        "34": 137273297.352, 
        "35": 196667483.854, 
        "36": 166043629.891, 
        "37": 312884221.48699999, 
        "38": 172378527.09999999, 
        "39": 164777667.477, 
        "40": 141616128.35499999, 
        "41": 225061891.60499999, 
        "42": 193251769.37599999, 
        "43": 149422614.23699999, 
        "44": 114688249.302, 
        "45": 237780304.30399999, 
        "46": 196422260.67300001, 
        "47": 155364749.91800001, 
        "48": 132536288.016, 
        "49": 94370758.479000002, 
        "50": 124286225.964, 
        "51": 248925806.766, 
        "52": 256257539.07600001, 
        "53": 376133606.77499998, 
        "54": 157173125.41999999, 
        "55": 253067817.25099999, 
        "56": 163111752.47299999, 
        "57": 317452414.89999998, 
        "58": 336489962.97799999, 
        "59": 277030282.59200001, 
        "60": 208529521.31299999, 
        "61": 136755160.61199999, 
        "62": 180718623.118, 
        "63": 290084659.92799997, 
        "64": 118740540.23800001, 
        "65": 179119935.30000001, 
        "66": 132441163.663, 
        "67": 150009496.10600001, 
        "68": 128768832.85600001, 
        "69": 113246957.789, 
        "70": 103011972.844, 
        "71": 162957427.26699999, 
        "72": 182621196.66299999, 
        "73": 171056862.78099999, 
        "74": 212300163.653, 
        "75": 234476424.24399999, 
        "76": 107312535.205, 
        "77": 331424023.94499999, 
        "78": 199525364.24399999, 
        "79": 129730933.781, 
        "80": 293095054.54699999, 
        "81": 172407420.042, 
        "82": 155845332.097, 
        "83": 85812947.317000002, 
        "84": 105140118.917, 
        "85": 224041397.08399999, 
        "86": 291689667.57700002, 
        "87": 182472865.21200001, 
        "88": 238564416.29800001, 
        "89": 255198526.148, 
        "90": 229360352.93099999, 
        "91": 101479350.646, 
        "92": 111440268.545, 
        "93": 104794731.794, 
        "94": 218272505.37900001, 
        "95": 370443285.69199997, 
        "96": 196070059.96700001, 
        "97": 121374147.296, 
        "98": 108870848.389, 
        "99": 171773954.80000001
    }, 
    "averaged_NPV": 198860962.34255999
}