{
    "std": 72704367.622687533, 
    "raw_results": {
        "0": 426598377.23799998, 
        "1": 281965344.16100001, 
        "2": 240116254.88, 
        "3": 182562186.99900001, 
        "4": 201176756.574, 
        "5": 212934448.167, 
        "6": 196550544.92699999, 
        "7": 184888917.91600001, 
        "8": 154180806.90000001, 
        "9": 80322340.526999995, 
        "10": 144793181.71700001, 
        "11": 169786821.741, 
        "12": 114312205.991, 
        "13": 165793762.67199999, 
        "14": 169033738.92699999, 
        "15": 380194883.29799998, 
        "16": 220708151.081, 
        "17": 258584602.71900001, 
        "18": 216871568.04499999, 
        "19": 206839114.405, 
        "20": 210211192.653, 
        "21": 150721557.18799999, 
        "22": 195170549.59799999, 
        "23": 319846055.78899997, 
        "24": 236894350.30399999, 
        "25": 332061680.24800003, 
        "26": 210502154.50400001, 
        "27": 212888168.79300001, 
        "28": 284081657.18300003, 
        "29": 279399096.21499997, 
        "30": 239128482.78999999, 
        "31": 146573925.13999999, 
        "32": 258308697.38299999, 
        "33": 141952495.36300001, 
        "34": 137308923.38600001, 
        "35": 198747591.447, 
        "36": 164543651.56999999, 
        "37": 314490455.801, 
        "38": 174577610.74900001, 
        "39": 165871628.664, 
        "40": 144343775.03600001, 
        "41": 226283947.794, 
        "42": 195388206.456, 
        "43": 149486285.32800001, 
        "44": 113578407.807, 
        "45": 239112345.169, 
        "46": 199635133.33199999, 
        "47": 157250970.66499999, 
        "48": 132055233.44, 
        "49": 95988701.327999994, 
        "50": 126177456.689, 
        "51": 250655058.17699999, 
        "52": 257680963.803, 
        "53": 379586838.70300001, 
        "54": 159612967.259, 
        "55": 254348250.56900001, 
        "56": 164656227.64199999, 
        "57": 318906535.71200001, 
        "58": 338002148.35299999, 
        "59": 278863931.87099999, 
        "60": 208452622.12599999, 
        "61": 136491033.509, 
        "62": 184462903.03400001, 
        "63": 291575348.86699998, 
        "64": 121039719.85699999, 
        "65": 181344931.998, 
        "66": 134013624.399, 
        "67": 151199617.458, 
        "68": 128209871.54899999, 
        "69": 116165819.458, 
        "70": 104330709.63500001, 
        "71": 164320144.74900001, 
        "72": 184748460.68700001, 
        "73": 175100589.551, 
        "74": 213578296.903, 
        "75": 237547903.97799999, 
        "76": 108981652.457, 
        "77": 333717367.00300002, 
        "78": 201266196.39399999, 
        "79": 131271969.77599999, 
        "80": 294833790.16299999, 
        "81": 174847504.96700001, 
        "82": 157040524.664, 
        "83": 87321194.590000004, 
        "84": 107050237.75300001, 
        "85": 222400932.09799999, 
        "86": 285744002.33600003, 
        "87": 184709530.36700001, 
        "88": 239850895.896, 
        "89": 256541211.38499999, 
        "90": 230792116.52000001, 
        "91": 102014551.108, 
        "92": 113361909.601, 
        "93": 105426158.564, 
        "94": 219716622.072, 
        "95": 372413303.61199999, 
        "96": 199489673.289, 
        "97": 121424755.331, 
        "98": 110684903.734, 
        "99": 174135328.62200001
    }, 
    "averaged_NPV": 200307252.48846003
}