{
    "std": 72977368.469095528, 
    "raw_results": {
        "0": 434090459.22299999, 
        "1": 278766132.792, 
        "2": 238568350.28099999, 
        "3": 179876759.87799999, 
        "4": 198350895.838, 
        "5": 209191430.30599999, 
        "6": 192490990.403, 
        "7": 185621474.06099999, 
        "8": 150150004.331, 
        "9": 77804644.758000001, 
        "10": 141449371.40799999, 
        "11": 166767654.787, 
        "12": 111204464.26100001, 
        "13": 161916742.514, 
        "14": 165975319.711, 
        "15": 373279335.458, 
        "16": 217873912.56099999, 
        "17": 255510315.82800001, 
        "18": 216180476.28, 
        "19": 204257815.12200001, 
        "20": 212440566.60499999, 
        "21": 147900721.03299999, 
        "22": 192299752.53099999, 
        "23": 315505589.79400003, 
        "24": 233551045.73800001, 
        "25": 328146191.22399998, 
        "26": 207226386.69, 
        "27": 209521713.956, 
        "28": 281141456.17199999, 
        "29": 276778537.04100001, 
        "30": 235837694.692, 
        "31": 146257103.98100001, 
        "32": 255424604.07699999, 
        "33": 138946245.042, 
        "34": 133957886.833, 
        "35": 195382708.859, 
        "36": 165051745.90099999, 
        "37": 311575929.097, 
        "38": 170252905.83700001, 
        "39": 163832846.22400001, 
        "40": 140708584.29699999, 
        "41": 223297932.64399999, 
        "42": 192206736.317, 
        "43": 148486328.43700001, 
        "44": 113749586.31299999, 
        "45": 236172608.764, 
        "46": 195044929.09400001, 
        "47": 154480246.71399999, 
        "48": 131002623.219, 
        "49": 93380589.718999997, 
        "50": 123122876.831, 
        "51": 247379134.271, 
        "52": 254380057.20500001, 
        "53": 384289683.19400001, 
        "54": 156080674.465, 
        "55": 252286749.171, 
        "56": 162075753.97, 
        "57": 315951568.99400002, 
        "58": 335667595.12699997, 
        "59": 273955828.28799999, 
        "60": 207201789.84099999, 
        "61": 135944210.428, 
        "62": 182902138.905, 
        "63": 288544013.89700001, 
        "64": 118121741.962, 
        "65": 177533438.98899999, 
        "66": 131496909.167, 
        "67": 148743939.46700001, 
        "68": 127560004.01100001, 
        "69": 112441183.198, 
        "70": 101970671.317, 
        "71": 161447589.986, 
        "72": 181620761.884, 
        "73": 169934529.85100001, 
        "74": 211131585.266, 
        "75": 233282390.73800001, 
        "76": 106196776.307, 
        "77": 329671934.67400002, 
        "78": 198231162.368, 
        "79": 128550830.07700001, 
        "80": 291902564.63800001, 
        "81": 171208901.51499999, 
        "82": 154441723.523, 
        "83": 84590271.621000007, 
        "84": 103833548.286, 
        "85": 222755525.10299999, 
        "86": 289445739.98000002, 
        "87": 181258713.80899999, 
        "88": 236874963.10800001, 
        "89": 253864303.01300001, 
        "90": 227771023.338, 
        "91": 99347039.093999997, 
        "92": 110519556.309, 
        "93": 103301315.801, 
        "94": 217071204.995, 
        "95": 368416389.40799999, 
        "96": 194817270.778, 
        "97": 120378909.999, 
        "98": 107571796.669, 
        "99": 170273988.873
    }, 
    "averaged_NPV": 197762506.20354998
}