{
    "std": 72258739.272611469, 
    "raw_results": {
        "0": 423646624.83499998, 
        "1": 281128320.77100003, 
        "2": 241941812.08700001, 
        "3": 182107883.18200001, 
        "4": 200895029.586, 
        "5": 211681447.46000001, 
        "6": 195473109.671, 
        "7": 187910069.817, 
        "8": 156856284.95100001, 
        "9": 79854864.534999996, 
        "10": 144633497.49399999, 
        "11": 169253778.104, 
        "12": 113835368.93700001, 
        "13": 165102541.07600001, 
        "14": 167919540.59599999, 
        "15": 377877255.58099997, 
        "16": 219970457.43599999, 
        "17": 257693340.63800001, 
        "18": 214834651.729, 
        "19": 206561318.60499999, 
        "20": 214724477.17199999, 
        "21": 150772494.41499999, 
        "22": 194477739.64500001, 
        "23": 318760341.847, 
        "24": 235955670.61500001, 
        "25": 330867399.28100002, 
        "26": 209758154.60299999, 
        "27": 211776984.83899999, 
        "28": 283379240.82200003, 
        "29": 278876740.73900002, 
        "30": 238414582.528, 
        "31": 149157034.38699999, 
        "32": 257494482.56, 
        "33": 141461652.789, 
        "34": 138305872.294, 
        "35": 197998735.94499999, 
        "36": 167573523.70100001, 
        "37": 313692313.454, 
        "38": 173637870.52399999, 
        "39": 166029427.65000001, 
        "40": 143225558.75999999, 
        "41": 225410308.229, 
        "42": 198028597.06299999, 
        "43": 151415536.463, 
        "44": 116331554.241, 
        "45": 238213844.118, 
        "46": 197935575.82499999, 
        "47": 156946316.90400001, 
        "48": 134025180.553, 
        "49": 96637554.588, 
        "50": 127061353.595, 
        "51": 249815727.83899999, 
        "52": 256787921.84400001, 
        "53": 376904592.10500002, 
        "54": 158649914.72999999, 
        "55": 254217811.23199999, 
        "56": 164236934.245, 
        "57": 318275780.89700001, 
        "58": 337875246.63300002, 
        "59": 277771915.74000001, 
        "60": 209637618.98899999, 
        "61": 137937262.245, 
        "62": 182007715.47400001, 
        "63": 291041567.74900001, 
        "64": 120127236.639, 
        "65": 180903065.67300001, 
        "66": 133552307.086, 
        "67": 150842480.24700001, 
        "68": 130392594.92299999, 
        "69": 115001520.22499999, 
        "70": 104368146.493, 
        "71": 163785252.255, 
        "72": 183904658.884, 
        "73": 172780193.41100001, 
        "74": 213190123.21000001, 
        "75": 235548823.359, 
        "76": 109351603.765, 
        "77": 331753924.21399999, 
        "78": 200554669.29300001, 
        "79": 130965991.469, 
        "80": 294381127.60500002, 
        "81": 173584370.123, 
        "82": 156527851.54800001, 
        "83": 87109290.562000006, 
        "84": 106461120.04700001, 
        "85": 224918540.574, 
        "86": 293828991.49599999, 
        "87": 189497197.37400001, 
        "88": 238996365.44299999, 
        "89": 255940657.91100001, 
        "90": 230100407.40700001, 
        "91": 102861492.368, 
        "92": 114622855.78, 
        "93": 105901538.601, 
        "94": 219177351.486, 
        "95": 371165816.94499999, 
        "96": 197730310.433, 
        "97": 122183422.994, 
        "98": 110098976.801, 
        "99": 173187624.324
    }, 
    "averaged_NPV": 200179812.27929997
}