{
    "std": 72575089.375033557, 
    "raw_results": {
        "0": 422793565.861, 
        "1": 280594442.84299999, 
        "2": 237887000.287, 
        "3": 180796667.671, 
        "4": 199567051.81999999, 
        "5": 210447817.50400001, 
        "6": 194226447.373, 
        "7": 186535083.94299999, 
        "8": 151496534.502, 
        "9": 79059363.350999996, 
        "10": 142889427.44100001, 
        "11": 167773689.296, 
        "12": 112692187.477, 
        "13": 163928054.56400001, 
        "14": 167398952.44299999, 
        "15": 377305745.37699997, 
        "16": 219221289.60800001, 
        "17": 257245558.47099999, 
        "18": 218381006.91999999, 
        "19": 205487832.852, 
        "20": 213634176.248, 
        "21": 149099942.736, 
        "22": 193612670.002, 
        "23": 317630501.54500002, 
        "24": 235060905.13499999, 
        "25": 330034298.43199998, 
        "26": 208448280.38800001, 
        "27": 210877270.60699999, 
        "28": 282595793.39700001, 
        "29": 278004506.71100003, 
        "30": 236982182.34200001, 
        "31": 145032334.06, 
        "32": 256958186.24200001, 
        "33": 140244148.27700001, 
        "34": 137459866.699, 
        "35": 196638238.162, 
        "36": 162873803.51300001, 
        "37": 312930148.30299997, 
        "38": 172314833.683, 
        "39": 164471987.97400001, 
        "40": 142142925.68399999, 
        "41": 225165071.30399999, 
        "42": 193714961.542, 
        "43": 150586224.34, 
        "44": 112304914.36, 
        "45": 237871492.421, 
        "46": 197155609.634, 
        "47": 155938764.99399999, 
        "48": 132346596.433, 
        "49": 95442740.431999996, 
        "50": 124363319.84, 
        "51": 249210574.37599999, 
        "52": 256396376.801, 
        "53": 376545623.04100001, 
        "54": 157488839.565, 
        "55": 252944342.71200001, 
        "56": 163151450.956, 
        "57": 317457637.80500001, 
        "58": 336635677.79699999, 
        "59": 276997874.866, 
        "60": 209396751.36000001, 
        "61": 134935827.84799999, 
        "62": 180764832.435, 
        "63": 290062061.699, 
        "64": 119228792.671, 
        "65": 179831525.30199999, 
        "66": 132595509.12199999, 
        "67": 150071489.97999999, 
        "68": 128661931.63600001, 
        "69": 113479185.14, 
        "70": 103209496.71600001, 
        "71": 162827938.37400001, 
        "72": 182567656.47099999, 
        "73": 172924618.831, 
        "74": 212252518.706, 
        "75": 234974912.95500001, 
        "76": 107458216.87800001, 
        "77": 331489040.23699999, 
        "78": 199772843.06200001, 
        "79": 129855262.479, 
        "80": 293169307.19, 
        "81": 172563641.458, 
        "82": 155943888.93900001, 
        "83": 85685403.634000003, 
        "84": 105515863.167, 
        "85": 224202601.63800001, 
        "86": 293728805.34600002, 
        "87": 182911019.09599999, 
        "88": 238669150.02000001, 
        "89": 255228466.48300001, 
        "90": 229413724.317, 
        "91": 101559129.861, 
        "92": 112048499.473, 
        "93": 105115876.45299999, 
        "94": 218340648.917, 
        "95": 370356019.99900001, 
        "96": 197495918.05399999, 
        "97": 121331460.134, 
        "98": 108940007.40000001, 
        "99": 172160058.477
    }, 
    "averaged_NPV": 198952327.14921007
}