{
    "std": 73076646.19817999, 
    "raw_results": {
        "0": 433538810.45499998, 
        "1": 283396195.11500001, 
        "2": 241691745.63600001, 
        "3": 179903494.706, 
        "4": 202911314.47099999, 
        "5": 213629409.39899999, 
        "6": 197955925.248, 
        "7": 186077613.185, 
        "8": 154957084.37900001, 
        "9": 81167112.792999998, 
        "10": 145659013.26300001, 
        "11": 170560587.866, 
        "12": 115323021.553, 
        "13": 167054205.308, 
        "14": 170103422.20699999, 
        "15": 381858785.745, 
        "16": 221967399.87799999, 
        "17": 260073253.28799999, 
        "18": 217945170.965, 
        "19": 208389287.27500001, 
        "20": 216417471.80500001, 
        "21": 151661289.55000001, 
        "22": 196663831.04300001, 
        "23": 320658683.21399999, 
        "24": 238447288.528, 
        "25": 332959370.48100001, 
        "26": 211582017.10600001, 
        "27": 213204770.37099999, 
        "28": 285287196.52700001, 
        "29": 280479581.43300003, 
        "30": 240641576.49900001, 
        "31": 151062377.76300001, 
        "32": 259732015.48500001, 
        "33": 142770378.61000001, 
        "34": 138481521.43399999, 
        "35": 199462968.26199999, 
        "36": 165811614.72, 
        "37": 316103511.96499997, 
        "38": 175931726.042, 
        "39": 167256292.84599999, 
        "40": 144640413.759, 
        "41": 228110064.877, 
        "42": 196104676.43599999, 
        "43": 153169189.82800001, 
        "44": 114660724.132, 
        "45": 240633716.70300001, 
        "46": 201012856.67399999, 
        "47": 158587308.29300001, 
        "48": 135448475.08199999, 
        "49": 97167691.598000005, 
        "50": 127004029.52599999, 
        "51": 251830972.23699999, 
        "52": 259429207.80199999, 
        "53": 384445840.23400003, 
        "54": 160361338.02900001, 
        "55": 255476991.78200001, 
        "56": 165989206.30199999, 
        "57": 319797580.78299999, 
        "58": 338869277.616, 
        "59": 279992107.94099998, 
        "60": 210010870.60699999, 
        "61": 140042803.24399999, 
        "62": 184713181.13499999, 
        "63": 292900737.33999997, 
        "64": 121533651.08499999, 
        "65": 182645052.26699999, 
        "66": 135102961.88800001, 
        "67": 152468552.25600001, 
        "68": 131582730.375, 
        "69": 116941912.62800001, 
        "70": 105477240.537, 
        "71": 165286874.66, 
        "72": 185270932.31299999, 
        "73": 176470054.454, 
        "74": 214828331.03999999, 
        "75": 238580043.414, 
        "76": 109507862.155, 
        "77": 335129802.59899998, 
        "78": 202797176.26100001, 
        "79": 132205135.913, 
        "80": 295740754.22399998, 
        "81": 176071345.398, 
        "82": 158403518.65599999, 
        "83": 87820921.150999993, 
        "84": 107788242.374, 
        "85": 227467104.847, 
        "86": 287103978.213, 
        "87": 185653255.65599999, 
        "88": 241188148.48100001, 
        "89": 257185874.12200001, 
        "90": 232483495.27500001, 
        "91": 104043039.65899999, 
        "92": 114131387.818, 
        "93": 106033368.193, 
        "94": 221198303.08500001, 
        "95": 376473440.60000002, 
        "96": 200624721.21900001, 
        "97": 122199952.98100001, 
        "98": 111480528.31999999, 
        "99": 174928406.68399999
    }, 
    "averaged_NPV": 201730256.99179995
}