{
    "std": 72863826.386912316, 
    "raw_results": {
        "0": 434145085.96799999, 
        "1": 283439388.56800002, 
        "2": 242230643.711, 
        "3": 181398484.80599999, 
        "4": 204257650.83899999, 
        "5": 211371553.544, 
        "6": 199566388.56799999, 
        "7": 186928033.752, 
        "8": 156749595.595, 
        "9": 82173175.747999996, 
        "10": 146797829.06099999, 
        "11": 172143891.627, 
        "12": 115784609.146, 
        "13": 167968420.37099999, 
        "14": 168939654.57699999, 
        "15": 381957796.02899998, 
        "16": 222584444.12799999, 
        "17": 259909841.66100001, 
        "18": 219005550.37099999, 
        "19": 209156675.72, 
        "20": 212061673.77399999, 
        "21": 153350202.588, 
        "22": 196442512.15700001, 
        "23": 322398706.49400002, 
        "24": 234919485.95199999, 
        "25": 333695362.50700003, 
        "26": 207036545.204, 
        "27": 215660262.47999999, 
        "28": 285914125.29799998, 
        "29": 280592196.44700003, 
        "30": 241498143.259, 
        "31": 149180609.92399999, 
        "32": 259665597.248, 
        "33": 141464133.74700001, 
        "34": 139351073.57800001, 
        "35": 197139369.361, 
        "36": 167188566.90200001, 
        "37": 316138414.20899999, 
        "38": 176958686.15099999, 
        "39": 167676748.25600001, 
        "40": 146839155.546, 
        "41": 227645951.956, 
        "42": 197192677.58700001, 
        "43": 151863631.85800001, 
        "44": 115908881.802, 
        "45": 240556972.928, 
        "46": 202243816.22299999, 
        "47": 159381878.47299999, 
        "48": 136840061.40700001, 
        "49": 98540332.844999999, 
        "50": 128261559.71600001, 
        "51": 253642742.31, 
        "52": 259146694.32300001, 
        "53": 385215512.89099997, 
        "54": 158855693.20899999, 
        "55": 255885061.933, 
        "56": 166306094.053, 
        "57": 320340435.611, 
        "58": 339591341.62599999, 
        "59": 279952663.37699997, 
        "60": 211108495.31200001, 
        "61": 139455965.755, 
        "62": 187239620.581, 
        "63": 293338169.77700001, 
        "64": 123065567.802, 
        "65": 184750225.359, 
        "66": 135788522.042, 
        "67": 153135812.71399999, 
        "68": 132786805.92900001, 
        "69": 118355546.161, 
        "70": 106182266.95, 
        "71": 165835319.458, 
        "72": 184067535.905, 
        "73": 177477372.48899999, 
        "74": 214802897.74599999, 
        "75": 239232870.69999999, 
        "76": 111713526.097, 
        "77": 335204033.14999998, 
        "78": 202514662.71000001, 
        "79": 133273107.094, 
        "80": 297493236.11000001, 
        "81": 177352836.634, 
        "82": 158776833.537, 
        "83": 88672216.275999993, 
        "84": 108812852.677, 
        "85": 224462994.875, 
        "86": 288737270.833, 
        "87": 187143602.96399999, 
        "88": 241340397.854, 
        "89": 257910187.80500001, 
        "90": 232179218.04100001, 
        "91": 105086747.09, 
        "92": 115723139.382, 
        "93": 108511950.34900001, 
        "94": 222260722.64199999, 
        "95": 376515917.68199998, 
        "96": 203888365.04499999, 
        "97": 123309373.752, 
        "98": 112770227.05400001, 
        "99": 176652723.32300001
    }, 
    "averaged_NPV": 202259814.26655996
}