{
    "std": 72378105.316137508, 
    "raw_results": {
        "0": 419971098.954, 
        "1": 277612583.75, 
        "2": 236816949.373, 
        "3": 177860953.17199999, 
        "4": 196607540.764, 
        "5": 208346405.5, 
        "6": 193562507.322, 
        "7": 184079481.34099999, 
        "8": 148272369.54800001, 
        "9": 76827475.920000002, 
        "10": 139413833.99700001, 
        "11": 165213998.06400001, 
        "12": 110214125.50399999, 
        "13": 160256717.942, 
        "14": 164999524.63999999, 
        "15": 373067628.36699998, 
        "16": 216602446.685, 
        "17": 254212782.315, 
        "18": 214305065.21900001, 
        "19": 203106934.06400001, 
        "20": 210065273.271, 
        "21": 147354581.79300001, 
        "22": 191314521.338, 
        "23": 314304872.11299998, 
        "24": 232460082.035, 
        "25": 327502788.20700002, 
        "26": 206036130.02200001, 
        "27": 208336690.80399999, 
        "28": 279589873.86400002, 
        "29": 275667491.22000003, 
        "30": 234392213.14899999, 
        "31": 143895200.04300001, 
        "32": 254480753.35299999, 
        "33": 136968452.676, 
        "34": 133098709.473, 
        "35": 193906946.69600001, 
        "36": 163836459.88299999, 
        "37": 309739132.84100002, 
        "38": 167766442.96200001, 
        "39": 161914604.82300001, 
        "40": 139322927.204, 
        "41": 222017356.213, 
        "42": 193736484.69299999, 
        "43": 146088382.285, 
        "44": 111906730.531, 
        "45": 234809708.933, 
        "46": 197383973.368, 
        "47": 153297133.528, 
        "48": 127816299.44, 
        "49": 91958672.643000007, 
        "50": 121982515.07099999, 
        "51": 245931389.118, 
        "52": 252858805.51199999, 
        "53": 373084135.74000001, 
        "54": 154575071.836, 
        "55": 250640330.00099999, 
        "56": 160236105.64199999, 
        "57": 314144255.32700002, 
        "58": 333789612.02700001, 
        "59": 273402345.07800001, 
        "60": 205887580.62400001, 
        "61": 133654942.156, 
        "62": 181645448.706, 
        "63": 286569062.10100001, 
        "64": 116676079.756, 
        "65": 175887727.81299999, 
        "66": 130107741.707, 
        "67": 146337641.398, 
        "68": 123942019.921, 
        "69": 111836256.653, 
        "70": 101085139.27, 
        "71": 159913780.53200001, 
        "72": 180294313.84200001, 
        "73": 171729292.61700001, 
        "74": 210042832.23300001, 
        "75": 231839728.164, 
        "76": 104381105.09100001, 
        "77": 328332430.903, 
        "78": 196696058.57100001, 
        "79": 127140624.59999999, 
        "80": 290357591.82800001, 
        "81": 169764784.64300001, 
        "82": 152402563.94100001, 
        "83": 82806336.913000003, 
        "84": 102197472.065, 
        "85": 220875198.88299999, 
        "86": 287465391.92900002, 
        "87": 184221989.417, 
        "88": 235592784.683, 
        "89": 252778603.912, 
        "90": 226608304.68000001, 
        "91": 98342001.843999997, 
        "92": 110340484.51199999, 
        "93": 101660348.80599999, 
        "94": 215492554.34, 
        "95": 367209718.75800002, 
        "96": 196077319.54800001, 
        "97": 118909591.264, 
        "98": 107074200.455, 
        "99": 169083242.34299999
    }, 
    "averaged_NPV": 196262241.68618995
}