{
    "std": 72436224.327778578, 
    "raw_results": {
        "0": 422725259.43400002, 
        "1": 280594573.31099999, 
        "2": 237887000.287, 
        "3": 181023947.11000001, 
        "4": 199746371.845, 
        "5": 210846689.01300001, 
        "6": 194637609.611, 
        "7": 186851995.94400001, 
        "8": 151962379.06799999, 
        "9": 79422826.185000002, 
        "10": 143359233.72499999, 
        "11": 168113675.222, 
        "12": 112858691.38, 
        "13": 164556477.43000001, 
        "14": 167558941.66100001, 
        "15": 377226700.54299998, 
        "16": 219292323.40900001, 
        "17": 257246888.558, 
        "18": 218493896.22600001, 
        "19": 205675187.97600001, 
        "20": 213849740.565, 
        "21": 149902935.824, 
        "22": 193799633.89199999, 
        "23": 317654451.06, 
        "24": 235157888.57499999, 
        "25": 330002461.204, 
        "26": 208870002.82699999, 
        "27": 211075211.31900001, 
        "28": 282607428.52499998, 
        "29": 277907929.57700002, 
        "30": 237027757.479, 
        "31": 145433031.44400001, 
        "32": 256935193.98899999, 
        "33": 140699907.956, 
        "34": 137254976.77900001, 
        "35": 196848865.67699999, 
        "36": 163373368.59, 
        "37": 312926645.26099998, 
        "38": 172737829.46599999, 
        "39": 164956359.25600001, 
        "40": 142850073.04300001, 
        "41": 225165071.30399999, 
        "42": 193579353.08500001, 
        "43": 151038251.579, 
        "44": 112765725.353, 
        "45": 237871492.421, 
        "46": 197352175.523, 
        "47": 156357190.64500001, 
        "48": 132616064.171, 
        "49": 95403511.675999999, 
        "50": 126065073.809, 
        "51": 249330499.02500001, 
        "52": 256396376.801, 
        "53": 376144552.99800003, 
        "54": 157756507.61300001, 
        "55": 253012457.18799999, 
        "56": 163372120.792, 
        "57": 317440768.32300001, 
        "58": 336608132.83099997, 
        "59": 277025562.40100002, 
        "60": 209574405.80000001, 
        "61": 137743565.99599999, 
        "62": 181120174.46000001, 
        "63": 290062061.699, 
        "64": 119520948.198, 
        "65": 180200451.63100001, 
        "66": 132803606.925, 
        "67": 150160806.73100001, 
        "68": 128850993.83499999, 
        "69": 113630384.16500001, 
        "70": 103467362.096, 
        "71": 163174839.01800001, 
        "72": 182982764.67899999, 
        "73": 173374497.13999999, 
        "74": 212344752.92500001, 
        "75": 235159334.88499999, 
        "76": 107600311.598, 
        "77": 331473572.62300003, 
        "78": 199835384.77900001, 
        "79": 130109830.057, 
        "80": 293169875.92299998, 
        "81": 172837430.76699999, 
        "82": 155839075.53600001, 
        "83": 86063659.172000006, 
        "84": 105650923.031, 
        "85": 224220007.84599999, 
        "86": 293755232.64300001, 
        "87": 182959792.442, 
        "88": 238669150.02000001, 
        "89": 255190815.39700001, 
        "90": 229476375.058, 
        "91": 102005076.351, 
        "92": 111985730.506, 
        "93": 104893769.316, 
        "94": 218392561.21900001, 
        "95": 370583324.19, 
        "96": 197602457.92899999, 
        "97": 121707243.933, 
        "98": 108585484.59900001, 
        "99": 172413908.632
    }, 
    "averaged_NPV": 199164451.91534001
}