{
    "std": 73182654.405557171, 
    "raw_results": {
        "0": 428779003.10900003, 
        "1": 276846506.41100001, 
        "2": 233923864.24700001, 
        "3": 177956336.99200001, 
        "4": 196031100.88499999, 
        "5": 208045186.65599999, 
        "6": 191302557.014, 
        "7": 180694154.95100001, 
        "8": 149579653.88999999, 
        "9": 75824983.427000001, 
        "10": 139987104.773, 
        "11": 164582547.65200001, 
        "12": 109680430.546, 
        "13": 161364396.68000001, 
        "14": 162289990.96000001, 
        "15": 379560298.31400001, 
        "16": 215934940.39500001, 
        "17": 253351163.82800001, 
        "18": 211006624.85800001, 
        "19": 202295326.461, 
        "20": 205057684.815, 
        "21": 145503028.646, 
        "22": 190631746.26800001, 
        "23": 312178812.82499999, 
        "24": 231620113.96599999, 
        "25": 325529984.58200002, 
        "26": 205820460.63499999, 
        "27": 207433113.93599999, 
        "28": 278362072.14499998, 
        "29": 274905995.30900002, 
        "30": 233806780.285, 
        "31": 143020505.78999999, 
        "32": 253736596.19, 
        "33": 134867176.50999999, 
        "34": 132603390.737, 
        "35": 192900921.22400001, 
        "36": 160232476.48300001, 
        "37": 309364546.514, 
        "38": 169239706.03799999, 
        "39": 161345298.02900001, 
        "40": 137656883.52000001, 
        "41": 221380131.81, 
        "42": 190500534.435, 
        "43": 144812531.095, 
        "44": 110467306.655, 
        "45": 234090886.71200001, 
        "46": 194222424.882, 
        "47": 153345998.891, 
        "48": 126425620.53200001, 
        "49": 92171197.528999999, 
        "50": 121465332.80500001, 
        "51": 245298552.76899999, 
        "52": 252092734.722, 
        "53": 383063486.00599998, 
        "54": 154849600.94400001, 
        "55": 250252363.67899999, 
        "56": 159793227.82499999, 
        "57": 312783384.28299999, 
        "58": 331116805.53399998, 
        "59": 271738713.47600001, 
        "60": 203652625.75799999, 
        "61": 132718201.698, 
        "62": 178174179.852, 
        "63": 285825309.10000002, 
        "64": 116765416.024, 
        "65": 176164040.59799999, 
        "66": 129551223.189, 
        "67": 146953579.676, 
        "68": 123334667.70100001, 
        "69": 111585461.479, 
        "70": 100774608.756, 
        "71": 159540087.71799999, 
        "72": 180050031.49900001, 
        "73": 170210558.07300001, 
        "74": 209504774.76699999, 
        "75": 232368682.48100001, 
        "76": 104686469.02, 
        "77": 326073813.47299999, 
        "78": 196201186.04300001, 
        "79": 126772503.293, 
        "80": 288355290.07999998, 
        "81": 169992546.31999999, 
        "82": 152503638.06400001, 
        "83": 82550363.298999995, 
        "84": 102191934.612, 
        "85": 220603585.00799999, 
        "86": 288949104.41399997, 
        "87": 179857576.74700001, 
        "88": 234738444.89500001, 
        "89": 252226458.37599999, 
        "90": 225714592.958, 
        "91": 97915349.982999995, 
        "92": 109302850.89300001, 
        "93": 101792201.384, 
        "94": 214979848.96000001, 
        "95": 376870055.079, 
        "96": 193590461.914, 
        "97": 117059033.256, 
        "98": 106538029.212, 
        "99": 168922986.71399999
    }, 
    "averaged_NPV": 195702860.73446003
}