{
    "std": 72801144.156272501, 
    "raw_results": {
        "0": 434282824.667, 
        "1": 283408673.40600002, 
        "2": 244452324.15099999, 
        "3": 183738082.77399999, 
        "4": 203246222.96799999, 
        "5": 213452522.82100001, 
        "6": 197622118.73199999, 
        "7": 190051624.271, 
        "8": 158680077.88100001, 
        "9": 81982345.297999993, 
        "10": 146114532.54699999, 
        "11": 171265104.995, 
        "12": 116005514.237, 
        "13": 166948400.146, 
        "14": 170146511.958, 
        "15": 381936111.824, 
        "16": 222017659.86500001, 
        "17": 259907714.20199999, 
        "18": 217171116.76199999, 
        "19": 208596775.002, 
        "20": 217206419.67500001, 
        "21": 155252508.023, 
        "22": 196381290.692, 
        "23": 321407116.94099998, 
        "24": 238367717.96599999, 
        "25": 333578392.50700003, 
        "26": 211720613.13800001, 
        "27": 213846867.296, 
        "28": 285696752.87, 
        "29": 280634088.11799997, 
        "30": 240649821.965, 
        "31": 150983887.12, 
        "32": 259652298.58500001, 
        "33": 143186726.396, 
        "34": 140928940.653, 
        "35": 200041297.02900001, 
        "36": 169328385.09299999, 
        "37": 316082185.26099998, 
        "38": 175690538.59, 
        "39": 167693865.11199999, 
        "40": 147961973.62099999, 
        "41": 227646095.64300001, 
        "42": 200076010.43000001, 
        "43": 153437268.627, 
        "44": 118280149.814, 
        "45": 240430798.51899999, 
        "46": 200203124.91800001, 
        "47": 158423878.67199999, 
        "48": 136337924.79899999, 
        "49": 99066071.634000003, 
        "50": 129321122.935, 
        "51": 252001322.36700001, 
        "52": 259143921.359, 
        "53": 385221465.89200002, 
        "54": 160431105.15599999, 
        "55": 255842815.558, 
        "56": 166084156.67300001, 
        "57": 320240582.62599999, 
        "58": 339605802.44099998, 
        "59": 279997950.39600003, 
        "60": 212545376.38800001, 
        "61": 139728050.632, 
        "62": 184202405.227, 
        "63": 293223843.45700002, 
        "64": 122303003.471, 
        "65": 183614561.90700001, 
        "66": 135146600.79800001, 
        "67": 153019841.595, 
        "68": 132465234.51800001, 
        "69": 117173934.736, 
        "70": 107953947.051, 
        "71": 165622825.204, 
        "72": 185573441.618, 
        "73": 175000149.273, 
        "74": 214822267.616, 
        "75": 237526947.19299999, 
        "76": 111397961.962, 
        "77": 335207568.01899999, 
        "78": 202628233.84200001, 
        "79": 132959187.971, 
        "80": 296643890.954, 
        "81": 175675382.028, 
        "82": 158613478.125, 
        "83": 90038677.908999994, 
        "84": 108509655.42, 
        "85": 227073533.08500001, 
        "86": 296523735.63200003, 
        "87": 191846737.60600001, 
        "88": 241183769.61500001, 
        "89": 257798199.48100001, 
        "90": 232172589.07499999, 
        "91": 104849657.96699999, 
        "92": 116803697.932, 
        "93": 107950125.91599999, 
        "94": 221150483.74700001, 
        "95": 376578102.19999999, 
        "96": 200592334.59799999, 
        "97": 125875942.691, 
        "98": 112164104.896, 
        "99": 175274607.70699999
    }, 
    "averaged_NPV": 202585436.02679005
}