{
    "std": 72474567.126871571, 
    "raw_results": {
        "0": 422158277.16000003, 
        "1": 279679058.09899998, 
        "2": 239305743.78999999, 
        "3": 179697985.859, 
        "4": 201893447.31, 
        "5": 209913969.86300001, 
        "6": 196033209.93200001, 
        "7": 185118808.94400001, 
        "8": 154175530.68799999, 
        "9": 77944808.226999998, 
        "10": 143174843.53799999, 
        "11": 167325934.58899999, 
        "12": 112055192.788, 
        "13": 164893507.95100001, 
        "14": 166607465.57699999, 
        "15": 376211883.03600001, 
        "16": 218507727.05500001, 
        "17": 256106120.39500001, 
        "18": 216199942.373, 
        "19": 204860392.25999999, 
        "20": 211845829.65599999, 
        "21": 149129489.13299999, 
        "22": 192923209.91299999, 
        "23": 316808986.546, 
        "24": 234359024.64700001, 
        "25": 329407499.37300003, 
        "26": 208035500.34799999, 
        "27": 210181857.56299999, 
        "28": 281644250.88800001, 
        "29": 277230438.23699999, 
        "30": 236446929.34900001, 
        "31": 145193333.80000001, 
        "32": 256089510.06299999, 
        "33": 138728911.95500001, 
        "34": 135032788.456, 
        "35": 195972616.646, 
        "36": 165974959.604, 
        "37": 312126950.78399998, 
        "38": 172561388.39399999, 
        "39": 163667521.458, 
        "40": 141410991.35800001, 
        "41": 224012004.796, 
        "42": 195013687.39500001, 
        "43": 147723418.15099999, 
        "44": 112770951.502, 
        "45": 236879590.47299999, 
        "46": 199434546.199, 
        "47": 155187152.29899999, 
        "48": 129625869.677, 
        "49": 93913932.886999995, 
        "50": 124098255.12, 
        "51": 248064949.61300001, 
        "52": 255182184.02000001, 
        "53": 375394102.333, 
        "54": 156337978.92899999, 
        "55": 252526851.204, 
        "56": 162188761.49900001, 
        "57": 316781289.61400002, 
        "58": 335880191.00199997, 
        "59": 276149978.77700001, 
        "60": 207895180.44299999, 
        "61": 135852423.15799999, 
        "62": 183793342.08199999, 
        "63": 289078352.57300001, 
        "64": 118405676.538, 
        "65": 177913992.58899999, 
        "66": 131545413.647, 
        "67": 150388132.752, 
        "68": 127524259.212, 
        "69": 113314733.198, 
        "70": 102561001.22, 
        "71": 161515132.01800001, 
        "72": 182176781.96700001, 
        "73": 174056053.803, 
        "74": 211655670.27900001, 
        "75": 234013322.053, 
        "76": 107729086.145, 
        "77": 330508909.41500002, 
        "78": 198640475.39199999, 
        "79": 129024170.145, 
        "80": 292664236.05500001, 
        "81": 171823626.176, 
        "82": 155661297.43200001, 
        "83": 85187842.015000001, 
        "84": 104416780.647, 
        "85": 223120500.46700001, 
        "86": 290281045.89099997, 
        "87": 185480713.84, 
        "88": 237542783.48800001, 
        "89": 254539824.391, 
        "90": 228534645.68200001, 
        "91": 100368548.34100001, 
        "92": 111198421.63600001, 
        "93": 103045024.78399999, 
        "94": 217492990.60499999, 
        "95": 369840608.25599998, 
        "96": 198382060.59999999, 
        "97": 119859892.09299999, 
        "98": 108504654.779, 
        "99": 170590370.53999999
    }, 
    "averaged_NPV": 198399295.09442002
}