{
    "std": 72956259.111607447, 
    "raw_results": {
        "0": 433402410.505, 
        "1": 282842370.60100001, 
        "2": 242143544.28600001, 
        "3": 181283773.56299999, 
        "4": 204576025.713, 
        "5": 211345500.93599999, 
        "6": 198585572.52500001, 
        "7": 186026375.118, 
        "8": 155915545.16800001, 
        "9": 81048600.471000001, 
        "10": 145852695.53600001, 
        "11": 171579324.25999999, 
        "12": 115309865.73199999, 
        "13": 167665322.405, 
        "14": 168288526.99700001, 
        "15": 381365957.574, 
        "16": 218917681.16100001, 
        "17": 259576137.62599999, 
        "18": 218896247.46799999, 
        "19": 205133172.567, 
        "20": 212456494.289, 
        "21": 152159901.16100001, 
        "22": 192223433.59200001, 
        "23": 321813544.59600002, 
        "24": 234643471.567, 
        "25": 332670340.26800001, 
        "26": 207105308.24900001, 
        "27": 211074040.921, 
        "28": 285496452.79900002, 
        "29": 280141522.50800002, 
        "30": 236185478.139, 
        "31": 147773882.71599999, 
        "32": 259235702.77500001, 
        "33": 140973699.29699999, 
        "34": 138820737.95500001, 
        "35": 198087382.39500001, 
        "36": 167051474.31999999, 
        "37": 315669466.67699999, 
        "38": 176233798.271, 
        "39": 167095202.56799999, 
        "40": 146479220.597, 
        "41": 227529849.14899999, 
        "42": 196313580.26300001, 
        "43": 151317177.67699999, 
        "44": 114873862.823, 
        "45": 240099521.24200001, 
        "46": 202208052.97299999, 
        "47": 159188131.17899999, 
        "48": 133181768.723, 
        "49": 97409184.532000005, 
        "50": 127618308.595, 
        "51": 252886200.64500001, 
        "52": 258759589.5, 
        "53": 384427311.90100002, 
        "54": 158237327.46900001, 
        "55": 255267804.38999999, 
        "56": 166130660.199, 
        "57": 319529083.24900001, 
        "58": 339698292.97500002, 
        "59": 279709557.63499999, 
        "60": 210764461.523, 
        "61": 138922592.535, 
        "62": 186739906.34, 
        "63": 292933914.495, 
        "64": 122399603.05599999, 
        "65": 184545419.44, 
        "66": 135110874.292, 
        "67": 152745429.60600001, 
        "68": 129324991.65700001, 
        "69": 117383098.608, 
        "70": 105299685.31200001, 
        "71": 166424772.76499999, 
        "72": 183743066.70699999, 
        "73": 176971581.55000001, 
        "74": 214410871.088, 
        "75": 233690033.37099999, 
        "76": 110700247.354, 
        "77": 334562912.44499999, 
        "78": 202028673.47400001, 
        "79": 132481440.719, 
        "80": 296825344.48199999, 
        "81": 177042402.56900001, 
        "82": 158339295.05899999, 
        "83": 88253659.981000006, 
        "84": 107108462.979, 
        "85": 225072378.40099999, 
        "86": 288292691.48699999, 
        "87": 186551784.80399999, 
        "88": 240772409.176, 
        "89": 257020617.19800001, 
        "90": 231959882.53999999, 
        "91": 103164391.463, 
        "92": 114611096.757, 
        "93": 106378694.76000001, 
        "94": 217910651.63800001, 
        "95": 375925202.102, 
        "96": 197964214.764, 
        "97": 122653598.94400001, 
        "98": 112212164.987, 
        "99": 176143194.046
    }, 
    "averaged_NPV": 201329161.85465008
}