{
    "std": 72296557.631332904, 
    "raw_results": {
        "0": 423678837.46700001, 
        "1": 281248835.03299999, 
        "2": 239052925.24200001, 
        "3": 178527720.08399999, 
        "4": 200932613.52500001, 
        "5": 212547327.06600001, 
        "6": 196742054.69800001, 
        "7": 184706862.08700001, 
        "8": 154181619.20699999, 
        "9": 80688712.104000002, 
        "10": 144973145.32499999, 
        "11": 169323469.28, 
        "12": 114047395.348, 
        "13": 165656801.479, 
        "14": 168530639.27700001, 
        "15": 377966887.43199998, 
        "16": 220051351.965, 
        "17": 257830189.127, 
        "18": 215619778.87900001, 
        "19": 206737097.35299999, 
        "20": 214886402.51100001, 
        "21": 150707858.002, 
        "22": 194617809.53400001, 
        "23": 318779320.93199998, 
        "24": 236319846.87400001, 
        "25": 330930000.76700002, 
        "26": 210580558.493, 
        "27": 212031095.38699999, 
        "28": 283477256.42000002, 
        "29": 278984032.65499997, 
        "30": 238804168.89899999, 
        "31": 146864747.09299999, 
        "32": 257635678.977, 
        "33": 141926490.76800001, 
        "34": 136904388.43099999, 
        "35": 198031570.23100001, 
        "36": 164473068.53099999, 
        "37": 313764188.671, 
        "38": 174305847.18900001, 
        "39": 165783894.66, 
        "40": 143856624.317, 
        "41": 225542084.86300001, 
        "42": 195093622.32699999, 
        "43": 152721209.20199999, 
        "44": 113768515.414, 
        "45": 238361615.505, 
        "46": 199376483.23800001, 
        "47": 157106917.68799999, 
        "48": 131625680.426, 
        "49": 96296041.864999995, 
        "50": 125988104.971, 
        "51": 250246031.215, 
        "52": 256960129.94800001, 
        "53": 376957711.66299999, 
        "54": 159089534.87900001, 
        "55": 254207627.29699999, 
        "56": 164545932.183, 
        "57": 318298330.92799997, 
        "58": 337875464.68699998, 
        "59": 277827648.884, 
        "60": 208227140.729, 
        "61": 136693172.23199999, 
        "62": 182956741.66999999, 
        "63": 291072297.49800003, 
        "64": 120593331.561, 
        "65": 181698434.07100001, 
        "66": 133880879.755, 
        "67": 151097984.375, 
        "68": 128491936.249, 
        "69": 115991650.57700001, 
        "70": 104229758.131, 
        "71": 163984570.859, 
        "72": 183876008.93599999, 
        "73": 175379211.77900001, 
        "74": 213254023.90200001, 
        "75": 237377372.60299999, 
        "76": 109077772.55, 
        "77": 331780226.45899999, 
        "78": 200949158.51199999, 
        "79": 131027469.44499999, 
        "80": 294407927.98900002, 
        "81": 174425226.903, 
        "82": 156729932.49000001, 
        "83": 86888848.321999997, 
        "84": 107116215.60699999, 
        "85": 225431162.007, 
        "86": 285587632.60699999, 
        "87": 184941797.921, 
        "88": 239151580.421, 
        "89": 256026201.03600001, 
        "90": 230213737.26100001, 
        "91": 103269691.992, 
        "92": 113634040.53300001, 
        "93": 105168605.47499999, 
        "94": 219413141.79800001, 
        "95": 371257136.35900003, 
        "96": 199343317.43399999, 
        "97": 121108947.168, 
        "98": 110600792.111, 
        "99": 173761685.366
    }, 
    "averaged_NPV": 199987145.61196005
}