{
    "std": 72565633.39555265, 
    "raw_results": {
        "0": 425602991.32200003, 
        "1": 276629518.08099997, 
        "2": 233923864.24700001, 
        "3": 177956336.99200001, 
        "4": 196031100.88499999, 
        "5": 208045186.65599999, 
        "6": 191302557.014, 
        "7": 180690540.63299999, 
        "8": 149445290.227, 
        "9": 75583766.365999997, 
        "10": 139877384.208, 
        "11": 164559285.546, 
        "12": 109575477.742, 
        "13": 161358858.11399999, 
        "14": 162346415.53099999, 
        "15": 376636331.25400001, 
        "16": 215934940.39500001, 
        "17": 253336190.18700001, 
        "18": 211006624.85800001, 
        "19": 202295326.461, 
        "20": 205057684.815, 
        "21": 145447762.59900001, 
        "22": 190631746.26800001, 
        "23": 312001575.98000002, 
        "24": 231620113.96599999, 
        "25": 323516214.81800002, 
        "26": 205812088.21900001, 
        "27": 207433113.93599999, 
        "28": 278656110.74900001, 
        "29": 272078212.36400002, 
        "30": 233798921.70300001, 
        "31": 142969962.66299999, 
        "32": 252656146.366, 
        "33": 134793701.46599999, 
        "34": 132427819.711, 
        "35": 192900921.22400001, 
        "36": 160221441.574, 
        "37": 308560361.01099998, 
        "38": 169239706.03799999, 
        "39": 161322255.96700001, 
        "40": 137618279.04100001, 
        "41": 221380131.81, 
        "42": 190486257.417, 
        "43": 144787073.48800001, 
        "44": 110484344.48800001, 
        "45": 234090886.71200001, 
        "46": 194222424.882, 
        "47": 153320496.87099999, 
        "48": 126153316.242, 
        "49": 92131637.415999994, 
        "50": 121073814.645, 
        "51": 245289996.93900001, 
        "52": 252062788.68200001, 
        "53": 381296909.94199997, 
        "54": 154762360.77000001, 
        "55": 249247507.162, 
        "56": 159751813.13299999, 
        "57": 312163542.87300003, 
        "58": 330184214.47600001, 
        "59": 271114536.71200001, 
        "60": 203652625.75799999, 
        "61": 132623653.778, 
        "62": 178174179.852, 
        "63": 285850143.08099997, 
        "64": 116413538.927, 
        "65": 176156901.868, 
        "66": 129634512.98, 
        "67": 146851383.24900001, 
        "68": 123322721.419, 
        "69": 111498542.185, 
        "70": 100044156.62100001, 
        "71": 159446352.567, 
        "72": 180050031.49900001, 
        "73": 170210558.07300001, 
        "74": 207907694.831, 
        "75": 232345752.36300001, 
        "76": 104511238.74600001, 
        "77": 324971659.58999997, 
        "78": 196188107.95199999, 
        "79": 126693896.347, 
        "80": 289294984.333, 
        "81": 169967913.28799999, 
        "82": 152376991.76100001, 
        "83": 82225569.186000004, 
        "84": 102051120.354, 
        "85": 220603585.00799999, 
        "86": 288145575.51200002, 
        "87": 179667859.65099999, 
        "88": 234738444.89500001, 
        "89": 249918474.73500001, 
        "90": 225714592.958, 
        "91": 97656677.046000004, 
        "92": 109214732.756, 
        "93": 99989016.066, 
        "94": 214979848.96000001, 
        "95": 364158508.77200001, 
        "96": 193590461.914, 
        "97": 117082934.074, 
        "98": 106216350.574, 
        "99": 168861633.833
    }, 
    "averaged_NPV": 195279091.09219006
}