{
    "std": 66051163.87906123, 
    "raw_results": {
        "0": 399550926.97100002, 
        "1": 268507345.30299997, 
        "2": 229155635.36300001, 
        "3": 173435200.528, 
        "4": 194302045.333, 
        "5": 200750760.87799999, 
        "6": 188035873.20199999, 
        "7": 178665066.28600001, 
        "8": 149636355.007, 
        "9": 82593131.724999994, 
        "10": 142768369.21399999, 
        "11": 163552988.01800001, 
        "12": 112670338.998, 
        "13": 159807665.50099999, 
        "14": 162594577.072, 
        "15": 356211331.602, 
        "16": 206871987.86199999, 
        "17": 240490059.183, 
        "18": 209241313.24000001, 
        "19": 195873775.22400001, 
        "20": 202375479.39500001, 
        "21": 148470690.91299999, 
        "22": 183969425.94100001, 
        "23": 301328060.01899999, 
        "24": 222852054.715, 
        "25": 309929775.84399998, 
        "26": 197762758.55899999, 
        "27": 199893601.164, 
        "28": 271366521.36500001, 
        "29": 263461545.741, 
        "30": 224180031.692, 
        "31": 144084737.752, 
        "32": 239245018.14899999, 
        "33": 137950554.85699999, 
        "34": 136411342.19400001, 
        "35": 189271091.29899999, 
        "36": 159262786.22499999, 
        "37": 298416932.86799997, 
        "38": 167684476.625, 
        "39": 160137927.09999999, 
        "40": 139320448.39399999, 
        "41": 213280313.20199999, 
        "42": 186805059.833, 
        "43": 146178227.47400001, 
        "44": 115011410.273, 
        "45": 224754375.597, 
        "46": 191531685.27200001, 
        "47": 152221383.16800001, 
        "48": 132155769.432, 
        "49": 97528500.391000003, 
        "50": 126801340.59, 
        "51": 234161685.37900001, 
        "52": 241948898.15700001, 
        "53": 356870010.28500003, 
        "54": 154268540.18000001, 
        "55": 241402677.928, 
        "56": 159627389.208, 
        "57": 298646536.02399999, 
        "58": 317487926.00599998, 
        "59": 256249440.27000001, 
        "60": 200008975.785, 
        "61": 134881636.35299999, 
        "62": 176793594.53099999, 
        "63": 277054107.00599998, 
        "64": 119607701.99600001, 
        "65": 175247277.998, 
        "66": 131737287.90099999, 
        "67": 149022808.69999999, 
        "68": 128230917.676, 
        "69": 115245608.78399999, 
        "70": 107217260.08499999, 
        "71": 159941600.68200001, 
        "72": 174713228.252, 
        "73": 167944434.80199999, 
        "74": 199990601.074, 
        "75": 221353587.778, 
        "76": 108344364.557, 
        "77": 313305947.42500001, 
        "78": 193352595.07800001, 
        "79": 129422767.068, 
        "80": 279217026.45999998, 
        "81": 168257596.15599999, 
        "82": 153084155.24399999, 
        "83": 90127980.758000001, 
        "84": 106428570.979, 
        "85": 215368044.01300001, 
        "86": 279237163.33899999, 
        "87": 183118686.21200001, 
        "88": 225589406.23199999, 
        "89": 237402965.21200001, 
        "90": 216537346.73800001, 
        "91": 102991078.41500001, 
        "92": 114042978.309, 
        "93": 108400965.49699999, 
        "94": 207256225.52900001, 
        "95": 352153366.75199997, 
        "96": 191766027.61300001, 
        "97": 119804281.454, 
        "98": 110657344.405, 
        "99": 169131344.317
    }, 
    "averaged_NPV": 191730100.33154994
}