{
    "std": 72862949.93748565, 
    "raw_results": {
        "0": 431976329.417, 
        "1": 283503073.14300001, 
        "2": 241566546.86500001, 
        "3": 180029020.94100001, 
        "4": 202936011.24599999, 
        "5": 213925573.338, 
        "6": 198228391.995, 
        "7": 186211245.079, 
        "8": 155318250.87599999, 
        "9": 81851538.361000001, 
        "10": 146059408.31, 
        "11": 170779240.757, 
        "12": 115628017.598, 
        "13": 167390785.10800001, 
        "14": 170247345.08500001, 
        "15": 381809041.87900001, 
        "16": 221992521.671, 
        "17": 260122489.97600001, 
        "18": 217957137.99000001, 
        "19": 208431247.39899999, 
        "20": 216609603.06200001, 
        "21": 152090235.039, 
        "22": 196661884.87200001, 
        "23": 320710537.30900002, 
        "24": 238515903.76899999, 
        "25": 333158279.68599999, 
        "26": 211841368.005, 
        "27": 213224915.86199999, 
        "28": 285453313.46600002, 
        "29": 280584294.05900002, 
        "30": 240724270.98699999, 
        "31": 151623521.22, 
        "32": 259762177.25, 
        "33": 143256482.42199999, 
        "34": 140755986.00799999, 
        "35": 199458455.64399999, 
        "36": 166157431.78200001, 
        "37": 316213430.13499999, 
        "38": 176153772.183, 
        "39": 167563596.83899999, 
        "40": 144945818.30700001, 
        "41": 227935924.67300001, 
        "42": 196257331.99700001, 
        "43": 153672723.794, 
        "44": 114870806.41599999, 
        "45": 240579094.96900001, 
        "46": 200990061.02200001, 
        "47": 158651152.81600001, 
        "48": 135595634.66800001, 
        "49": 98902698.405000001, 
        "50": 127159754.12199999, 
        "51": 251962761.477, 
        "52": 259485148.37900001, 
        "53": 384582621.653, 
        "54": 160306690.979, 
        "55": 255700780.54800001, 
        "56": 166206104.829, 
        "57": 320037295.64099997, 
        "58": 339026103.09399998, 
        "59": 280026715.69300002, 
        "60": 209968184.64899999, 
        "61": 140541772.93399999, 
        "62": 184875089.88, 
        "63": 293127793.10399997, 
        "64": 121832206.81, 
        "65": 182836131.27599999, 
        "66": 135210367.28299999, 
        "67": 152362422.42500001, 
        "68": 131893710.708, 
        "69": 117203089.76899999, 
        "70": 105981291.876, 
        "71": 165393112.05500001, 
        "72": 185511409.89399999, 
        "73": 176739221.07600001, 
        "74": 214873731.34799999, 
        "75": 238793858.259, 
        "76": 109898436.273, 
        "77": 335310886.57599998, 
        "78": 202804395.81299999, 
        "79": 132473120.699, 
        "80": 295932781.26700002, 
        "81": 176087968.30000001, 
        "82": 158350875.39899999, 
        "83": 89577467.510000005, 
        "84": 108409855.608, 
        "85": 227362518.68599999, 
        "86": 287158599.98900002, 
        "87": 185529026.21900001, 
        "88": 241132517.31799999, 
        "89": 257283352.09400001, 
        "90": 232483604.009, 
        "91": 104485177.90099999, 
        "92": 114231674.259, 
        "93": 108135304.10699999, 
        "94": 221152556.70199999, 
        "95": 376585186.84600002, 
        "96": 200508813.07600001, 
        "97": 122477662.699, 
        "98": 111667544.698, 
        "99": 175098516.766
    }, 
    "averaged_NPV": 201946591.36275002
}