{
    "std": 65788222.095958918, 
    "raw_results": {
        "0": 399145188.56199998, 
        "1": 268792582.82200003, 
        "2": 229977443.972, 
        "3": 174108012.583, 
        "4": 195474883.61899999, 
        "5": 200350829.403, 
        "6": 189900378.90400001, 
        "7": 179289514.48199999, 
        "8": 151590181.373, 
        "9": 83870601.753000006, 
        "10": 142994309.22099999, 
        "11": 164279858.54499999, 
        "12": 113617365.483, 
        "13": 161463842.192, 
        "14": 163336865.69999999, 
        "15": 356283214.37699997, 
        "16": 207359995.139, 
        "17": 240859536.32800001, 
        "18": 210944390.91, 
        "19": 196384382.516, 
        "20": 202711049.76800001, 
        "21": 148237498.14899999, 
        "22": 184608644.07300001, 
        "23": 301271395.56099999, 
        "24": 224036916.308, 
        "25": 310154072.949, 
        "26": 197917751.65000001, 
        "27": 199995950.21000001, 
        "28": 271485474.17799997, 
        "29": 263630720.167, 
        "30": 224543515.331, 
        "31": 142574920.734, 
        "32": 239697560.294, 
        "33": 138715817.22499999, 
        "34": 137202776.42399999, 
        "35": 189682719.22600001, 
        "36": 159829140.61899999, 
        "37": 298968977.91000003, 
        "38": 169713433.24200001, 
        "39": 161419576.39899999, 
        "40": 139682756.46599999, 
        "41": 214369418.021, 
        "42": 186900640.29100001, 
        "43": 144995067.08899999, 
        "44": 114692291.723, 
        "45": 225104136.389, 
        "46": 192984123.77399999, 
        "47": 153258656.773, 
        "48": 133142500.43099999, 
        "49": 99229215.199000001, 
        "50": 127330506.01899999, 
        "51": 234343126.21599999, 
        "52": 242676498.32300001, 
        "53": 356367759.28200001, 
        "54": 151974772.69400001, 
        "55": 241613028.01800001, 
        "56": 160808487.155, 
        "57": 298503854.25800002, 
        "58": 317427832.60699999, 
        "59": 256583814.447, 
        "60": 200557696.70300001, 
        "61": 136143305.245, 
        "62": 178051959.153, 
        "63": 277279343.236, 
        "64": 117837190.667, 
        "65": 176244156.20199999, 
        "66": 130554312.60600001, 
        "67": 148281173.87799999, 
        "68": 129716331.484, 
        "69": 116028802.406, 
        "70": 108765454.79700001, 
        "71": 157031348.81999999, 
        "72": 175138311.69800001, 
        "73": 168723524.641, 
        "74": 200433476.009, 
        "75": 221456706.22400001, 
        "76": 109403941.48199999, 
        "77": 313460518.16600001, 
        "78": 194215908.33500001, 
        "79": 128955751.84999999, 
        "80": 279111668.07499999, 
        "81": 169243422.98500001, 
        "82": 152718322.77000001, 
        "83": 90875178.671000004, 
        "84": 106896318.23, 
        "85": 216067856.50400001, 
        "86": 270201344.68800002, 
        "87": 180355354.90099999, 
        "88": 225934672.31799999, 
        "89": 237420812.08500001, 
        "90": 217327577.741, 
        "91": 104103138.05599999, 
        "92": 113866028.693, 
        "93": 109188287.97, 
        "94": 207740796.91999999, 
        "95": 352129898.222, 
        "96": 193293426.11399999, 
        "97": 121303408.905, 
        "98": 111495889.23899999, 
        "99": 170156896.461
    }, 
    "averaged_NPV": 192061192.86625996
}