{
    "std": 72993962.507332653, 
    "raw_results": {
        "0": 433920244.51499999, 
        "1": 278691767.71700001, 
        "2": 238057552.59200001, 
        "3": 178834506.64700001, 
        "4": 197767409.273, 
        "5": 208964487.634, 
        "6": 194548218.13100001, 
        "7": 184192120.498, 
        "8": 153056836.204, 
        "9": 77142687.769999996, 
        "10": 142476024.141, 
        "11": 166443692.294, 
        "12": 110954459.375, 
        "13": 161015451.778, 
        "14": 165779383.71000001, 
        "15": 373045683.58200002, 
        "16": 217737332.21000001, 
        "17": 255294960.27500001, 
        "18": 215434145.52599999, 
        "19": 204131659.917, 
        "20": 211270866.75799999, 
        "21": 147847903.56299999, 
        "22": 192167037.94299999, 
        "23": 315160098.08600003, 
        "24": 233410687.63800001, 
        "25": 327903212.66100001, 
        "26": 206982084.46799999, 
        "27": 209493707.82499999, 
        "28": 280753543.73500001, 
        "29": 276634354.75999999, 
        "30": 235458553.926, 
        "31": 144233699.25799999, 
        "32": 255367337.03600001, 
        "33": 137998553.91800001, 
        "34": 134133602.266, 
        "35": 195107033.389, 
        "36": 164709085.84999999, 
        "37": 311171936.44199997, 
        "38": 171099733.882, 
        "39": 162689175.896, 
        "40": 140359976.947, 
        "41": 223301094.51800001, 
        "42": 194146269.00400001, 
        "43": 146431911.72600001, 
        "44": 111993746.302, 
        "45": 236149607.05700001, 
        "46": 198340355.50799999, 
        "47": 154129482.36899999, 
        "48": 129133874.16599999, 
        "49": 93275470.937999994, 
        "50": 123507741.469, 
        "51": 247014427.755, 
        "52": 254131210.104, 
        "53": 384088482.33099997, 
        "54": 155394267.051, 
        "55": 251700923.52700001, 
        "56": 161155019.947, 
        "57": 315586701.38599998, 
        "58": 335270145.06800002, 
        "59": 273391695.03799999, 
        "60": 206831272.07300001, 
        "61": 134582904.01499999, 
        "62": 182503008.73500001, 
        "63": 287840976.02399999, 
        "64": 117625895.08, 
        "65": 176708016.743, 
        "66": 130819315.587, 
        "67": 147269497.12, 
        "68": 126648385.689, 
        "69": 112425223.16599999, 
        "70": 101187686.418, 
        "71": 160654035.41100001, 
        "72": 181231677.47099999, 
        "73": 172816610.051, 
        "74": 210770715.59900001, 
        "75": 233172904.373, 
        "76": 106257982.464, 
        "77": 329366784.71499997, 
        "78": 197778925.27000001, 
        "79": 128082051.61399999, 
        "80": 291592936.98400003, 
        "81": 170806713.965, 
        "82": 154810841.13100001, 
        "83": 84606091.744000003, 
        "84": 103643215.53300001, 
        "85": 222141101.09200001, 
        "86": 288516495.80500001, 
        "87": 184702866.16100001, 
        "88": 236839996.55399999, 
        "89": 253774758.40000001, 
        "90": 227487285.05199999, 
        "91": 100551263.69400001, 
        "92": 110556363.814, 
        "93": 102560537.987, 
        "94": 216729259.44999999, 
        "95": 368162666.65899998, 
        "96": 197230118.74000001, 
        "97": 119097372.61499999, 
        "98": 107691144.04099999, 
        "99": 169753821.26499999
    }, 
    "averaged_NPV": 197554119.53604004
}