{
    "std": 72667416.124530777, 
    "raw_results": {
        "0": 425739902.76999998, 
        "1": 281652648.20599997, 
        "2": 239212174.65700001, 
        "3": 182305570.42399999, 
        "4": 201629258.55199999, 
        "5": 211763808.66100001, 
        "6": 195522058.51300001, 
        "7": 188280245.31600001, 
        "8": 152822683.303, 
        "9": 80158960.071999997, 
        "10": 144734883.49700001, 
        "11": 169300619.46599999, 
        "12": 114185180.604, 
        "13": 165562643.30700001, 
        "14": 168705928.52200001, 
        "15": 380025220.66600001, 
        "16": 220669809.64399999, 
        "17": 258414626.412, 
        "18": 215886344.19100001, 
        "19": 207007489.34400001, 
        "20": 215444126.97299999, 
        "21": 150735287.42399999, 
        "22": 195077631.23899999, 
        "23": 319461910.24199998, 
        "24": 236565887.61399999, 
        "25": 332043802.58099997, 
        "26": 209865504.07499999, 
        "27": 212080389.38600001, 
        "28": 283880350.09200001, 
        "29": 279130962.35000002, 
        "30": 238763710.97799999, 
        "31": 149536647.229, 
        "32": 258234776.588, 
        "33": 141679665.169, 
        "34": 137401893.44499999, 
        "35": 198166091.32499999, 
        "36": 167844595.97600001, 
        "37": 314782678.19199997, 
        "38": 174010576.007, 
        "39": 166509762.34099999, 
        "40": 143285262.648, 
        "41": 226320547.09, 
        "42": 194710979.919, 
        "43": 151862059.831, 
        "44": 116287890.645, 
        "45": 239005708.22299999, 
        "46": 198154384.78400001, 
        "47": 156990182.03999999, 
        "48": 131556883.484, 
        "49": 96077997.142000005, 
        "50": 125675196.045, 
        "51": 250105464.67199999, 
        "52": 257757075.641, 
        "53": 379471143.63800001, 
        "54": 158830084.89700001, 
        "55": 254539986.28400001, 
        "56": 164573583.586, 
        "57": 318322856.79500002, 
        "58": 338086099.30400002, 
        "59": 278841026.25700003, 
        "60": 210941478.37400001, 
        "61": 138531564.68399999, 
        "62": 182541115.685, 
        "63": 291334357.16500002, 
        "64": 120647786.72400001, 
        "65": 180957326.463, 
        "66": 134072723.212, 
        "67": 151272405.28600001, 
        "68": 130746849.993, 
        "69": 115240098.92299999, 
        "70": 104411383.102, 
        "71": 164310406.63299999, 
        "72": 184246462.88699999, 
        "73": 173611123.69999999, 
        "74": 213683769.935, 
        "75": 235806889.59, 
        "76": 108592090.37, 
        "77": 333329954.60900003, 
        "78": 201114251.20500001, 
        "79": 131217970.132, 
        "80": 294316419.53299999, 
        "81": 174138860.17199999, 
        "82": 156801274.40599999, 
        "83": 87213833.755999997, 
        "84": 106908816.37199999, 
        "85": 225892187.759, 
        "86": 294252028.25300002, 
        "87": 184439985.789, 
        "88": 239764704.08399999, 
        "89": 256096880.74900001, 
        "90": 230859066.20899999, 
        "91": 102863077.705, 
        "92": 112851663.87800001, 
        "93": 105100085.314, 
        "94": 219828555.89500001, 
        "95": 372665481.97500002, 
        "96": 197940572.58899999, 
        "97": 123900989.16599999, 
        "98": 110343609.406, 
        "99": 173265667.648
    }, 
    "averaged_NPV": 200413044.87607998
}