{
    "std": 72633324.409666449, 
    "raw_results": {
        "0": 420388323.87900001, 
        "1": 278111773.884, 
        "2": 234893909.521, 
        "3": 174793661.375, 
        "4": 196770092.12, 
        "5": 205818906.95899999, 
        "6": 192418469.36000001, 
        "7": 181729019.88299999, 
        "8": 150672157.12099999, 
        "9": 76740900.298999995, 
        "10": 141014125.815, 
        "11": 165823433.141, 
        "12": 110785483.619, 
        "13": 162232275.09799999, 
        "14": 163386720.09299999, 
        "15": 373293680.80199999, 
        "16": 216912004.15900001, 
        "17": 254380721.93200001, 
        "18": 211689704.25400001, 
        "19": 203096245.81099999, 
        "20": 205944221.13800001, 
        "21": 147108831.98199999, 
        "22": 191397366.493, 
        "23": 314286180.99900001, 
        "24": 232697159.47499999, 
        "25": 327978145.01599997, 
        "26": 206947469.04699999, 
        "27": 208665639.52500001, 
        "28": 280005416.96899998, 
        "29": 275901421.449, 
        "30": 234933376.98899999, 
        "31": 143721980.94800001, 
        "32": 254713018.14199999, 
        "33": 135692401.73199999, 
        "34": 134569845.23199999, 
        "35": 194413360.322, 
        "36": 160575069.72299999, 
        "37": 310127416.43900001, 
        "38": 170260062.84900001, 
        "39": 161761200.30700001, 
        "40": 141205621.75, 
        "41": 222518104.88100001, 
        "42": 191931519.68399999, 
        "43": 145880376.94299999, 
        "44": 111542102.108, 
        "45": 235416604.55000001, 
        "46": 195510003.42199999, 
        "47": 154219475.77200001, 
        "48": 127307202.723, 
        "49": 93065964.908999994, 
        "50": 122739501.09999999, 
        "51": 246646528.579, 
        "52": 253279548.07800001, 
        "53": 384219673.59299999, 
        "54": 155739821.40900001, 
        "55": 250725493.0, 
        "56": 160519257.97, 
        "57": 315173994.50099999, 
        "58": 333910904.68099999, 
        "59": 273535256.91299999, 
        "60": 204774817.919, 
        "61": 133898347.23199999, 
        "62": 180401323.30199999, 
        "63": 287230402.55800003, 
        "64": 117542483.82799999, 
        "65": 177465881.27700001, 
        "66": 130261836.272, 
        "67": 148150573.711, 
        "68": 124659778.391, 
        "69": 112515357.381, 
        "70": 101985436.17200001, 
        "71": 160335241.10800001, 
        "72": 180756423.294, 
        "73": 171293242.42500001, 
        "74": 210074386.12400001, 
        "75": 233960861.53, 
        "76": 105696523.684, 
        "77": 328795914.79699999, 
        "78": 196831087.891, 
        "79": 127630861.485, 
        "80": 290877803.81699997, 
        "81": 170868265.61700001, 
        "82": 153861943.91299999, 
        "83": 82920446.273000002, 
        "84": 102882085.79899999, 
        "85": 217984528.61700001, 
        "86": 291180642.24199998, 
        "87": 181708054.59999999, 
        "88": 236190410.243, 
        "89": 253420967.84999999, 
        "90": 226837177.176, 
        "91": 98564418.991999999, 
        "92": 110473632.87, 
        "93": 103041332.369, 
        "94": 215662451.641, 
        "95": 367401368.57200003, 
        "96": 195267956.579, 
        "97": 118039219.015, 
        "98": 107409716.013, 
        "99": 169947092.192
    }, 
    "averaged_NPV": 196505384.45238
}