{
    "std": 72945587.489462227, 
    "raw_results": {
        "0": 434199097.39600003, 
        "1": 278818798.167, 
        "2": 239494164.088, 
        "3": 176077497.414, 
        "4": 198402621.80599999, 
        "5": 209157413.64500001, 
        "6": 192556023.93900001, 
        "7": 185677595.14199999, 
        "8": 150101338.96799999, 
        "9": 78398581.604000002, 
        "10": 141669681.93399999, 
        "11": 166792183.83700001, 
        "12": 111586807.634, 
        "13": 162754190.77000001, 
        "14": 166295018.711, 
        "15": 373394818.89700001, 
        "16": 217928761.046, 
        "17": 255609400.32100001, 
        "18": 212575763.72400001, 
        "19": 204254385.41499999, 
        "20": 212165216.71799999, 
        "21": 148141558.69800001, 
        "22": 192320184.79300001, 
        "23": 315575493.50400001, 
        "24": 233609946.241, 
        "25": 328150948.90700001, 
        "26": 207314927.54100001, 
        "27": 209725055.94600001, 
        "28": 281148714.273, 
        "29": 276796842.05299997, 
        "30": 236014645.09, 
        "31": 146765678.50600001, 
        "32": 255450424.36300001, 
        "33": 136080097.44999999, 
        "34": 135964604.76199999, 
        "35": 195528348.435, 
        "36": 164969932.794, 
        "37": 311600453.83499998, 
        "38": 170921948.18700001, 
        "39": 163722288.85800001, 
        "40": 140965522.96700001, 
        "41": 223516805.26499999, 
        "42": 192346268.757, 
        "43": 149191143.07600001, 
        "44": 111313424.118, 
        "45": 236287539.61399999, 
        "46": 195268098.36399999, 
        "47": 154941502.65599999, 
        "48": 131399139.77500001, 
        "49": 93522401.312000006, 
        "50": 123352956.177, 
        "51": 247347912.65400001, 
        "52": 254448118.25, 
        "53": 384256571.70599997, 
        "54": 156573757.36000001, 
        "55": 252122299.06600001, 
        "56": 162106940.044, 
        "57": 315905900.74599999, 
        "58": 335737202.96899998, 
        "59": 273920295.301, 
        "60": 208042125.75099999, 
        "61": 136166081.53200001, 
        "62": 179602309.78200001, 
        "63": 288495732.86699998, 
        "64": 118472064.89, 
        "65": 178197843.241, 
        "66": 131598572.36399999, 
        "67": 149228214.50799999, 
        "68": 125983134.855, 
        "69": 112395791.516, 
        "70": 102625500.28399999, 
        "71": 161764204.007, 
        "72": 181679760.28400001, 
        "73": 170341504.76199999, 
        "74": 211091014.36899999, 
        "75": 233287972.17899999, 
        "76": 106592487.001, 
        "77": 329660537.30000001, 
        "78": 198323173.47499999, 
        "79": 128918388.64, 
        "80": 291909561.37199998, 
        "81": 171356962.39300001, 
        "82": 154573774.41999999, 
        "83": 85025463.857999995, 
        "84": 104644247.02, 
        "85": 222865410.65099999, 
        "86": 290629429.14700001, 
        "87": 181332370.79100001, 
        "88": 237021672.86300001, 
        "89": 253807702.75099999, 
        "90": 227861923.70699999, 
        "91": 99587432.294, 
        "92": 111137598.972, 
        "93": 103485748.678, 
        "94": 217168289.308, 
        "95": 368514905.95700002, 
        "96": 195271489.83500001, 
        "97": 121111837.08499999, 
        "98": 107942209.53300001, 
        "99": 170890180.933
    }, 
    "averaged_NPV": 197808398.80763993
}