{
    "std": 66059061.338735491, 
    "raw_results": {
        "0": 399776650.81300002, 
        "1": 268332280.70100001, 
        "2": 228994418.71599999, 
        "3": 173192201.77700001, 
        "4": 194096418.884, 
        "5": 200570372.72600001, 
        "6": 187853391.11700001, 
        "7": 178461557.72999999, 
        "8": 149437871.94999999, 
        "9": 83506880.289000005, 
        "10": 142589124.44499999, 
        "11": 163345505.90900001, 
        "12": 112475012.44599999, 
        "13": 159608569.52200001, 
        "14": 162402524.78200001, 
        "15": 356274972.53899997, 
        "16": 206640578.627, 
        "17": 240384370.68700001, 
        "18": 209071924.62900001, 
        "19": 195659598.565, 
        "20": 202202719.88100001, 
        "21": 148310978.43700001, 
        "22": 183730327.90400001, 
        "23": 301264887.65399998, 
        "24": 222713342.248, 
        "25": 309733553.02200001, 
        "26": 197565548.94600001, 
        "27": 199671769.86700001, 
        "28": 271157150.36900002, 
        "29": 263471517.61000001, 
        "30": 224032894.43399999, 
        "31": 143939247.68200001, 
        "32": 239109793.234, 
        "33": 137821970.09200001, 
        "34": 136203167.32300001, 
        "35": 189038927.162, 
        "36": 159060586.03999999, 
        "37": 298339888.70899999, 
        "38": 167469077.62099999, 
        "39": 159920269.09299999, 
        "40": 139198503.11199999, 
        "41": 213090322.11500001, 
        "42": 186620243.81, 
        "43": 146012126.248, 
        "44": 114888490.772, 
        "45": 224534841.72400001, 
        "46": 191301869.88699999, 
        "47": 152043993.76699999, 
        "48": 131934158.745, 
        "49": 97357162.084000006, 
        "50": 126642589.392, 
        "51": 234031437.04899999, 
        "52": 241833902.873, 
        "53": 356750331.921, 
        "54": 154076141.521, 
        "55": 241196572.333, 
        "56": 159433743.17699999, 
        "57": 298525009.60100001, 
        "58": 317448882.15899998, 
        "59": 256165884.697, 
        "60": 199796074.81, 
        "61": 134765829.35499999, 
        "62": 176563706.039, 
        "63": 276781548.90399998, 
        "64": 119508757.93099999, 
        "65": 175033959.88, 
        "66": 131568100.713, 
        "67": 148866132.59599999, 
        "68": 128054307.961, 
        "69": 114995313.358, 
        "70": 106835612.65000001, 
        "71": 159748394.743, 
        "72": 174486672.766, 
        "73": 167711492.51499999, 
        "74": 199821959.854, 
        "75": 221204074.23199999, 
        "76": 109351977.542, 
        "77": 313323827.10000002, 
        "78": 193155667.729, 
        "79": 129284954.04799999, 
        "80": 278956243.97000003, 
        "81": 168042303.0, 
        "82": 152948966.384, 
        "83": 89908535.996000007, 
        "84": 106119423.11399999, 
        "85": 215195188.01800001, 
        "86": 279145555.097, 
        "87": 182985692.23100001, 
        "88": 225334381.146, 
        "89": 237194636.29699999, 
        "90": 216335114.59900001, 
        "91": 102907304.87199999, 
        "92": 113949870.8, 
        "93": 108208927.523, 
        "94": 207053387.66, 
        "95": 352144183.92199999, 
        "96": 191535429.912, 
        "97": 119578504.241, 
        "98": 110392708.33400001, 
        "99": 168918057.206
    }, 
    "averaged_NPV": 191582308.30216998
}