{
    "std": 72964420.759618551, 
    "raw_results": {
        "0": 434751240.97799999, 
        "1": 279867743.76999998, 
        "2": 239774809.02000001, 
        "3": 180311396.07300001, 
        "4": 202407852.07100001, 
        "5": 210242184.27900001, 
        "6": 196016174.90400001, 
        "7": 185455489.17899999, 
        "8": 153985358.08000001, 
        "9": 77871487.310000002, 
        "10": 143139430.07499999, 
        "11": 167683861.59900001, 
        "12": 112314074.67900001, 
        "13": 164849994.77000001, 
        "14": 167096622.514, 
        "15": 373912720.64700001, 
        "16": 218987835.26300001, 
        "17": 256548649.958, 
        "18": 216690692.456, 
        "19": 205334838.005, 
        "20": 212196400.21900001, 
        "21": 149053449.641, 
        "22": 193356232.917, 
        "23": 316248954.847, 
        "24": 234783525.19299999, 
        "25": 328894464.71100003, 
        "26": 208385458.498, 
        "27": 210655665.94600001, 
        "28": 282130736.76700002, 
        "29": 277466122.73199999, 
        "30": 236929179.99900001, 
        "31": 145129926.537, 
        "32": 256371564.24200001, 
        "33": 139023565.96799999, 
        "34": 135854069.882, 
        "35": 196591492.11000001, 
        "36": 165987646.68200001, 
        "37": 312317531.06099999, 
        "38": 172618654.33700001, 
        "39": 163978495.155, 
        "40": 141359736.41499999, 
        "41": 224406353.546, 
        "42": 195213753.96200001, 
        "43": 147621447.24000001, 
        "44": 112784652.939, 
        "45": 237218150.92399999, 
        "46": 199824932.58399999, 
        "47": 155342845.65400001, 
        "48": 130059823.418, 
        "49": 94123008.375, 
        "50": 124605251.8, 
        "51": 248580655.79800001, 
        "52": 255675177.93099999, 
        "53": 384852436.602, 
        "54": 156729999.94600001, 
        "55": 252870882.75099999, 
        "56": 162675057.62799999, 
        "57": 316884668.23799998, 
        "58": 336410234.38800001, 
        "59": 274826365.65899998, 
        "60": 208335547.15700001, 
        "61": 135879076.34400001, 
        "62": 183997240.581, 
        "63": 289656247.85100001, 
        "64": 118684543.535, 
        "65": 178180559.28200001, 
        "66": 131961701.01000001, 
        "67": 150954696.78299999, 
        "68": 127579380.278, 
        "69": 113521383.94, 
        "70": 102655365.677, 
        "71": 162092917.09099999, 
        "72": 182568906.94499999, 
        "73": 174245117.21900001, 
        "74": 211814369.729, 
        "75": 234319707.12900001, 
        "76": 107976027.12899999, 
        "77": 330636556.29500002, 
        "78": 199225902.18200001, 
        "79": 129285344.183, 
        "80": 292967884.88, 
        "81": 172153887.155, 
        "82": 156195659.743, 
        "83": 85487095.099000007, 
        "84": 104794664.733, 
        "85": 223887123.583, 
        "86": 289718613.57800001, 
        "87": 185686705.648, 
        "88": 238046298.53299999, 
        "89": 254566758.405, 
        "90": 228903967.29499999, 
        "91": 101642378.368, 
        "92": 111451892.09900001, 
        "93": 103893829.98899999, 
        "94": 218195904.28999999, 
        "95": 369126780.19599998, 
        "96": 198865045.57499999, 
        "97": 120140463.809, 
        "98": 108739016.995, 
        "99": 171124878.39199999
    }, 
    "averaged_NPV": 198864404.67576981
}