{
    "std": 72694642.782186761, 
    "raw_results": {
        "0": 426752527.58600003, 
        "1": 281965676.30000001, 
        "2": 242020574.935, 
        "3": 182061603.91600001, 
        "4": 204444875.46799999, 
        "5": 212152075.873, 
        "6": 197695460.40200001, 
        "7": 187414348.79800001, 
        "8": 155477787.23100001, 
        "9": 80771032.026999995, 
        "10": 145011328.96900001, 
        "11": 169549829.502, 
        "12": 114714449.56900001, 
        "13": 166947907.00400001, 
        "14": 168457017.49700001, 
        "15": 380195215.43800002, 
        "16": 220770702.039, 
        "17": 258658424.18900001, 
        "18": 218809017.48300001, 
        "19": 207270656.22600001, 
        "20": 214417197.322, 
        "21": 150970920.498, 
        "22": 195189723.55399999, 
        "23": 320118329.477, 
        "24": 237064898.86500001, 
        "25": 332062012.38800001, 
        "26": 210277828.109, 
        "27": 212448169.93799999, 
        "28": 284213130.44199997, 
        "29": 279399428.35500002, 
        "30": 239175772.09599999, 
        "31": 146299589.02599999, 
        "32": 258309029.52200001, 
        "33": 140512419.081, 
        "34": 138684744.40799999, 
        "35": 198655792.73800001, 
        "36": 167848449.01199999, 
        "37": 314574193.50199997, 
        "38": 174843505.34299999, 
        "39": 165580191.317, 
        "40": 146221104.083, 
        "41": 226284279.93399999, 
        "42": 197394891.17500001, 
        "43": 152563415.50299999, 
        "44": 114440086.48800001, 
        "45": 239112677.30899999, 
        "46": 202157433.34400001, 
        "47": 157258032.05599999, 
        "48": 134032805.86399999, 
        "49": 96857554.961999997, 
        "50": 127449070.83400001, 
        "51": 250673666.78299999, 
        "52": 257686978.49900001, 
        "53": 379725429.579, 
        "54": 158188738.627, 
        "55": 254511303.97099999, 
        "56": 164358713.567, 
        "57": 318906867.852, 
        "58": 338241163.676, 
        "59": 279003850.53399998, 
        "60": 210320675.03200001, 
        "61": 137754889.86300001, 
        "62": 186096651.405, 
        "63": 291733727.792, 
        "64": 119957783.662, 
        "65": 183170165.817, 
        "66": 133570428.434, 
        "67": 152500634.553, 
        "68": 129375720.105, 
        "69": 115011047.792, 
        "70": 103989529.068, 
        "71": 163076951.949, 
        "72": 184375786.43599999, 
        "73": 176437716.33700001, 
        "74": 213673698.94800001, 
        "75": 236175621.97, 
        "76": 109840676.38600001, 
        "77": 333717699.14200002, 
        "78": 201089957.454, 
        "79": 132468247.395, 
        "80": 295086672.23400003, 
        "81": 174040739.39199999, 
        "82": 158034450.78099999, 
        "83": 87057634.028999999, 
        "84": 106882257.15800001, 
        "85": 225792273.667, 
        "86": 293114103.94999999, 
        "87": 186566918.70899999, 
        "88": 239992809.02399999, 
        "89": 256541543.52500001, 
        "90": 230879690.34400001, 
        "91": 103014533.588, 
        "92": 113212013.123, 
        "93": 105372319.92200001, 
        "94": 219886635.79899999, 
        "95": 372413635.75099999, 
        "96": 201645767.99599999, 
        "97": 121951549.138, 
        "98": 110434935.97499999, 
        "99": 173136972.68099999
    }, 
    "averaged_NPV": 200862489.66411003
}