{
    "std": 72567041.236565441, 
    "raw_results": {
        "0": 425576302.73199999, 
        "1": 276629518.08099997, 
        "2": 233923864.24700001, 
        "3": 177956336.99200001, 
        "4": 196031100.88499999, 
        "5": 208045186.65599999, 
        "6": 191302557.014, 
        "7": 180690540.63299999, 
        "8": 149445290.227, 
        "9": 76291903.954999998, 
        "10": 139877384.208, 
        "11": 164559285.546, 
        "12": 109167318.036, 
        "13": 161358858.11399999, 
        "14": 162259659.13499999, 
        "15": 376666600.667, 
        "16": 215934940.39500001, 
        "17": 253336190.18700001, 
        "18": 211006624.85800001, 
        "19": 202295326.461, 
        "20": 205057684.815, 
        "21": 145447762.59900001, 
        "22": 190631746.26800001, 
        "23": 312014608.09200001, 
        "24": 231620113.96599999, 
        "25": 323516214.81800002, 
        "26": 205812088.21900001, 
        "27": 207433113.93599999, 
        "28": 278656110.74900001, 
        "29": 272078212.36400002, 
        "30": 233798921.70300001, 
        "31": 142969962.66299999, 
        "32": 252656146.366, 
        "33": 134793701.46599999, 
        "34": 132401427.391, 
        "35": 192900921.22400001, 
        "36": 160221441.574, 
        "37": 308560361.01099998, 
        "38": 169239706.03799999, 
        "39": 161322255.96700001, 
        "40": 137618279.04100001, 
        "41": 221380131.81, 
        "42": 190486257.417, 
        "43": 144787073.48800001, 
        "44": 110401441.323, 
        "45": 234090886.71200001, 
        "46": 194222424.882, 
        "47": 153320496.87099999, 
        "48": 126132018.142, 
        "49": 91918543.912, 
        "50": 121062543.013, 
        "51": 245289996.93900001, 
        "52": 252062788.68200001, 
        "53": 381282722.458, 
        "54": 154743532.435, 
        "55": 249247507.162, 
        "56": 159728872.37200001, 
        "57": 312163542.87300003, 
        "58": 330184214.47600001, 
        "59": 271124205.93900001, 
        "60": 203652625.75799999, 
        "61": 132623653.778, 
        "62": 178174179.852, 
        "63": 285850143.08099997, 
        "64": 114495867.22499999, 
        "65": 176156901.868, 
        "66": 129590284.868, 
        "67": 146848532.18900001, 
        "68": 123295671.12, 
        "69": 111398266.059, 
        "70": 100188339.51899999, 
        "71": 159446352.567, 
        "72": 180050031.49900001, 
        "73": 170210558.07300001, 
        "74": 207907694.831, 
        "75": 232345752.36300001, 
        "76": 104519873.27, 
        "77": 324971659.58999997, 
        "78": 196188107.95199999, 
        "79": 126673063.447, 
        "80": 289294984.333, 
        "81": 169967913.28799999, 
        "82": 152374177.72, 
        "83": 83242665.253000006, 
        "84": 102095435.749, 
        "85": 220603585.00799999, 
        "86": 288145575.51200002, 
        "87": 179667859.65099999, 
        "88": 234738444.89500001, 
        "89": 249918474.73500001, 
        "90": 225714592.958, 
        "91": 97828753.974000007, 
        "92": 109142855.118, 
        "93": 99905520.307999998, 
        "94": 214979848.96000001, 
        "95": 364119913.40899998, 
        "96": 193590461.914, 
        "97": 116978368.817, 
        "98": 106336367.52599999, 
        "99": 168861633.833
    }, 
    "averaged_NPV": 195268297.62074998
}