{
    "std": 72991898.512184903, 
    "raw_results": {
        "0": 434138129.315, 
        "1": 278825501.43000001, 
        "2": 238800571.903, 
        "3": 179818764.99000001, 
        "4": 198424088.44999999, 
        "5": 209189834.581, 
        "6": 192447871.81600001, 
        "7": 185661552.44100001, 
        "8": 150115451.03400001, 
        "9": 77708244.240999997, 
        "10": 141464007.90599999, 
        "11": 166703802.317, 
        "12": 111185223.73, 
        "13": 161880094.993, 
        "14": 166014722.06099999, 
        "15": 373349917.14700001, 
        "16": 217936656.391, 
        "17": 255628076.34400001, 
        "18": 216268067.96700001, 
        "19": 204254385.41499999, 
        "20": 212415488.634, 
        "21": 147862131.68599999, 
        "22": 192320184.79300001, 
        "23": 315544810.26999998, 
        "24": 233651307.65599999, 
        "25": 328175930.39899999, 
        "26": 207194258.26199999, 
        "27": 209576259.16299999, 
        "28": 281185050.847, 
        "29": 276826323.03899997, 
        "30": 235875543.95500001, 
        "31": 146206346.58500001, 
        "32": 255480455.10299999, 
        "33": 138917331.52000001, 
        "34": 134221841.01800001, 
        "35": 195442678.06799999, 
        "36": 164972561.442, 
        "37": 311632329.708, 
        "38": 170230107.55199999, 
        "39": 163730048.91600001, 
        "40": 140656414.65700001, 
        "41": 223525142.06299999, 
        "42": 192184261.699, 
        "43": 148423019.60800001, 
        "44": 111465413.095, 
        "45": 236326509.301, 
        "46": 195059847.734, 
        "47": 154405485.73500001, 
        "48": 131094281.26800001, 
        "49": 93263045.518000007, 
        "50": 123282525.73, 
        "51": 247397802.70899999, 
        "52": 254489963.29800001, 
        "53": 384324692.91100001, 
        "54": 156118551.13499999, 
        "55": 252223781.083, 
        "56": 162117265.947, 
        "57": 315964126.74699998, 
        "58": 335636771.35799998, 
        "59": 273912074.14899999, 
        "60": 207306554.26699999, 
        "61": 135920115.442, 
        "62": 182917368.60299999, 
        "63": 288567579.52399999, 
        "64": 118075943.273, 
        "65": 177503130.26899999, 
        "66": 131503104.00300001, 
        "67": 148848746.23199999, 
        "68": 127870355.28200001, 
        "69": 112199211.052, 
        "70": 101989535.04000001, 
        "71": 161465914.493, 
        "72": 181548118.87799999, 
        "73": 169853258.96700001, 
        "74": 211105144.05899999, 
        "75": 233302369.822, 
        "76": 106178240.228, 
        "77": 329714303.11299998, 
        "78": 198225425.98300001, 
        "79": 128576663.26899999, 
        "80": 291922049.70499998, 
        "81": 171192243.479, 
        "82": 154569825.77500001, 
        "83": 84861015.118000001, 
        "84": 104333640.934, 
        "85": 222872676.69999999, 
        "86": 289435248.59899998, 
        "87": 181362716.88, 
        "88": 237038000.88, 
        "89": 253888922.32600001, 
        "90": 227879654.54100001, 
        "91": 100326518.13, 
        "92": 110591220.987, 
        "93": 103196685.19599999, 
        "94": 217168289.308, 
        "95": 368459351.19400001, 
        "96": 194859297.03999999, 
        "97": 120866162.272, 
        "98": 107729176.977, 
        "99": 170290862.26100001
    }, 
    "averaged_NPV": 197786615.68934005
}