{
    "std": 65904718.372811034, 
    "raw_results": {
        "0": 399382628.91799998, 
        "1": 268698230.64300001, 
        "2": 229494024.36300001, 
        "3": 173618838.58899999, 
        "4": 194833084.71799999, 
        "5": 200806901.84599999, 
        "6": 189689727.43099999, 
        "7": 178958696.164, 
        "8": 151353203.73699999, 
        "9": 83683636.571999997, 
        "10": 142742954.39700001, 
        "11": 163904293.65599999, 
        "12": 113147121.932, 
        "13": 160905144.74700001, 
        "14": 163154831.472, 
        "15": 356163822.66399997, 
        "16": 206920258.414, 
        "17": 240671951.354, 
        "18": 210378897.58000001, 
        "19": 195966205.56600001, 
        "20": 202401466.03799999, 
        "21": 147962142.68399999, 
        "22": 184137636.75600001, 
        "23": 301205722.85900003, 
        "24": 223042448.56400001, 
        "25": 309864298.84100002, 
        "26": 197762947.62, 
        "27": 199872406.984, 
        "28": 271406081.25800002, 
        "29": 263626092.66999999, 
        "30": 224258474.07300001, 
        "31": 142336200.447, 
        "32": 239465561.15700001, 
        "33": 138420017.84799999, 
        "34": 136736720.03799999, 
        "35": 189270828.98100001, 
        "36": 159338975.25799999, 
        "37": 298540316.60399997, 
        "38": 165832735.771, 
        "39": 160890568.859, 
        "40": 139430435.16, 
        "41": 213445316.45500001, 
        "42": 186811867.669, 
        "43": 144800643.86500001, 
        "44": 114514929.31299999, 
        "45": 224955155.80899999, 
        "46": 192696398.46599999, 
        "47": 152963035.942, 
        "48": 132872440.84999999, 
        "49": 97610711.908000007, 
        "50": 127119799.63500001, 
        "51": 234221989.074, 
        "52": 242162019.993, 
        "53": 356566455.78600001, 
        "54": 151596833.03, 
        "55": 241374996.67300001, 
        "56": 160363908.699, 
        "57": 298794493.25300002, 
        "58": 317350303.39600003, 
        "59": 256298746.523, 
        "60": 200217111.125, 
        "61": 135986508.80500001, 
        "62": 177515670.90599999, 
        "63": 277165250.87699997, 
        "64": 117905324.557, 
        "65": 175987406.053, 
        "66": 130127605.01100001, 
        "67": 148032050.98199999, 
        "68": 129537046.88500001, 
        "69": 115821412.721, 
        "70": 106455920.72400001, 
        "71": 156543179.11399999, 
        "72": 174733625.484, 
        "73": 168458834.206, 
        "74": 200043112.97499999, 
        "75": 221343901.458, 
        "76": 109278310.31999999, 
        "77": 313535041.95599997, 
        "78": 193682619.942, 
        "79": 128650387.756, 
        "80": 279218970.25300002, 
        "81": 168818862.669, 
        "82": 152575640.815, 
        "83": 90738101.858999997, 
        "84": 106505167.853, 
        "85": 215491844.315, 
        "86": 270240094.77700001, 
        "87": 180204091.002, 
        "88": 225752035.516, 
        "89": 237477670.46000001, 
        "90": 216778548.61000001, 
        "91": 103998920.833, 
        "92": 113777802.162, 
        "93": 109013285.88600001, 
        "94": 207244898.097, 
        "95": 352031945.435, 
        "96": 193081777.19, 
        "97": 121036062.53200001, 
        "98": 111590820.037, 
        "99": 169781037.22400001
    }, 
    "averaged_NPV": 191731744.78954002
}