{
    "std": 72558337.12935932, 
    "raw_results": {
        "0": 421677442.36199999, 
        "1": 278775983.59600002, 
        "2": 238432860.56, 
        "3": 179406839.68000001, 
        "4": 198045856.491, 
        "5": 209174970.35100001, 
        "6": 194580293.37599999, 
        "7": 184378565.164, 
        "8": 152904038.57499999, 
        "9": 77185044.104000002, 
        "10": 142535764.94299999, 
        "11": 166730379.99000001, 
        "12": 111117604.406, 
        "13": 161160093.18700001, 
        "14": 165995565.933, 
        "15": 375741904.35900003, 
        "16": 217960313.11700001, 
        "17": 255544853.70699999, 
        "18": 215869823.29699999, 
        "19": 204341058.84900001, 
        "20": 211530533.09900001, 
        "21": 148148618.91999999, 
        "22": 192412018.46799999, 
        "23": 316250705.31800002, 
        "24": 233659826.229, 
        "25": 328693686.00700003, 
        "26": 207233544.86399999, 
        "27": 209651144.46599999, 
        "28": 281064655.26599997, 
        "29": 276610132.41799998, 
        "30": 235832342.366, 
        "31": 144090337.28099999, 
        "32": 255376196.83000001, 
        "33": 138199584.743, 
        "34": 134540220.70899999, 
        "35": 195515801.04499999, 
        "36": 164897012.80700001, 
        "37": 311465546.99800003, 
        "38": 171205404.95500001, 
        "39": 163234835.808, 
        "40": 140416984.28799999, 
        "41": 223522693.479, 
        "42": 194095313.86199999, 
        "43": 146580822.19800001, 
        "44": 111955690.274, 
        "45": 236270235.28299999, 
        "46": 198586187.36000001, 
        "47": 154313942.08399999, 
        "48": 129203337.891, 
        "49": 93061643.246999994, 
        "50": 123728901.993, 
        "51": 247387953.69800001, 
        "52": 254444074.602, 
        "53": 374855118.41799998, 
        "54": 155769443.52399999, 
        "55": 252057243.24200001, 
        "56": 161555882.623, 
        "57": 315665334.48699999, 
        "58": 335567433.52899998, 
        "59": 275866532.34899998, 
        "60": 207166631.91100001, 
        "61": 134497860.602, 
        "62": 182677470.75, 
        "63": 288352532.44099998, 
        "64": 117513437.583, 
        "65": 176718456.785, 
        "66": 131219037.963, 
        "67": 147580491.33700001, 
        "68": 126640265.786, 
        "69": 112494039.52500001, 
        "70": 101559706.249, 
        "71": 160999269.09, 
        "72": 181646249.03200001, 
        "73": 173004600.139, 
        "74": 211364567.31799999, 
        "75": 233270390.859, 
        "76": 106233266.50300001, 
        "77": 329485536.91299999, 
        "78": 198230894.63800001, 
        "79": 128027061.79899999, 
        "80": 291757436.93699998, 
        "81": 171146428.655, 
        "82": 155043662.36500001, 
        "83": 84814811.225999996, 
        "84": 103801868.023, 
        "85": 222895859.30500001, 
        "86": 289174872.15200001, 
        "87": 184760809.04800001, 
        "88": 237025359.88499999, 
        "89": 253927940.25099999, 
        "90": 227903344.16999999, 
        "91": 99689533.902999997, 
        "92": 110493957.998, 
        "93": 102737046.807, 
        "94": 217248428.016, 
        "95": 369365929.991, 
        "96": 197339742.71700001, 
        "97": 118946749.844, 
        "98": 107756177.787, 
        "99": 170018047.78299999
    }, 
    "averaged_NPV": 197606059.47160992
}