{
    "std": 72680203.896680087, 
    "raw_results": {
        "0": 432977605.583, 
        "1": 278387498.03500003, 
        "2": 238369404.708, 
        "3": 179525414.17699999, 
        "4": 198107855.09299999, 
        "5": 209155463.49599999, 
        "6": 194785455.81799999, 
        "7": 184396495.01899999, 
        "8": 153163119.618, 
        "9": 77150653.163000003, 
        "10": 142734163.90700001, 
        "11": 166792011.405, 
        "12": 111356791.744, 
        "13": 161285625.30700001, 
        "14": 165787757.19600001, 
        "15": 371425944.22799999, 
        "16": 217600700.83399999, 
        "17": 255282145.30599999, 
        "18": 215553653.67699999, 
        "19": 204283304.139, 
        "20": 211661568.57699999, 
        "21": 147966323.94600001, 
        "22": 192353413.48699999, 
        "23": 314661561.29500002, 
        "24": 233591420.123, 
        "25": 326658250.36900002, 
        "26": 207280307.558, 
        "27": 209371917.02200001, 
        "28": 280798678.458, 
        "29": 275713866.91799998, 
        "30": 235783154.59, 
        "31": 144379982.78400001, 
        "32": 255183295.54699999, 
        "33": 138412086.90200001, 
        "34": 134514998.26699999, 
        "35": 195570235.60800001, 
        "36": 165048456.942, 
        "37": 310706329.96499997, 
        "38": 171288687.331, 
        "39": 163374729.273, 
        "40": 140664460.25600001, 
        "41": 223064895.86500001, 
        "42": 194061447.47499999, 
        "43": 146851980.82300001, 
        "44": 112037080.566, 
        "45": 235635315.583, 
        "46": 198590944.993, 
        "47": 154550366.68200001, 
        "48": 129435371.413, 
        "49": 93380238.188999996, 
        "50": 123902991.465, 
        "51": 247197129.63499999, 
        "52": 254057016.97999999, 
        "53": 383696873.17799997, 
        "54": 155788619.72400001, 
        "55": 252081516.81400001, 
        "56": 161605912.97, 
        "57": 314709953.62599999, 
        "58": 334573814.64899999, 
        "59": 273141497.94800001, 
        "60": 207109331.80899999, 
        "61": 134778399.11199999, 
        "62": 182848816.13800001, 
        "63": 288064205.43300003, 
        "64": 117918474.573, 
        "65": 177025560.377, 
        "66": 131304634.426, 
        "67": 147735454.18200001, 
        "68": 126844281.206, 
        "69": 112618806.373, 
        "70": 101844213.222, 
        "71": 161141202.56, 
        "72": 181717527.90799999, 
        "73": 173318697.208, 
        "74": 210126954.69600001, 
        "75": 233042810.389, 
        "76": 106496108.46600001, 
        "77": 328127215.542, 
        "78": 198295631.39500001, 
        "79": 128276854.13699999, 
        "80": 291401549.24299997, 
        "81": 171259651.083, 
        "82": 154946809.13499999, 
        "83": 84797924.311000004, 
        "84": 104160740.992, 
        "85": 222673528.29100001, 
        "86": 287578454.36900002, 
        "87": 184951205.77399999, 
        "88": 236336277.94600001, 
        "89": 252422500.653, 
        "90": 227518570.43399999, 
        "91": 100903084.699, 
        "92": 110694666.714, 
        "93": 102917766.55599999, 
        "94": 217120446.99599999, 
        "95": 368199701.21799999, 
        "96": 197453676.33000001, 
        "97": 119268774.29099999, 
        "98": 107836778.618, 
        "99": 170261831.62799999
    }, 
    "averaged_NPV": 197628068.74681994
}