{
    "std": 72635975.180203974, 
    "raw_results": {
        "0": 425576302.73199999, 
        "1": 276629518.08099997, 
        "2": 233923864.24700001, 
        "3": 177956336.99200001, 
        "4": 196031100.88499999, 
        "5": 208045186.65599999, 
        "6": 191293759.60600001, 
        "7": 180687546.07100001, 
        "8": 149339601.51499999, 
        "9": 75603318.081, 
        "10": 139722518.38600001, 
        "11": 164535263.20199999, 
        "12": 109170095.108, 
        "13": 161348388.294, 
        "14": 162259756.13600001, 
        "15": 376666600.667, 
        "16": 215934940.39500001, 
        "17": 253336190.18700001, 
        "18": 211006624.85800001, 
        "19": 202295326.461, 
        "20": 205057684.815, 
        "21": 145399791.472, 
        "22": 190631746.26800001, 
        "23": 312014608.09200001, 
        "24": 231620113.96599999, 
        "25": 323516214.81800002, 
        "26": 205812088.21900001, 
        "27": 207433113.93599999, 
        "28": 278656110.74900001, 
        "29": 272078212.36400002, 
        "30": 233798921.70300001, 
        "31": 142934262.37900001, 
        "32": 252656146.366, 
        "33": 134733818.52200001, 
        "34": 132288571.971, 
        "35": 192900921.22400001, 
        "36": 160207963.28999999, 
        "37": 308560361.01099998, 
        "38": 169239706.03799999, 
        "39": 161293401.63600001, 
        "40": 137588076.868, 
        "41": 221380131.81, 
        "42": 190473087.25400001, 
        "43": 144760725.62400001, 
        "44": 110398348.67900001, 
        "45": 234090886.71200001, 
        "46": 194222424.882, 
        "47": 153300897.359, 
        "48": 126277166.27500001, 
        "49": 92079491.965000004, 
        "50": 120832510.961, 
        "51": 245289996.93900001, 
        "52": 252062788.68200001, 
        "53": 381282722.458, 
        "54": 154666302.10100001, 
        "55": 249247507.162, 
        "56": 159704742.08500001, 
        "57": 312163542.87300003, 
        "58": 330184214.47600001, 
        "59": 271124205.93900001, 
        "60": 203652625.75799999, 
        "61": 132560586.11300001, 
        "62": 178174179.852, 
        "63": 285850143.08099997, 
        "64": 114182336.432, 
        "65": 176148829.94, 
        "66": 129512002.492, 
        "67": 146857466.75, 
        "68": 123097935.712, 
        "69": 111269922.21799999, 
        "70": 99997864.623999998, 
        "71": 159385282.164, 
        "72": 180047188.713, 
        "73": 170210558.07300001, 
        "74": 207907694.831, 
        "75": 232345752.36300001, 
        "76": 104621998.171, 
        "77": 324971659.58999997, 
        "78": 196177835.711, 
        "79": 126558965.64399999, 
        "80": 289294984.333, 
        "81": 169951514.85100001, 
        "82": 152338505.52000001, 
        "83": 82074545.993000001, 
        "84": 101996950.807, 
        "85": 220603585.00799999, 
        "86": 288145575.51200002, 
        "87": 179493123.55399999, 
        "88": 234738444.89500001, 
        "89": 249918474.73500001, 
        "90": 225714592.958, 
        "91": 97734448.909999996, 
        "92": 109083084.608, 
        "93": 100288315.34999999, 
        "94": 214979848.96000001, 
        "95": 364119913.40899998, 
        "96": 193590461.914, 
        "97": 116939124.90099999, 
        "98": 104307000.818, 
        "99": 168787978.22499999
    }, 
    "averaged_NPV": 195209570.71995994
}