{
    "std": 72586639.95664607, 
    "raw_results": {
        "0": 426581647.963, 
        "1": 278387206.35900003, 
        "2": 236062231.51300001, 
        "3": 175249526.71000001, 
        "4": 197228949.32300001, 
        "5": 206423498.792, 
        "6": 192535674.94400001, 
        "7": 181580831.664, 
        "8": 150709149.81200001, 
        "9": 77648658.354000002, 
        "10": 141342821.83899999, 
        "11": 166180053.667, 
        "12": 110702233.58, 
        "13": 162617261.88499999, 
        "14": 163633936.991, 
        "15": 377768089.76999998, 
        "16": 217366464.037, 
        "17": 254812001.67500001, 
        "18": 212954637.02399999, 
        "19": 203550177.836, 
        "20": 205677960.01699999, 
        "21": 146901879.24000001, 
        "22": 191658526.903, 
        "23": 313450929.52700001, 
        "24": 233025391.20199999, 
        "25": 324753088.958, 
        "26": 207222296.847, 
        "27": 210319310.998, 
        "28": 280276582.39600003, 
        "29": 273192737.16299999, 
        "30": 235198017.72099999, 
        "31": 144354978.81099999, 
        "32": 253885340.322, 
        "33": 136277695.22999999, 
        "34": 135072592.66800001, 
        "35": 194864255.528, 
        "36": 161965032.32100001, 
        "37": 309986912.29400003, 
        "38": 170419950.23500001, 
        "39": 162394583.08500001, 
        "40": 139677828.66800001, 
        "41": 222980601.11199999, 
        "42": 191885576.90799999, 
        "43": 146107946.03, 
        "44": 111526252.964, 
        "45": 235778487.02399999, 
        "46": 195603066.59599999, 
        "47": 154668317.53600001, 
        "48": 127712802.101, 
        "49": 92938813.158000007, 
        "50": 122927150.01100001, 
        "51": 246768723.97999999, 
        "52": 253847075.81200001, 
        "53": 382358788.347, 
        "54": 153308760.95699999, 
        "55": 250186341.46200001, 
        "56": 160750478.56900001, 
        "57": 314014609.97799999, 
        "58": 331051191.13300002, 
        "59": 272283665.24400002, 
        "60": 207613070.56099999, 
        "61": 133976269.639, 
        "62": 180544607.52700001, 
        "63": 287571255.40200001, 
        "64": 115508203.311, 
        "65": 178045521.52200001, 
        "66": 130700661.09100001, 
        "67": 148387095.88100001, 
        "68": 124706591.29000001, 
        "69": 112392232.26899999, 
        "70": 102073007.815, 
        "71": 160644786.62200001, 
        "72": 177731069.92300001, 
        "73": 171366102.93799999, 
        "74": 208813856.162, 
        "75": 234136717.70500001, 
        "76": 105751211.94499999, 
        "77": 326728112.47899997, 
        "78": 197362839.91, 
        "79": 127883705.90700001, 
        "80": 291075120.94099998, 
        "81": 171156635.86500001, 
        "82": 153872897.278, 
        "83": 83330413.868000001, 
        "84": 103041178.40700001, 
        "85": 218749731.829, 
        "86": 289454801.42699999, 
        "87": 182229937.81200001, 
        "88": 236408598.77900001, 
        "89": 251142167.148, 
        "90": 227238444.60100001, 
        "91": 98743730.473000005, 
        "92": 110430850.04899999, 
        "93": 103101133.16599999, 
        "94": 216257554.19600001, 
        "95": 365244468.31900001, 
        "96": 195399756.479, 
        "97": 118041367.84100001, 
        "98": 107619607.514, 
        "99": 170240405.55500001
    }, 
    "averaged_NPV": 196553253.14240003
}