{
    "std": 72374885.560429335, 
    "raw_results": {
        "0": 419417293.16000003, 
        "1": 276812037.49800003, 
        "2": 234983296.398, 
        "3": 174297687.39500001, 
        "4": 196618182.34200001, 
        "5": 205648339.93900001, 
        "6": 191627871.20699999, 
        "7": 180668722.43799999, 
        "8": 149516802.264, 
        "9": 75791846.137999997, 
        "10": 140134256.685, 
        "11": 164751524.98300001, 
        "12": 109324027.288, 
        "13": 158472445.222, 
        "14": 162693349.29100001, 
        "15": 373217836.20099998, 
        "16": 216065571.255, 
        "17": 253660299.94, 
        "18": 212017658.19999999, 
        "19": 202472520.26499999, 
        "20": 204702759.58899999, 
        "21": 145830764.47499999, 
        "22": 190621119.35800001, 
        "23": 313879281.699, 
        "24": 231816319.52200001, 
        "25": 326730342.02999997, 
        "26": 205737618.368, 
        "27": 209269377.30599999, 
        "28": 278763227.30699998, 
        "29": 275255718.30500001, 
        "30": 234474133.007, 
        "31": 143446703.71700001, 
        "32": 253881468.433, 
        "33": 135636239.55000001, 
        "34": 132633478.23, 
        "35": 190165781.632, 
        "36": 160835470.169, 
        "37": 309339786.85000002, 
        "38": 169351421.942, 
        "39": 161390217.31799999, 
        "40": 139047600.69, 
        "41": 221686692.90799999, 
        "42": 190908047.93399999, 
        "43": 145270105.00999999, 
        "44": 110360264.638, 
        "45": 234368178.734, 
        "46": 194521567.46399999, 
        "47": 153809115.51699999, 
        "48": 126917894.406, 
        "49": 90889290.775000006, 
        "50": 121984667.367, 
        "51": 245483567.713, 
        "52": 252338908.59900001, 
        "53": 372273974.81400001, 
        "54": 151703252.933, 
        "55": 250074144.164, 
        "56": 158119246.59999999, 
        "57": 313468069.62400001, 
        "58": 332782089.04000002, 
        "59": 272725580.99800003, 
        "60": 203572156.62799999, 
        "61": 133103109.29000001, 
        "62": 180267416.60299999, 
        "63": 285899046.54000002, 
        "64": 114753215.79799999, 
        "65": 176931109.787, 
        "66": 129722966.62800001, 
        "67": 147231677.919, 
        "68": 123341867.65800001, 
        "69": 110053991.794, 
        "70": 98827357.865999997, 
        "71": 159896638.93000001, 
        "72": 177733173.824, 
        "73": 170437335.285, 
        "74": 209505846.704, 
        "75": 227532640.45199999, 
        "76": 104666090.733, 
        "77": 327579155.22299999, 
        "78": 195881489.98199999, 
        "79": 126800588.01100001, 
        "80": 290070703.89700001, 
        "81": 170627608.48300001, 
        "82": 152748807.42699999, 
        "83": 82457696.449000001, 
        "84": 101958417.726, 
        "85": 217937568.18900001, 
        "86": 281127816.079, 
        "87": 181190630.03099999, 
        "88": 234946006.623, 
        "89": 252084426.56, 
        "90": 225848304.836, 
        "91": 98141488.356999993, 
        "92": 109993600.448, 
        "93": 100498923.531, 
        "94": 215295219.317, 
        "95": 366938773.43699998, 
        "96": 194488774.12799999, 
        "97": 117304361.668, 
        "98": 105124550.29899999, 
        "99": 169346846.38499999
    }, 
    "averaged_NPV": 195225524.56369001
}