{
    "std": 72548503.142877683, 
    "raw_results": {
        "0": 421693421.903, 
        "1": 278766242.236, 
        "2": 238568350.28099999, 
        "3": 179876759.87799999, 
        "4": 198350895.838, 
        "5": 209191430.30599999, 
        "6": 192490990.403, 
        "7": 185621474.06099999, 
        "8": 150150004.331, 
        "9": 78004467.744000003, 
        "10": 141449371.40799999, 
        "11": 166767654.787, 
        "12": 111116868.096, 
        "13": 161916742.514, 
        "14": 166072836.98899999, 
        "15": 375717667.39399999, 
        "16": 217873912.56099999, 
        "17": 255511580.50400001, 
        "18": 216180476.28, 
        "19": 204257815.12200001, 
        "20": 212440566.60499999, 
        "21": 147900721.03299999, 
        "22": 192299752.53099999, 
        "23": 316284330.33899999, 
        "24": 233551045.73800001, 
        "25": 328830803.63200003, 
        "26": 207226386.69, 
        "27": 209521713.956, 
        "28": 281134444.89300001, 
        "29": 276721857.903, 
        "30": 235837694.692, 
        "31": 146257103.98100001, 
        "32": 255377351.82300001, 
        "33": 138946245.042, 
        "34": 133957886.833, 
        "35": 195382708.859, 
        "36": 165051745.90099999, 
        "37": 311565827.16000003, 
        "38": 170252905.83700001, 
        "39": 163832846.22400001, 
        "40": 140708584.29699999, 
        "41": 223297932.64399999, 
        "42": 192206736.317, 
        "43": 148486328.43700001, 
        "44": 111186519.869, 
        "45": 236172608.764, 
        "46": 195044929.09400001, 
        "47": 154480246.71399999, 
        "48": 131002623.219, 
        "49": 93307554.092999995, 
        "50": 123122876.831, 
        "51": 247379134.271, 
        "52": 254380057.20500001, 
        "53": 374985533.75800002, 
        "54": 156080674.465, 
        "55": 252266892.36500001, 
        "56": 162075753.97, 
        "57": 315939117.04799998, 
        "58": 335573460.208, 
        "59": 275912702.87400001, 
        "60": 207201789.84099999, 
        "61": 135944210.428, 
        "62": 182902138.905, 
        "63": 288544013.89700001, 
        "64": 118222456.77500001, 
        "65": 177533438.98899999, 
        "66": 131310158.677, 
        "67": 148743939.46700001, 
        "68": 125676929.90700001, 
        "69": 112367053.486, 
        "70": 101822249.903, 
        "71": 161447589.986, 
        "72": 181620761.884, 
        "73": 169934529.85100001, 
        "74": 211324631.241, 
        "75": 233282476.38100001, 
        "76": 106260840.801, 
        "77": 329649244.09600002, 
        "78": 198231162.368, 
        "79": 128637602.811, 
        "80": 291903071.31199998, 
        "81": 171208901.51499999, 
        "82": 154441723.523, 
        "83": 84682851.373999998, 
        "84": 104341971.48, 
        "85": 222755525.10299999, 
        "86": 290147939.736, 
        "87": 181258713.80899999, 
        "88": 236874963.10800001, 
        "89": 254022622.09099999, 
        "90": 227771023.338, 
        "91": 99016795.560000002, 
        "92": 110636803.022, 
        "93": 101416681.78, 
        "94": 217071204.995, 
        "95": 369368466.11199999, 
        "96": 194817270.778, 
        "97": 120728506.47499999, 
        "98": 107788974.917, 
        "99": 170273988.873
    }, 
    "averaged_NPV": 197567483.87345996
}