{
    "std": 72671992.942099139, 
    "raw_results": {
        "0": 426552789.87099999, 
        "1": 281928249.31400001, 
        "2": 240252015.55599999, 
        "3": 182593739.74700001, 
        "4": 201304593.537, 
        "5": 212877715.41100001, 
        "6": 196513908.29100001, 
        "7": 184986505.36500001, 
        "8": 154180806.90000001, 
        "9": 80322340.526999995, 
        "10": 144805748.55700001, 
        "11": 169802440.90900001, 
        "12": 114348409.141, 
        "13": 165829992.13100001, 
        "14": 169053826.70500001, 
        "15": 380201883.70999998, 
        "16": 220730870.76300001, 
        "17": 258478272.82800001, 
        "18": 216965168.03799999, 
        "19": 206913904.23699999, 
        "20": 210149126.99900001, 
        "21": 150729785.95300001, 
        "22": 195268498.43200001, 
        "23": 319814007.31, 
        "24": 236879072.00799999, 
        "25": 331954781.15600002, 
        "26": 210529317.81, 
        "27": 212984709.29699999, 
        "28": 283935309.44199997, 
        "29": 279292340.30599999, 
        "30": 239079291.586, 
        "31": 146581774.18399999, 
        "32": 258350582.99399999, 
        "33": 141952495.36300001, 
        "34": 137380307.85100001, 
        "35": 198875189.55599999, 
        "36": 164557769.79899999, 
        "37": 314396712.41900003, 
        "38": 174623731.82499999, 
        "39": 165871628.664, 
        "40": 144343775.03600001, 
        "41": 226472637.65700001, 
        "42": 195394434.91499999, 
        "43": 149486285.32800001, 
        "44": 113578407.807, 
        "45": 239159383.0, 
        "46": 199765597.208, 
        "47": 157250970.66499999, 
        "48": 132055233.44, 
        "49": 95988701.327999994, 
        "50": 126177456.689, 
        "51": 250554600.85299999, 
        "52": 257657414.52599999, 
        "53": 379474149.25700003, 
        "54": 159650368.66800001, 
        "55": 254214616.264, 
        "56": 164722375.02200001, 
        "57": 318666230.13800001, 
        "58": 337992007.03799999, 
        "59": 278788863.74000001, 
        "60": 208601827.23199999, 
        "61": 136491033.509, 
        "62": 184571199.495, 
        "63": 291353659.921, 
        "64": 121039719.85699999, 
        "65": 181402181.15200001, 
        "66": 134024183.668, 
        "67": 151274997.30599999, 
        "68": 128209871.54899999, 
        "69": 116165819.458, 
        "70": 104344280.80599999, 
        "71": 164352121.37, 
        "72": 184745762.78999999, 
        "73": 175115564.91299999, 
        "74": 213542067.06799999, 
        "75": 237476949.11899999, 
        "76": 108981652.457, 
        "77": 333511766.38499999, 
        "78": 201257502.63999999, 
        "79": 131284487.566, 
        "80": 294753195.917, 
        "81": 174922000.30899999, 
        "82": 157132747.54300001, 
        "83": 87333394.268999994, 
        "84": 107050237.75300001, 
        "85": 222515541.542, 
        "86": 285658291.28600001, 
        "87": 184727075.109, 
        "88": 239874366.76499999, 
        "89": 256370028.697, 
        "90": 230831839.308, 
        "91": 102014551.108, 
        "92": 113361909.601, 
        "93": 105426158.564, 
        "94": 219859996.19, 
        "95": 372373499.88999999, 
        "96": 199584781.646, 
        "97": 121424755.331, 
        "98": 110684903.734, 
        "99": 174190073.009
    }, 
    "averaged_NPV": 200310791.18902999
}