{
    "std": 72909116.28534168, 
    "raw_results": {
        "0": 434164455.84500003, 
        "1": 278818798.167, 
        "2": 236507565.315, 
        "3": 180308108.71399999, 
        "4": 198189398.76899999, 
        "5": 209738376.73800001, 
        "6": 193873997.84799999, 
        "7": 185421106.345, 
        "8": 151574080.204, 
        "9": 78852728.682999998, 
        "10": 141890848.16100001, 
        "11": 166814566.43700001, 
        "12": 111915293.244, 
        "13": 163060617.11199999, 
        "14": 166325409.36000001, 
        "15": 373394818.89700001, 
        "16": 217928761.046, 
        "17": 255609400.32100001, 
        "18": 212906932.85600001, 
        "19": 204254385.41499999, 
        "20": 207460861.84099999, 
        "21": 148200738.02900001, 
        "22": 192320184.79300001, 
        "23": 315575493.50400001, 
        "24": 233478365.27399999, 
        "25": 328150948.90700001, 
        "26": 207300853.292, 
        "27": 209710180.82600001, 
        "28": 281148714.273, 
        "29": 276796842.05299997, 
        "30": 236301557.727, 
        "31": 144124288.78600001, 
        "32": 255450424.36300001, 
        "33": 136908253.91299999, 
        "34": 136170876.72299999, 
        "35": 195527940.69100001, 
        "36": 161859121.82100001, 
        "37": 311600453.83499998, 
        "38": 171673590.76499999, 
        "39": 163522959.287, 
        "40": 141604669.479, 
        "41": 223516805.26499999, 
        "42": 192489103.34299999, 
        "43": 147090065.27000001, 
        "44": 111521333.61300001, 
        "45": 236287539.61399999, 
        "46": 196563600.75799999, 
        "47": 155064778.10800001, 
        "48": 131348708.61399999, 
        "49": 93690034.452999994, 
        "50": 123541134.142, 
        "51": 247618206.803, 
        "52": 254448118.25, 
        "53": 384256571.70599997, 
        "54": 156826430.64300001, 
        "55": 252122299.06600001, 
        "56": 162043089.65099999, 
        "57": 315905900.74599999, 
        "58": 335737202.96899998, 
        "59": 273920295.301, 
        "60": 208118386.46700001, 
        "61": 134222513.435, 
        "62": 179976181.34, 
        "63": 288495732.86699998, 
        "64": 118602227.97400001, 
        "65": 178737423.289, 
        "66": 131649230.917, 
        "67": 149566774.63800001, 
        "68": 125680160.72499999, 
        "69": 112966600.543, 
        "70": 102930767.995, 
        "71": 161728366.53600001, 
        "72": 181669968.667, 
        "73": 172619407.88600001, 
        "74": 211091014.36899999, 
        "75": 233775261.60499999, 
        "76": 106768806.49699999, 
        "77": 329660537.30000001, 
        "78": 198500975.692, 
        "79": 128733728.85699999, 
        "80": 291909561.37199998, 
        "81": 171559883.88699999, 
        "82": 154653543.62900001, 
        "83": 84876250.456, 
        "84": 104713483.053, 
        "85": 223057695.20100001, 
        "86": 292149844.09100002, 
        "87": 182151327.148, 
        "88": 237021672.86300001, 
        "89": 253807702.75099999, 
        "90": 227861923.70699999, 
        "91": 99727743.296000004, 
        "92": 111632741.654, 
        "93": 103650567.256, 
        "94": 217168289.308, 
        "95": 368507453.50400001, 
        "96": 196246109.347, 
        "97": 121265335.395, 
        "98": 108408494.08, 
        "99": 170999297.13699999
    }, 
    "averaged_NPV": 197872911.74707997
}