{
    "std": 72351344.914834544, 
    "raw_results": {
        "0": 422975396.204, 
        "1": 280376763.65700001, 
        "2": 239044940.55500001, 
        "3": 178102330.74200001, 
        "4": 200598996.05899999, 
        "5": 211825627.259, 
        "6": 195510520.456, 
        "7": 184043486.81799999, 
        "8": 153435540.90900001, 
        "9": 79690786.903999999, 
        "10": 143461250.972, 
        "11": 168511128.336, 
        "12": 113298372.779, 
        "13": 164962361.55599999, 
        "14": 166061721.94400001, 
        "15": 377569178.10799998, 
        "16": 219538813.76199999, 
        "17": 257171947.493, 
        "18": 215665015.93200001, 
        "19": 206126081.94400001, 
        "20": 208845123.25400001, 
        "21": 149884528.845, 
        "22": 194058565.50400001, 
        "23": 317672954.19400001, 
        "24": 235575833.30700001, 
        "25": 330325337.48000002, 
        "26": 209380147.15099999, 
        "27": 212617896.51499999, 
        "28": 282465847.79100001, 
        "29": 278346203.903, 
        "30": 238477921.44999999, 
        "31": 145914696.39700001, 
        "32": 257052212.41800001, 
        "33": 138685659.70500001, 
        "34": 136370465.505, 
        "35": 193890390.71799999, 
        "36": 164216387.03, 
        "37": 312920563.27499998, 
        "38": 173616208.61399999, 
        "39": 165159619.836, 
        "40": 144080145.95199999, 
        "41": 224903584.55599999, 
        "42": 194147571.59099999, 
        "43": 148796859.516, 
        "44": 113181762.418, 
        "45": 237532694.505, 
        "46": 198530206.53200001, 
        "47": 156419682.896, 
        "48": 131049562.04899999, 
        "49": 95405975.498999998, 
        "50": 125672115.874, 
        "51": 249043494.88699999, 
        "52": 256068915.40900001, 
        "53": 376542209.96100003, 
        "54": 155767693.021, 
        "55": 253581572.49599999, 
        "56": 163258925.34200001, 
        "57": 316935941.86500001, 
        "58": 337351543.82599998, 
        "59": 277152745.96499997, 
        "60": 207172455.45100001, 
        "61": 136035653.68000001, 
        "62": 183992386.92899999, 
        "63": 289959738.065, 
        "64": 119880441.46600001, 
        "65": 181141586.80700001, 
        "66": 133358817.787, 
        "67": 150415729.18200001, 
        "68": 127303529.102, 
        "69": 115162872.779, 
        "70": 103441472.54899999, 
        "71": 163340238.84999999, 
        "72": 180901558.91, 
        "73": 174459021.706, 
        "74": 212653741.81099999, 
        "75": 236273252.31, 
        "76": 108279958.84100001, 
        "77": 330841346.08399999, 
        "78": 199898087.73500001, 
        "79": 130202443.402, 
        "80": 293531176.35600001, 
        "81": 174382999.06299999, 
        "82": 155758052.39899999, 
        "83": 86415671.299999997, 
        "84": 105994140.574, 
        "85": 221500124.62200001, 
        "86": 284423307.13099998, 
        "87": 184127445.96599999, 
        "88": 238245326.141, 
        "89": 255160897.10299999, 
        "90": 229336169.43599999, 
        "91": 101519704.74699999, 
        "92": 112576799.344, 
        "93": 104435044.215, 
        "94": 218897888.26300001, 
        "95": 370562371.741, 
        "96": 198931722.00400001, 
        "97": 120823130.366, 
        "98": 109801857.142, 
        "99": 173226282.271
    }, 
    "averaged_NPV": 199032344.73071012
}