{
    "std": 65866473.042274751, 
    "raw_results": {
        "0": 399344926.912, 
        "1": 268717672.50400001, 
        "2": 229762158.87, 
        "3": 173682392.801, 
        "4": 195046101.11700001, 
        "5": 200752118.86899999, 
        "6": 189694641.72, 
        "7": 179017826.34299999, 
        "8": 151340182.91, 
        "9": 83586993.784999996, 
        "10": 142760189.537, 
        "11": 163969326.102, 
        "12": 113249709.252, 
        "13": 161075017.54899999, 
        "14": 163062132.611, 
        "15": 356241757.38300002, 
        "16": 206991793.40000001, 
        "17": 240712303.65400001, 
        "18": 210504012.11899999, 
        "19": 196053573.34599999, 
        "20": 202465226.79699999, 
        "21": 148001202.83899999, 
        "22": 184254265.118, 
        "23": 301210167.39600003, 
        "24": 223874241.48199999, 
        "25": 310213049.85900003, 
        "26": 197747181.63600001, 
        "27": 199805759.62400001, 
        "28": 271317240.97399998, 
        "29": 263643628.88999999, 
        "30": 224363658.55899999, 
        "31": 142368587.329, 
        "32": 239515663.15799999, 
        "33": 138461097.39500001, 
        "34": 136780805.046, 
        "35": 189328903.25099999, 
        "36": 159439681.007, 
        "37": 298703563.65899998, 
        "38": 169296939.21700001, 
        "39": 160996586.83199999, 
        "40": 139437484.245, 
        "41": 214149560.528, 
        "42": 186791662.40900001, 
        "43": 144695304.76300001, 
        "44": 114509145.417, 
        "45": 224971560.836, 
        "46": 192751760.03600001, 
        "47": 152968620.68200001, 
        "48": 132826356.478, 
        "49": 98906950.209000006, 
        "50": 127053218.743, 
        "51": 234201476.29300001, 
        "52": 242413246.16100001, 
        "53": 356583202.16399997, 
        "54": 151637389.449, 
        "55": 241486489.551, 
        "56": 160439243.67899999, 
        "57": 298523549.06300002, 
        "58": 317395601.79000002, 
        "59": 256333795.36300001, 
        "60": 200350078.90200001, 
        "61": 135986508.80500001, 
        "62": 177665714.11000001, 
        "63": 277114898.15100002, 
        "64": 117649105.38699999, 
        "65": 175987406.053, 
        "66": 130191368.79799999, 
        "67": 148116109.06099999, 
        "68": 129515726.698, 
        "69": 115867376.912, 
        "70": 108638873.727, 
        "71": 156645402.87900001, 
        "72": 174786715.148, 
        "73": 168458614.32300001, 
        "74": 200143401.33199999, 
        "75": 221293135.38499999, 
        "76": 109265392.02, 
        "77": 313377150.84200001, 
        "78": 193803282.572, 
        "79": 128722874.955, 
        "80": 279096988.88300002, 
        "81": 168854131.77900001, 
        "82": 152537313.222, 
        "83": 90541317.421000004, 
        "84": 106643295.939, 
        "85": 215662052.83899999, 
        "86": 270154521.097, 
        "87": 180179985.007, 
        "88": 225643406.65200001, 
        "89": 237332710.07100001, 
        "90": 216892497.59099999, 
        "91": 103846956.311, 
        "92": 113775945.361, 
        "93": 108899490.323, 
        "94": 207368105.90099999, 
        "95": 352177132.57499999, 
        "96": 193081095.373, 
        "97": 120971717.411, 
        "98": 111475092.207, 
        "99": 169829569.655
    }, 
    "averaged_NPV": 191839703.60389006
}