{
    "std": 72525560.854452744, 
    "raw_results": {
        "0": 426466460.71200001, 
        "1": 278111773.884, 
        "2": 234893909.521, 
        "3": 174793661.375, 
        "4": 196770092.12, 
        "5": 205818906.95899999, 
        "6": 192418469.36000001, 
        "7": 181729019.88299999, 
        "8": 150614966.55500001, 
        "9": 77571659.141000003, 
        "10": 140962653.11500001, 
        "11": 165817773.59599999, 
        "12": 110802588.294, 
        "13": 162232275.09799999, 
        "14": 163473752.058, 
        "15": 377504833.19599998, 
        "16": 216912004.15900001, 
        "17": 254380772.43700001, 
        "18": 211689704.25400001, 
        "19": 203096245.81099999, 
        "20": 205944221.13800001, 
        "21": 147100072.79800001, 
        "22": 191397366.493, 
        "23": 313173224.72799999, 
        "24": 232697159.47499999, 
        "25": 324557367.26099998, 
        "26": 206947469.04699999, 
        "27": 208665639.52500001, 
        "28": 280005779.35699999, 
        "29": 273171034.36900002, 
        "30": 234933376.98899999, 
        "31": 143713239.27000001, 
        "32": 253709628.26199999, 
        "33": 135673698.18399999, 
        "34": 132961721.61499999, 
        "35": 194413360.322, 
        "36": 160572633.78099999, 
        "37": 309417791.37400001, 
        "38": 170260062.84900001, 
        "39": 161754642.10299999, 
        "40": 141202740.458, 
        "41": 222518104.88100001, 
        "42": 191931519.68399999, 
        "43": 145877439.06, 
        "44": 111612992.37800001, 
        "45": 235416604.55000001, 
        "46": 195510003.42199999, 
        "47": 154213058.58899999, 
        "48": 127094345.45900001, 
        "49": 92837938.202000007, 
        "50": 122488084.898, 
        "51": 246646528.579, 
        "52": 253279548.07800001, 
        "53": 382280761.81199998, 
        "54": 155657698.73699999, 
        "55": 249797870.86700001, 
        "56": 160494150.949, 
        "57": 313888188.02100003, 
        "58": 330826213.176, 
        "59": 271929412.67299998, 
        "60": 204774817.919, 
        "61": 133883416.742, 
        "62": 180401323.30199999, 
        "63": 287230402.55800003, 
        "64": 117488376.82600001, 
        "65": 177465881.27700001, 
        "66": 130357456.483, 
        "67": 148104846.574, 
        "68": 124722316.639, 
        "69": 112447657.76199999, 
        "70": 101417765.595, 
        "71": 160318974.12599999, 
        "72": 180756423.294, 
        "73": 171293242.42500001, 
        "74": 208468315.442, 
        "75": 233960861.53, 
        "76": 105641332.833, 
        "77": 326542353.30000001, 
        "78": 196882884.808, 
        "79": 127487778.678, 
        "80": 290877803.81699997, 
        "81": 170860158.958, 
        "82": 153811439.10699999, 
        "83": 83864165.628999993, 
        "84": 103042276.63699999, 
        "85": 217984528.61700001, 
        "86": 289402783.95099998, 
        "87": 181646898.70100001, 
        "88": 236190410.243, 
        "89": 251140474.14700001, 
        "90": 226837177.176, 
        "91": 98654599.876000002, 
        "92": 110447349.163, 
        "93": 101292728.939, 
        "94": 215662451.641, 
        "95": 364697700.87699997, 
        "96": 195267956.579, 
        "97": 118016326.344, 
        "98": 107275112.88, 
        "99": 169934805.523
    }, 
    "averaged_NPV": 196291877.91858995
}