{
    "std": 65736427.438009687, 
    "raw_results": {
        "0": 398645415.81599998, 
        "1": 267507658.69100001, 
        "2": 232974708.63600001, 
        "3": 173814970.704, 
        "4": 195729628.55500001, 
        "5": 200156400.759, 
        "6": 189878640.56200001, 
        "7": 178304573.514, 
        "8": 151592209.47299999, 
        "9": 83861339.870000005, 
        "10": 142673316.197, 
        "11": 164335374.741, 
        "12": 113557117.59900001, 
        "13": 161334338.127, 
        "14": 163475365.73800001, 
        "15": 352118614.31599998, 
        "16": 211201292.04800001, 
        "17": 243647049.611, 
        "18": 212248507.764, 
        "19": 195074412.62599999, 
        "20": 202101520.06400001, 
        "21": 147840283.81200001, 
        "22": 183503711.55500001, 
        "23": 299812614.51700002, 
        "24": 226618905.70199999, 
        "25": 308209210.04900002, 
        "26": 196965975.32699999, 
        "27": 203391242.10100001, 
        "28": 267866729.59799999, 
        "29": 262345696.35800001, 
        "30": 229321629.56, 
        "31": 142489743.333, 
        "32": 244115042.00999999, 
        "33": 138643056.43399999, 
        "34": 137546271.164, 
        "35": 188405143.248, 
        "36": 159669218.79499999, 
        "37": 295435195.66000003, 
        "38": 169465059.34400001, 
        "39": 161097513.77700001, 
        "40": 139663371.93000001, 
        "41": 216988807.11199999, 
        "42": 186250330.088, 
        "43": 144918545.623, 
        "44": 114647766.192, 
        "45": 228025725.315, 
        "46": 192530414.28999999, 
        "47": 153197482.11000001, 
        "48": 133042942.081, 
        "49": 99128851.907000005, 
        "50": 127224745.40700001, 
        "51": 238784560.22999999, 
        "52": 244554536.37599999, 
        "53": 354903542.26999998, 
        "54": 155307762.72099999, 
        "55": 241556654.66299999, 
        "56": 160608346.70500001, 
        "57": 297868702.07499999, 
        "58": 318603657.245, 
        "59": 263215597.80199999, 
        "60": 203075019.792, 
        "61": 136160809.5, 
        "62": 178120454.778, 
        "63": 276633953.90600002, 
        "64": 118045696.74699999, 
        "65": 176159531.71599999, 
        "66": 130189076.333, 
        "67": 147724132.713, 
        "68": 129652866.455, 
        "69": 115992391.55500001, 
        "70": 108120963.492, 
        "71": 161323652.85100001, 
        "72": 174589181.48899999, 
        "73": 168394942.053, 
        "74": 198761448.847, 
        "75": 224999140.736, 
        "76": 109383323.09199999, 
        "77": 310491819.25099999, 
        "78": 194214704.236, 
        "79": 128892971.565, 
        "80": 278493472.13800001, 
        "81": 168788485.23300001, 
        "82": 153936288.45899999, 
        "83": 90681876.848000005, 
        "84": 106671498.015, 
        "85": 218030362.29800001, 
        "86": 277662778.741, 
        "87": 184760517.65099999, 
        "88": 229555332.69299999, 
        "89": 241446223.71900001, 
        "90": 221303253.361, 
        "91": 103854260.15800001, 
        "92": 113828778.44, 
        "93": 109070910.01100001, 
        "94": 210445027.11500001, 
        "95": 347900254.13200003, 
        "96": 192982128.74900001, 
        "97": 121199512.83400001, 
        "98": 111453292.064, 
        "99": 170299630.153
    }, 
    "averaged_NPV": 192512870.03815997
}