{
    "std": 73023992.922398433, 
    "raw_results": {
        "0": 433885103.10100001, 
        "1": 278691767.71700001, 
        "2": 238057552.59200001, 
        "3": 178834506.64700001, 
        "4": 197767409.273, 
        "5": 208964487.634, 
        "6": 194548218.13100001, 
        "7": 184192120.498, 
        "8": 153045709.94, 
        "9": 76945240.685000002, 
        "10": 142456202.94299999, 
        "11": 166438069.192, 
        "12": 111035512.712, 
        "13": 161015451.778, 
        "14": 165750732.382, 
        "15": 373045683.58200002, 
        "16": 217737332.21000001, 
        "17": 255294960.27500001, 
        "18": 215434145.52599999, 
        "19": 204131659.917, 
        "20": 211270866.75799999, 
        "21": 147835886.55899999, 
        "22": 192167037.94299999, 
        "23": 315160098.08600003, 
        "24": 233410687.63800001, 
        "25": 327903212.66100001, 
        "26": 206982084.46799999, 
        "27": 209493707.82499999, 
        "28": 280753543.73500001, 
        "29": 276634354.75999999, 
        "30": 235458553.926, 
        "31": 144225209.86000001, 
        "32": 255367337.03600001, 
        "33": 137975900.618, 
        "34": 134065226.472, 
        "35": 195107033.389, 
        "36": 164706415.428, 
        "37": 311171936.44199997, 
        "38": 171099733.882, 
        "39": 162686412.664, 
        "40": 140356981.542, 
        "41": 223301094.51800001, 
        "42": 194140632.039, 
        "43": 146427947.361, 
        "44": 111952031.27, 
        "45": 236149607.05700001, 
        "46": 198340355.50799999, 
        "47": 154123283.34599999, 
        "48": 129087217.986, 
        "49": 92965768.155000001, 
        "50": 123435998.25, 
        "51": 247014427.755, 
        "52": 254131210.104, 
        "53": 384088482.33099997, 
        "54": 155365050.83199999, 
        "55": 251700923.52700001, 
        "56": 161140944.53799999, 
        "57": 315586701.38599998, 
        "58": 335270145.06800002, 
        "59": 273391695.03799999, 
        "60": 206831272.07300001, 
        "61": 134558282.641, 
        "62": 182503008.73500001, 
        "63": 287840976.02399999, 
        "64": 117460752.37199999, 
        "65": 176708016.743, 
        "66": 130792606.55, 
        "67": 147224134.38699999, 
        "68": 126592854.626, 
        "69": 112372108.48800001, 
        "70": 101197933.79899999, 
        "71": 160643074.896, 
        "72": 181231677.47099999, 
        "73": 172816610.051, 
        "74": 210770715.59900001, 
        "75": 233172904.373, 
        "76": 106154517.69, 
        "77": 329366784.71499997, 
        "78": 197776162.039, 
        "79": 128036266.766, 
        "80": 291592936.98400003, 
        "81": 170797486.461, 
        "82": 154745643.73800001, 
        "83": 84607037.431999996, 
        "84": 103708359.227, 
        "85": 222141101.09200001, 
        "86": 288516495.80500001, 
        "87": 184679091.76499999, 
        "88": 236839996.55399999, 
        "89": 253774758.40000001, 
        "90": 227487285.05199999, 
        "91": 99448817.086999997, 
        "92": 110455669.2, 
        "93": 102466101.164, 
        "94": 216729259.44999999, 
        "95": 368154770.00400001, 
        "96": 197230118.74000001, 
        "97": 119069438.91599999, 
        "98": 107784172.199, 
        "99": 169748413.25600001
    }, 
    "averaged_NPV": 197527452.17060012
}