{
    "std": 72675556.31780006, 
    "raw_results": {
        "0": 434800648.29000002, 
        "1": 284874595.38599998, 
        "2": 244306318.13299999, 
        "3": 182037399.48699999, 
        "4": 205500976.16100001, 
        "5": 215926897.18399999, 
        "6": 200293512.44800001, 
        "7": 188161929.729, 
        "8": 157886971.065, 
        "9": 83158752.068000004, 
        "10": 148875460.384, 
        "11": 172891949.03, 
        "12": 117626512.48999999, 
        "13": 169347246.058, 
        "14": 172292701.40000001, 
        "15": 383293214.73100001, 
        "16": 223701802.64199999, 
        "17": 261500137.956, 
        "18": 220483152.48500001, 
        "19": 210283725.61700001, 
        "20": 213322605.95699999, 
        "21": 154719611.49700001, 
        "22": 198149423.57800001, 
        "23": 323253048.47899997, 
        "24": 240255636.141, 
        "25": 334633682.42799997, 
        "26": 213368862.21399999, 
        "27": 216426936.04300001, 
        "28": 287094695.69099998, 
        "29": 281583136.847, 
        "30": 243041350.95899999, 
        "31": 153832495.23300001, 
        "32": 261017606.30899999, 
        "33": 145482349.18799999, 
        "34": 142466211.91800001, 
        "35": 198300123.347, 
        "36": 168257984.757, 
        "37": 317654162.21799999, 
        "38": 178368322.34900001, 
        "39": 169293178.285, 
        "40": 148306458.22, 
        "41": 229380579.12799999, 
        "42": 198236097.34200001, 
        "43": 156320431.76899999, 
        "44": 119890962.597, 
        "45": 241996299.72499999, 
        "46": 203296351.11700001, 
        "47": 160607492.54499999, 
        "48": 137744184.28200001, 
        "49": 99527274.184, 
        "50": 131138838.185, 
        "51": 253441976.69600001, 
        "52": 260878044.89500001, 
        "53": 385955005.903, 
        "54": 163042587.09099999, 
        "55": 256989232.50600001, 
        "56": 167604592.26699999, 
        "57": 321196721.25999999, 
        "58": 340717686.05299997, 
        "59": 281309968.93099999, 
        "60": 211523316.208, 
        "61": 142909861.26199999, 
        "62": 188563307.495, 
        "63": 294656292.89600003, 
        "64": 123716611.492, 
        "65": 185971822.03200001, 
        "66": 136820412.27700001, 
        "67": 154737349.11899999, 
        "68": 133689732.89300001, 
        "69": 119344303.977, 
        "70": 107984804.051, 
        "71": 167305674.919, 
        "72": 184730944.85499999, 
        "73": 179005897.97099999, 
        "74": 216087876.919, 
        "75": 240354244.845, 
        "76": 112060972.641, 
        "77": 336603795.20899999, 
        "78": 204118240.05599999, 
        "79": 134546205.48100001, 
        "80": 298355148.32700002, 
        "81": 178873316.785, 
        "82": 160170610.33000001, 
        "83": 89901329.579999998, 
        "84": 110208152.992, 
        "85": 226152778.373, 
        "86": 288720881.57499999, 
        "87": 187966698.08899999, 
        "88": 242575074.01199999, 
        "89": 258588486.23899999, 
        "90": 233893771.28799999, 
        "91": 106274963.86300001, 
        "92": 116866265.537, 
        "93": 109349301.206, 
        "94": 223049364.23899999, 
        "95": 377982224.727, 
        "96": 204087658.26800001, 
        "97": 124783019.22499999, 
        "98": 113989726.477, 
        "99": 177578501.192
    }, 
    "averaged_NPV": 203794450.49800003
}