{
    "std": 72715887.799280331, 
    "raw_results": {
        "0": 432977605.583, 
        "1": 278387498.03500003, 
        "2": 238369404.708, 
        "3": 179525414.17699999, 
        "4": 198107855.09299999, 
        "5": 209155463.49599999, 
        "6": 194785455.81799999, 
        "7": 184396495.01899999, 
        "8": 153136769.22, 
        "9": 76977404.003000006, 
        "10": 142694841.46900001, 
        "11": 166783215.32300001, 
        "12": 111279359.524, 
        "13": 161285625.30700001, 
        "14": 165771443.26499999, 
        "15": 371425944.22799999, 
        "16": 217600700.83399999, 
        "17": 255282145.30599999, 
        "18": 215553653.67699999, 
        "19": 204283304.139, 
        "20": 211661568.57699999, 
        "21": 147945829.95300001, 
        "22": 192353413.48699999, 
        "23": 314661561.29500002, 
        "24": 233591420.123, 
        "25": 326658250.36900002, 
        "26": 207280307.558, 
        "27": 209371917.02200001, 
        "28": 280798678.458, 
        "29": 275713866.91799998, 
        "30": 235783154.59, 
        "31": 144363728.419, 
        "32": 255183295.54699999, 
        "33": 138367606.55199999, 
        "34": 134354284.43000001, 
        "35": 195570235.60800001, 
        "36": 165041722.322, 
        "37": 310706329.96499997, 
        "38": 171288687.331, 
        "39": 163369393.82699999, 
        "40": 140661476.609, 
        "41": 223064895.86500001, 
        "42": 194052547.241, 
        "43": 146843571.706, 
        "44": 112021888.272, 
        "45": 235635315.583, 
        "46": 198590944.993, 
        "47": 154541173.97, 
        "48": 129263135.274, 
        "49": 93360505.687999994, 
        "50": 123756525.57099999, 
        "51": 247197129.63499999, 
        "52": 254057016.97999999, 
        "53": 383696873.17799997, 
        "54": 155727578.68399999, 
        "55": 252081516.81400001, 
        "56": 161587459.99700001, 
        "57": 314709953.62599999, 
        "58": 334573814.64899999, 
        "59": 273141497.94800001, 
        "60": 207109331.80899999, 
        "61": 134745531.60299999, 
        "62": 182848816.13800001, 
        "63": 288064205.43300003, 
        "64": 117536045.72, 
        "65": 177025560.377, 
        "66": 131338042.82600001, 
        "67": 147669512.34099999, 
        "68": 126735077.098, 
        "69": 112545965.75300001, 
        "70": 101519827.67299999, 
        "71": 161121315.05000001, 
        "72": 181717527.90799999, 
        "73": 173318697.208, 
        "74": 210126954.69600001, 
        "75": 233042810.389, 
        "76": 106429415.212, 
        "77": 328127215.542, 
        "78": 198290295.949, 
        "79": 128233755.697, 
        "80": 291401549.24299997, 
        "81": 171242590.722, 
        "82": 154812438.18099999, 
        "83": 84748403.642000005, 
        "84": 103976638.868, 
        "85": 222673528.29100001, 
        "86": 287578454.36900002, 
        "87": 184908856.29499999, 
        "88": 236336277.94600001, 
        "89": 252422500.653, 
        "90": 227518570.43399999, 
        "91": 100784343.07099999, 
        "92": 110551508.28200001, 
        "93": 102614509.339, 
        "94": 217120446.99599999, 
        "95": 368199701.21799999, 
        "96": 197453676.33000001, 
        "97": 119239473.698, 
        "98": 107735062.277, 
        "99": 170251398.301
    }, 
    "averaged_NPV": 197595255.05435994
}