{
    "std": 72728697.918077186, 
    "raw_results": {
        "0": 434417564.00199997, 
        "1": 284216025.62800002, 
        "2": 243343504.715, 
        "3": 182041461.40400001, 
        "4": 205437441.47999999, 
        "5": 212848727.06299999, 
        "6": 200365301.31900001, 
        "7": 187480058.11199999, 
        "8": 157830645.185, 
        "9": 82891482.725999996, 
        "10": 147869760.662, 
        "11": 172862433.912, 
        "12": 117071085.75, 
        "13": 169222739.48699999, 
        "14": 169595818.34299999, 
        "15": 382592569.76700002, 
        "16": 220088163.52200001, 
        "17": 260870461.42399999, 
        "18": 220226262.00799999, 
        "19": 209753406.646, 
        "20": 213764454.03400001, 
        "21": 154678634.30000001, 
        "22": 193392840.47, 
        "23": 323022477.72500002, 
        "24": 235965046.565, 
        "25": 334224830.86199999, 
        "26": 208292460.037, 
        "27": 216288568.632, 
        "28": 286763390.19300002, 
        "29": 281251609.69800001, 
        "30": 237151774.74900001, 
        "31": 149990834.61700001, 
        "32": 260449622.29899999, 
        "33": 142310988.18900001, 
        "34": 141897410.65000001, 
        "35": 198673053.26899999, 
        "36": 168300151.486, 
        "37": 317104914.44, 
        "38": 178051137.18399999, 
        "39": 168507556.77599999, 
        "40": 147243117.77599999, 
        "41": 228598505.08899999, 
        "42": 197654815.71700001, 
        "43": 152915959.26199999, 
        "44": 116952763.189, 
        "45": 241274005.47299999, 
        "46": 203183757.42399999, 
        "47": 160628540.39199999, 
        "48": 137890396.41, 
        "49": 100371302.123, 
        "50": 129039663.469, 
        "51": 254156582.29499999, 
        "52": 260017753.634, 
        "53": 385836392.71200001, 
        "54": 160169912.45699999, 
        "55": 256714448.215, 
        "56": 167192981.65099999, 
        "57": 320950023.52700001, 
        "58": 341115693.33200002, 
        "59": 280674431.81, 
        "60": 211876534.831, 
        "61": 140230473.09200001, 
        "62": 188189806.611, 
        "63": 294274981.27100003, 
        "64": 123886776.398, 
        "65": 185933786.44999999, 
        "66": 136601622.789, 
        "67": 153517626.704, 
        "68": 133678591.95, 
        "69": 118864623.48899999, 
        "70": 107194899.766, 
        "71": 167930556.648, 
        "72": 184966005.10499999, 
        "73": 178421548.046, 
        "74": 215499731.044, 
        "75": 239440640.48500001, 
        "76": 112196860.926, 
        "77": 335974300.98799998, 
        "78": 203270168.002, 
        "79": 134383539.65000001, 
        "80": 298376623.02499998, 
        "81": 178095113.51699999, 
        "82": 159748475.25400001, 
        "83": 90717756.895999998, 
        "84": 109434793.708, 
        "85": 225363459.586, 
        "86": 289620236.79500002, 
        "87": 188433279.889, 
        "88": 242031577.648, 
        "89": 258337515.919, 
        "90": 233082287.43200001, 
        "91": 105540970.875, 
        "92": 116319119.396, 
        "93": 109387496.458, 
        "94": 218051867.51899999, 
        "95": 377243431.77100003, 
        "96": 204822113.43799999, 
        "97": 124040680.29899999, 
        "98": 113560391.71600001, 
        "99": 177745085.433
    }, 
    "averaged_NPV": 202999730.66105995
}