{
    "std": 72568578.13115494, 
    "raw_results": {
        "0": 423212563.04500002, 
        "1": 281066812.097, 
        "2": 240999884.06900001, 
        "3": 180809120.43599999, 
        "4": 203242578.99900001, 
        "5": 210791562.252, 
        "6": 196521851.27700001, 
        "7": 186437124.39700001, 
        "8": 154549687.55899999, 
        "9": 78697331.484999999, 
        "10": 144223817.132, 
        "11": 168320609.78799999, 
        "12": 112916693.361, 
        "13": 165956241.43700001, 
        "14": 167681704.31299999, 
        "15": 377961285.69800001, 
        "16": 219830699.523, 
        "17": 257549972.449, 
        "18": 217848583.711, 
        "19": 206286395.99200001, 
        "20": 213179121.08199999, 
        "21": 149853555.502, 
        "22": 194298008.83399999, 
        "23": 318063655.72600001, 
        "24": 235784841.704, 
        "25": 330740234.38999999, 
        "26": 208979985.12599999, 
        "27": 211184891.42500001, 
        "28": 282880636.20599997, 
        "29": 278700942.45300001, 
        "30": 237864130.67500001, 
        "31": 145992089.586, 
        "32": 257699492.118, 
        "33": 139582869.73100001, 
        "34": 136385741.248, 
        "35": 197158298.035, 
        "36": 166632101.565, 
        "37": 313646327.28399998, 
        "38": 173900353.73899999, 
        "39": 164722393.87599999, 
        "40": 142922138.70199999, 
        "41": 225509422.55199999, 
        "42": 196171213.52599999, 
        "43": 151674147.692, 
        "44": 113743794.961, 
        "45": 238093527.58700001, 
        "46": 200752454.53099999, 
        "47": 156209215.07100001, 
        "48": 130601445.98899999, 
        "49": 94661609.708000004, 
        "50": 125222761.52500001, 
        "51": 249431645.18700001, 
        "52": 256612602.81400001, 
        "53": 376443779.10600001, 
        "54": 157597816.05599999, 
        "55": 253790588.09400001, 
        "56": 163305492.914, 
        "57": 317650415.76999998, 
        "58": 337341481.60299999, 
        "59": 277496653.87, 
        "60": 209367597.46599999, 
        "61": 136401528.537, 
        "62": 184999798.80399999, 
        "63": 290453508.78299999, 
        "64": 119145203.582, 
        "65": 178944463.96900001, 
        "66": 132624543.671, 
        "67": 151511461.74399999, 
        "68": 128572718.318, 
        "69": 113976342.823, 
        "70": 103121046.767, 
        "71": 162093891.53099999, 
        "72": 183313266.822, 
        "73": 175133813.5, 
        "74": 212931109.05000001, 
        "75": 235053676.09999999, 
        "76": 108571794.237, 
        "77": 331577980.81699997, 
        "78": 200014250.905, 
        "79": 131778494.917, 
        "80": 293742474.48400003, 
        "81": 172898910.40099999, 
        "82": 156694523.68900001, 
        "83": 85940027.475999996, 
        "84": 105608021.80599999, 
        "85": 224765210.15000001, 
        "86": 291392892.61799997, 
        "87": 186588265.41999999, 
        "88": 238825913.22600001, 
        "89": 255618385.16600001, 
        "90": 229993648.139, 
        "91": 101885899.123, 
        "92": 112201812.48, 
        "93": 104535759.552, 
        "94": 218815656.664, 
        "95": 371313745.01999998, 
        "96": 199683151.176, 
        "97": 120963496.32700001, 
        "98": 109495097.704, 
        "99": 171636252.46000001
    }, 
    "averaged_NPV": 199595720.32007
}