{
    "std": 72258410.17344068, 
    "raw_results": {
        "0": 419403333.051, 
        "1": 276704552.48500001, 
        "2": 234045318.479, 
        "3": 177983015.68799999, 
        "4": 196031100.88499999, 
        "5": 208012225.47999999, 
        "6": 191333978.345, 
        "7": 180720857.02500001, 
        "8": 149564207.18000001, 
        "9": 75832655.291999996, 
        "10": 139955151.84400001, 
        "11": 164573841.85699999, 
        "12": 109677657.258, 
        "13": 161364396.68000001, 
        "14": 162182222.27900001, 
        "15": 373144378.18800002, 
        "16": 215870149.78799999, 
        "17": 253580334.12, 
        "18": 211127821.11000001, 
        "19": 202318872.24399999, 
        "20": 205065702.84099999, 
        "21": 145484087.23500001, 
        "22": 190763312.66, 
        "23": 313356757.847, 
        "24": 231789614.914, 
        "25": 326687901.76499999, 
        "26": 205832668.95199999, 
        "27": 207398643.57600001, 
        "28": 278726375.91100001, 
        "29": 275207277.00300002, 
        "30": 233860771.63499999, 
        "31": 143006385.62200001, 
        "32": 253786664.97, 
        "33": 134845487.472, 
        "34": 132545154.271, 
        "35": 192900921.22400001, 
        "36": 160228852.91299999, 
        "37": 309285865.60600001, 
        "38": 169239706.03799999, 
        "39": 161385918.18200001, 
        "40": 137642010.271, 
        "41": 221606171.45899999, 
        "42": 190501555.58000001, 
        "43": 144803498.139, 
        "44": 110467154.258, 
        "45": 234272588.99000001, 
        "46": 194310483.521, 
        "47": 153394259.84999999, 
        "48": 126370825.456, 
        "49": 92160687.813999996, 
        "50": 121414337.111, 
        "51": 245442554.19800001, 
        "52": 252236101.73100001, 
        "53": 372216690.03500003, 
        "54": 154813354.98199999, 
        "55": 250148072.002, 
        "56": 159776769.74700001, 
        "57": 313460339.73199999, 
        "58": 332799754.29100001, 
        "59": 272752807.87400001, 
        "60": 203724029.072, 
        "61": 132675398.73100001, 
        "62": 178180351.958, 
        "63": 285909457.61699998, 
        "64": 116737335.80400001, 
        "65": 176164040.59799999, 
        "66": 129554455.27500001, 
        "67": 146980937.086, 
        "68": 123290258.752, 
        "69": 111570032.79799999, 
        "70": 100778013.65000001, 
        "71": 159552976.91600001, 
        "72": 180027908.96599999, 
        "73": 170210558.07300001, 
        "74": 209571507.35299999, 
        "75": 232340346.502, 
        "76": 104698173.67, 
        "77": 327558382.64099997, 
        "78": 196265665.01699999, 
        "79": 126727781.48999999, 
        "80": 289342321.81800002, 
        "81": 170026995.06099999, 
        "82": 152709363.93000001, 
        "83": 82519816.383000001, 
        "84": 102164903.706, 
        "85": 220608870.75400001, 
        "86": 280340690.01800001, 
        "87": 179843300.32800001, 
        "88": 234837270.78, 
        "89": 252036907.76300001, 
        "90": 225773153.23300001, 
        "91": 97924654.027999997, 
        "92": 109233701.223, 
        "93": 101757285.678, 
        "94": 214984643.00400001, 
        "95": 366878082.44599998, 
        "96": 193590461.914, 
        "97": 117064158.73100001, 
        "98": 106523190.3, 
        "99": 168917347.18099999
    }, 
    "averaged_NPV": 195350088.87204009
}