{
    "std": 72872489.745577738, 
    "raw_results": {
        "0": 431400600.37800002, 
        "1": 282754778.486, 
        "2": 240538441.66299999, 
        "3": 179631658.60499999, 
        "4": 202235257.553, 
        "5": 212745244.66800001, 
        "6": 196908318.27700001, 
        "7": 189295113.539, 
        "8": 154329463.41999999, 
        "9": 81354557.976999998, 
        "10": 145704631.627, 
        "11": 170407953.47400001, 
        "12": 115127159.053, 
        "13": 166724707.49700001, 
        "14": 169802317.021, 
        "15": 380822985.34200001, 
        "16": 221454353.24000001, 
        "17": 259343080.25099999, 
        "18": 220945531.333, 
        "19": 207887207.77200001, 
        "20": 216164776.03, 
        "21": 151867667.77200001, 
        "22": 195893481.17500001, 
        "23": 320456642.13, 
        "24": 237473079.54499999, 
        "25": 332638319.09799999, 
        "26": 210848744.208, 
        "27": 212994505.60100001, 
        "28": 284842027.74599999, 
        "29": 280075433.699, 
        "30": 240242701.83199999, 
        "31": 151222135.539, 
        "32": 259131119.62900001, 
        "33": 142774735.058, 
        "34": 138256724.977, 
        "35": 199195840.005, 
        "36": 165432124.14700001, 
        "37": 315464392.62, 
        "38": 175662533.05899999, 
        "39": 166921572.77900001, 
        "40": 144206025.63, 
        "41": 227330740.95899999, 
        "42": 195538652.021, 
        "43": 153074864.963, 
        "44": 117298014.03399999, 
        "45": 239958120.51300001, 
        "46": 199843547.208, 
        "47": 158201722.338, 
        "48": 135470586.22600001, 
        "49": 97128860.812999994, 
        "50": 126924065.956, 
        "51": 251524780.5, 
        "52": 258681858.25299999, 
        "53": 382711510.23400003, 
        "54": 159872010.57800001, 
        "55": 255160586.58700001, 
        "56": 165465787.31999999, 
        "57": 319521410.83600003, 
        "58": 338607019.91299999, 
        "59": 279519225.926, 
        "60": 211947922.079, 
        "61": 139608353.65700001, 
        "62": 183748391.521, 
        "63": 292389466.884, 
        "64": 121430734.087, 
        "65": 182836204.69, 
        "66": 134883447.572, 
        "67": 152263520.09599999, 
        "68": 131926552.917, 
        "69": 116254053.75, 
        "70": 105167883.064, 
        "71": 164917417.965, 
        "72": 184977870.838, 
        "73": 175887377.102, 
        "74": 214382380.53299999, 
        "75": 237072852.95899999, 
        "76": 109628337.963, 
        "77": 334537802.69999999, 
        "78": 202183967.84599999, 
        "79": 132192793.258, 
        "80": 295596517.24400002, 
        "81": 175025200.44499999, 
        "82": 158080952.87799999, 
        "83": 87656123.814999998, 
        "84": 107616120.33400001, 
        "85": 226623957.68900001, 
        "86": 296677856.64099997, 
        "87": 185479090.19999999, 
        "88": 240636324.95100001, 
        "89": 256971005.91100001, 
        "90": 231747048.79699999, 
        "91": 103743240.454, 
        "92": 114520997.19499999, 
        "93": 108079297.035, 
        "94": 220522560.78, 
        "95": 375675798.07099998, 
        "96": 200432874.07800001, 
        "97": 125530322.516, 
        "98": 111618521.55, 
        "99": 174557557.88100001
    }, 
    "averaged_NPV": 201580400.08578992
}