{
    "std": 72885295.761559322, 
    "raw_results": {
        "0": 433246069.41000003, 
        "1": 282418520.91000003, 
        "2": 243270975.51300001, 
        "3": 183611928.074, 
        "4": 202816217.81299999, 
        "5": 212713405.92399999, 
        "6": 196222074.609, 
        "7": 189095018.46599999, 
        "8": 158480263.40799999, 
        "9": 80846857.359999999, 
        "10": 145405579.81900001, 
        "11": 170630569.50299999, 
        "12": 115225714.867, 
        "13": 166208970.68599999, 
        "14": 169371006.49000001, 
        "15": 381156203.54000002, 
        "16": 221508736.04699999, 
        "17": 259158771.86700001, 
        "18": 220457088.59200001, 
        "19": 208021206.648, 
        "20": 216132765.17699999, 
        "21": 154008087.495, 
        "22": 195946163.38999999, 
        "23": 320462011.838, 
        "24": 237534297.62400001, 
        "25": 332426027.44099998, 
        "26": 210725877.59999999, 
        "27": 212893918.06900001, 
        "28": 284671330.70300001, 
        "29": 279574315.26200002, 
        "30": 239809177.53999999, 
        "31": 149114729.16499999, 
        "32": 258791349.66999999, 
        "33": 141872199.88100001, 
        "34": 140201322.50299999, 
        "35": 199423153.71700001, 
        "36": 168835451.995, 
        "37": 315484874.57200003, 
        "38": 174250650.82300001, 
        "39": 167505247.68000001, 
        "40": 146746345.382, 
        "41": 227109341.62099999, 
        "42": 198358149.67199999, 
        "43": 152107137.963, 
        "44": 117001409.26000001, 
        "45": 239741119.141, 
        "46": 199171113.986, 
        "47": 158301603.62400001, 
        "48": 135555238.71399999, 
        "49": 96819346.099000007, 
        "50": 126699690.06, 
        "51": 251017387.06400001, 
        "52": 258470306.01100001, 
        "53": 384082601.95200002, 
        "54": 159863695.11399999, 
        "55": 255406153.22600001, 
        "56": 165811014.40700001, 
        "57": 319145166.87400001, 
        "58": 338964948.514, 
        "59": 279532310.60299999, 
        "60": 211179929.68700001, 
        "61": 138839163.52500001, 
        "62": 187117988.28999999, 
        "63": 292223864.60600001, 
        "64": 121072440.34299999, 
        "65": 181731611.33399999, 
        "66": 134973038.34799999, 
        "67": 152193653.639, 
        "68": 131396238.17399999, 
        "69": 115932924.517, 
        "70": 105359812.963, 
        "71": 164902351.72999999, 
        "72": 185133395.08000001, 
        "73": 173884088.00600001, 
        "74": 214438910.935, 
        "75": 236650006.56200001, 
        "76": 109518168.624, 
        "77": 334079834.80000001, 
        "78": 202151336.273, 
        "79": 132269483.617, 
        "80": 295493776.60500002, 
        "81": 175079172.271, 
        "82": 157809402.02399999, 
        "83": 87871071.312000006, 
        "84": 107450168.346, 
        "85": 226971504.10299999, 
        "86": 294237706.03500003, 
        "87": 189829708.741, 
        "88": 240327808.32499999, 
        "89": 256595148.26100001, 
        "90": 231539624.70100001, 
        "91": 103995921.417, 
        "92": 115841590.287, 
        "93": 107502662.494, 
        "94": 220981357.97499999, 
        "95": 376124935.46799999, 
        "96": 199059846.17699999, 
        "97": 124388530.402, 
        "98": 111432328.346, 
        "99": 174567498.72
    }, 
    "averaged_NPV": 201715802.14041004
}