{
    "std": 72871612.407379627, 
    "raw_results": {
        "0": 434252186.70499998, 
        "1": 283385148.24800003, 
        "2": 244430167.62900001, 
        "3": 183584487.51199999, 
        "4": 203138379.264, 
        "5": 213480253.88800001, 
        "6": 197619411.34, 
        "7": 189972728.42199999, 
        "8": 158641835.84599999, 
        "9": 81619653.547999993, 
        "10": 146149953.09900001, 
        "11": 171163361.25799999, 
        "12": 115839349.18099999, 
        "13": 166910688.74200001, 
        "14": 170075763.77700001, 
        "15": 381905700.48299998, 
        "16": 221937695.59, 
        "17": 259880036.421, 
        "18": 217100148.26699999, 
        "19": 208492073.53799999, 
        "20": 217125336.18000001, 
        "21": 155256457.03200001, 
        "22": 196253215.255, 
        "23": 321331416.574, 
        "24": 238324171.55399999, 
        "25": 333546738.81099999, 
        "26": 211714805.039, 
        "27": 213787273.41600001, 
        "28": 285647298.47899997, 
        "29": 280573865.38499999, 
        "30": 240560225.19499999, 
        "31": 151001806.778, 
        "32": 259576569.52200001, 
        "33": 143218069.48899999, 
        "34": 140836565.00400001, 
        "35": 199952338.68099999, 
        "36": 169308324.64899999, 
        "37": 316052057.176, 
        "38": 175627556.70899999, 
        "39": 167628646.01499999, 
        "40": 148037100.94499999, 
        "41": 227600077.27599999, 
        "42": 200045405.42399999, 
        "43": 153436840.419, 
        "44": 118216443.795, 
        "45": 240372739.461, 
        "46": 200093815.62599999, 
        "47": 158385592.18700001, 
        "48": 136261175.11300001, 
        "49": 98117593.996999994, 
        "50": 129244804.632, 
        "51": 251960959.96000001, 
        "52": 259128309.808, 
        "53": 385177425.65499997, 
        "54": 160359910.19999999, 
        "55": 255723860.74200001, 
        "56": 166010360.03799999, 
        "57": 320225688.48000002, 
        "58": 339539164.81999999, 
        "59": 279869410.74199998, 
        "60": 212470110.63699999, 
        "61": 139739325.95300001, 
        "62": 184154732.289, 
        "63": 293183987.22500002, 
        "64": 122265047.985, 
        "65": 183519966.72400001, 
        "66": 135036322.57100001, 
        "67": 152958219.63800001, 
        "68": 132432057.93700001, 
        "69": 117021139.77, 
        "70": 105951545.94499999, 
        "71": 165554387.92300001, 
        "72": 185491910.081, 
        "73": 174905143.64700001, 
        "74": 214662431.45100001, 
        "75": 237521145.21700001, 
        "76": 111418113.329, 
        "77": 335192749.62199998, 
        "78": 202453205.11300001, 
        "79": 132941877.479, 
        "80": 296580103.449, 
        "81": 175597156.91999999, 
        "82": 158552179.68799999, 
        "83": 88571371.952000007, 
        "84": 108271781.045, 
        "85": 226988175.33700001, 
        "86": 296423102.324, 
        "87": 191837562.396, 
        "88": 241146644.93399999, 
        "89": 257727177.95199999, 
        "90": 232104038.77399999, 
        "91": 104710458.567, 
        "92": 116786432.917, 
        "93": 107809971.64, 
        "94": 221045382.04699999, 
        "95": 376562886.26999998, 
        "96": 200454926.32600001, 
        "97": 125796086.48, 
        "98": 112209317.663, 
        "99": 175209557.06200001
    }, 
    "averaged_NPV": 202479661.73299998
}