{
    "std": 72612420.858827353, 
    "raw_results": {
        "0": 420482368.21499997, 
        "1": 278387206.35900003, 
        "2": 236062231.51300001, 
        "3": 175249526.71000001, 
        "4": 197228949.32300001, 
        "5": 206423498.792, 
        "6": 192535674.94400001, 
        "7": 181580831.664, 
        "8": 150706663.454, 
        "9": 77425822.488999993, 
        "10": 141334874.63999999, 
        "11": 166177497.294, 
        "12": 110672197.848, 
        "13": 162617261.88499999, 
        "14": 163559819.699, 
        "15": 373558740.56, 
        "16": 217366464.037, 
        "17": 254811951.16999999, 
        "18": 212954637.02399999, 
        "19": 203550177.836, 
        "20": 205677960.01699999, 
        "21": 146897890.808, 
        "22": 191658526.903, 
        "23": 314555316.51800001, 
        "24": 233025391.20199999, 
        "25": 328174487.97600001, 
        "26": 207222296.847, 
        "27": 210319310.998, 
        "28": 280276220.00800002, 
        "29": 275919461.63200003, 
        "30": 235198017.72099999, 
        "31": 144354978.81099999, 
        "32": 254883730.43700001, 
        "33": 136267282.77599999, 
        "34": 135024334.28099999, 
        "35": 194864255.528, 
        "36": 161965032.32100001, 
        "37": 310698030.94, 
        "38": 170419950.23500001, 
        "39": 162394583.08500001, 
        "40": 139677828.66800001, 
        "41": 222980601.11199999, 
        "42": 191885576.90799999, 
        "43": 146107946.03, 
        "44": 111610613.18799999, 
        "45": 235778487.02399999, 
        "46": 195603066.59599999, 
        "47": 154662314.72299999, 
        "48": 127671996.344, 
        "49": 92895861.707000002, 
        "50": 122882227.32799999, 
        "51": 246768723.97999999, 
        "52": 253847075.81200001, 
        "53": 384302820.99900001, 
        "54": 153288548.602, 
        "55": 251125622.27900001, 
        "56": 160731679.711, 
        "57": 315301157.45200002, 
        "58": 334336738.45999998, 
        "59": 273891188.89300001, 
        "60": 207613070.56099999, 
        "61": 133967605.46600001, 
        "62": 180544607.52700001, 
        "63": 287571255.40200001, 
        "64": 115563222.147, 
        "65": 178045521.52200001, 
        "66": 130743501.479, 
        "67": 148365016.36000001, 
        "68": 124673376.40000001, 
        "69": 112282693.70299999, 
        "70": 101770629.13600001, 
        "71": 160637646.037, 
        "72": 177731069.92300001, 
        "73": 171366102.93799999, 
        "74": 210421008.87200001, 
        "75": 234136717.70500001, 
        "76": 105748605.155, 
        "77": 328982575.43599999, 
        "78": 197362839.91, 
        "79": 127848257.117, 
        "80": 291075120.94099998, 
        "81": 171149102.947, 
        "82": 153836108.891, 
        "83": 83229578.687000006, 
        "84": 103003580.14399999, 
        "85": 218749731.829, 
        "86": 281538437.13099998, 
        "87": 182219609.611, 
        "88": 236408598.77900001, 
        "89": 253422660.85100001, 
        "90": 227238444.60100001, 
        "91": 98802260.203999996, 
        "92": 110369393.317, 
        "93": 103167577.286, 
        "94": 216257554.19600001, 
        "95": 367944951.93699998, 
        "96": 195399756.479, 
        "97": 118201813.355, 
        "98": 107747179.03200001, 
        "99": 170240405.55500001
    }, 
    "averaged_NPV": 196632107.18885002
}