{
    "std": 65749376.710027561, 
    "raw_results": {
        "0": 398655623.69599998, 
        "1": 267487676.45500001, 
        "2": 232746470.23199999, 
        "3": 173751930.05700001, 
        "4": 195472571.169, 
        "5": 200237001.59299999, 
        "6": 189881828.84900001, 
        "7": 178241422.50400001, 
        "8": 151592209.47299999, 
        "9": 83861339.870000005, 
        "10": 142634740.81999999, 
        "11": 164268783.43900001, 
        "12": 113494559.648, 
        "13": 161196606.63699999, 
        "14": 163364112.09, 
        "15": 352090031.20200002, 
        "16": 211098199.70899999, 
        "17": 243678224.972, 
        "18": 212076453.435, 
        "19": 194991609.02599999, 
        "20": 202039040.873, 
        "21": 147801256.36300001, 
        "22": 183428676.96000001, 
        "23": 299828254.12800002, 
        "24": 226601989.984, 
        "25": 308189573.96600002, 
        "26": 197010543.03099999, 
        "27": 203463287.39700001, 
        "28": 267968297.338, 
        "29": 262357927.19, 
        "30": 229182001.59400001, 
        "31": 142457584.891, 
        "32": 244015804.18799999, 
        "33": 138601980.35800001, 
        "34": 137407556.67899999, 
        "35": 188345174.604, 
        "36": 159573849.498, 
        "37": 295282001.866, 
        "38": 169357692.787, 
        "39": 160994999.78999999, 
        "40": 139656350.94100001, 
        "41": 216923071.31999999, 
        "42": 186285333.04300001, 
        "43": 145023297.67500001, 
        "44": 114647766.192, 
        "45": 228308851.53799999, 
        "46": 192514135.32800001, 
        "47": 153191903.10499999, 
        "48": 132995956.625, 
        "49": 99128851.907000005, 
        "50": 127225106.06, 
        "51": 238827768.616, 
        "52": 244589272.02399999, 
        "53": 354939126.09100002, 
        "54": 155214094.88699999, 
        "55": 241444928.26300001, 
        "56": 160506008.028, 
        "57": 298159145.30500001, 
        "58": 318562813.33899999, 
        "59": 263176465.57300001, 
        "60": 202935218.359, 
        "61": 136160809.5, 
        "62": 177953383.96399999, 
        "63": 276681680.66500002, 
        "64": 118041076.34199999, 
        "65": 176157341.123, 
        "66": 130107607.45, 
        "67": 147648548.94400001, 
        "68": 129652866.455, 
        "69": 115992391.55500001, 
        "70": 108090545.491, 
        "71": 161261307.58199999, 
        "72": 174528660.248, 
        "73": 168395182.64199999, 
        "74": 198665643.74000001, 
        "75": 225077058.88800001, 
        "76": 109383323.09199999, 
        "77": 310591983.551, 
        "78": 194080676.48300001, 
        "79": 128793486.97400001, 
        "80": 278630815.15799999, 
        "81": 168688650.89700001, 
        "82": 153961101.43099999, 
        "83": 90674449.467999995, 
        "84": 106671534.23999999, 
        "85": 217820457.877, 
        "86": 277768893.78500003, 
        "87": 184756916.685, 
        "88": 229613296.71900001, 
        "89": 241478686.683, 
        "90": 221213498.68200001, 
        "91": 103854379.193, 
        "92": 113828778.44, 
        "93": 109070910.01100001, 
        "94": 210309057.27599999, 
        "95": 347781147.10900003, 
        "96": 192982779.32499999, 
        "97": 121199512.83400001, 
        "98": 111453292.064, 
        "99": 170214442.634
    }, 
    "averaged_NPV": 192482205.27779999
}