{
    "std": 72908897.379936486, 
    "raw_results": {
        "0": 433264154.79299998, 
        "1": 282605178.78899997, 
        "2": 243073525.58000001, 
        "3": 183229096.824, 
        "4": 202525687.25799999, 
        "5": 212578400.02500001, 
        "6": 196191692.12799999, 
        "7": 189107795.21700001, 
        "8": 158399334.39700001, 
        "9": 81664922.300999999, 
        "10": 145249574.59099999, 
        "11": 170402480.836, 
        "12": 115125520.544, 
        "13": 166020520.84999999, 
        "14": 169123338.32800001, 
        "15": 381247123.05699998, 
        "16": 221416256.248, 
        "17": 259222963.824, 
        "18": 220371124.43099999, 
        "19": 207919132.61500001, 
        "20": 215900593.41100001, 
        "21": 154014014.96900001, 
        "22": 195941304.88600001, 
        "23": 320365862.61900002, 
        "24": 237621718.46200001, 
        "25": 332482921.74699998, 
        "26": 210704436.095, 
        "27": 212849068.90799999, 
        "28": 284682720.80199999, 
        "29": 279915812.89899999, 
        "30": 239714827.99200001, 
        "31": 149110267.748, 
        "32": 259061696.042, 
        "33": 141736666.56299999, 
        "34": 139360019.01800001, 
        "35": 199104059.38299999, 
        "36": 168662657.15799999, 
        "37": 315290503.33399999, 
        "38": 174263567.27900001, 
        "39": 167212637.48100001, 
        "40": 146615083.986, 
        "41": 227247024.391, 
        "42": 198486334.34599999, 
        "43": 152073082.02900001, 
        "44": 116705577.352, 
        "45": 239866712.93900001, 
        "46": 199221393.273, 
        "47": 158168821.685, 
        "48": 134681491.52599999, 
        "49": 97390585.356999993, 
        "50": 128040124.20200001, 
        "51": 251155213.56600001, 
        "52": 258520529.45100001, 
        "53": 384092032.81599998, 
        "54": 159670669.43700001, 
        "55": 255048283.09799999, 
        "56": 165398287.523, 
        "57": 319288981.85299999, 
        "58": 338550800.27399999, 
        "59": 279443743.98900002, 
        "60": 211215082.76300001, 
        "61": 138825940.06400001, 
        "62": 186958530.76499999, 
        "63": 292163919.87400001, 
        "64": 120520964.207, 
        "65": 181658635.31400001, 
        "66": 134338042.56600001, 
        "67": 152029627.56, 
        "68": 131236873.778, 
        "69": 115603482.854, 
        "70": 106561139.014, 
        "71": 164726233.456, 
        "72": 184931928.79800001, 
        "73": 173743554.59799999, 
        "74": 214364227.22400001, 
        "75": 236562902.47, 
        "76": 110405263.21699999, 
        "77": 334368057.03299999, 
        "78": 201908072.90099999, 
        "79": 132130307.99600001, 
        "80": 295449987.23500001, 
        "81": 174913233.396, 
        "82": 157971742.64899999, 
        "83": 88789341.253999993, 
        "84": 107208123.972, 
        "85": 226483880.70300001, 
        "86": 294267308.449, 
        "87": 189839757.88299999, 
        "88": 240552771.19299999, 
        "89": 256801257.461, 
        "90": 231653697.94299999, 
        "91": 103548194.226, 
        "92": 115753354.837, 
        "93": 106489959.56999999, 
        "94": 220508373.535, 
        "95": 375800829.13300002, 
        "96": 199007617.752, 
        "97": 123090356.205, 
        "98": 110523972.088, 
        "99": 174382812.96399999
    }, 
    "averaged_NPV": 201636873.11425003
}