{
    "std": 72902806.894571811, 
    "raw_results": {
        "0": 433215276.89600003, 
        "1": 278100981.23500001, 
        "2": 236128805.84200001, 
        "3": 175135927.36300001, 
        "4": 197214422.206, 
        "5": 206271430.73300001, 
        "6": 192551101.51699999, 
        "7": 181486803.347, 
        "8": 150624744.11399999, 
        "9": 77524896.406000003, 
        "10": 141296333.63100001, 
        "11": 166081969.56099999, 
        "12": 110626615.81, 
        "13": 162527905.94299999, 
        "14": 163599293.24399999, 
        "15": 372703139.76999998, 
        "16": 217092390.05700001, 
        "17": 254906658.264, 
        "18": 213019866.27200001, 
        "19": 203508938.961, 
        "20": 205667057.17699999, 
        "21": 146855613.77399999, 
        "22": 191544374.264, 
        "23": 314455869.65499997, 
        "24": 233141203.331, 
        "25": 327339169.88099998, 
        "26": 207162355.18599999, 
        "27": 210087724.683, 
        "28": 280095611.78100002, 
        "29": 276251406.57999998, 
        "30": 235225186.91, 
        "31": 144304560.59599999, 
        "32": 254875452.98800001, 
        "33": 136240563.26300001, 
        "34": 135010442.97799999, 
        "35": 194773838.58500001, 
        "36": 161877525.56400001, 
        "37": 310594177.60600001, 
        "38": 170327023.558, 
        "39": 162294959.09400001, 
        "40": 139638477.76800001, 
        "41": 222817180.89399999, 
        "42": 191797098.678, 
        "43": 146048643.61199999, 
        "44": 111571461.38699999, 
        "45": 235428787.43099999, 
        "46": 195559208.75, 
        "47": 154584948.616, 
        "48": 127623262.24600001, 
        "49": 92898471.868000001, 
        "50": 122844662.32799999, 
        "51": 246710615.17399999, 
        "52": 253691990.65700001, 
        "53": 383252935.40100002, 
        "54": 153206505.20300001, 
        "55": 251076260.26499999, 
        "56": 160652551.91100001, 
        "57": 314633720.46499997, 
        "58": 334573371.764, 
        "59": 272800496.75099999, 
        "60": 207603469.15400001, 
        "61": 133932360.40899999, 
        "62": 180485580.39199999, 
        "63": 287171442.25199997, 
        "64": 115536142.455, 
        "65": 177975143.667, 
        "66": 130496020.654, 
        "67": 148321397.52500001, 
        "68": 124638458.38699999, 
        "69": 112408784.388, 
        "70": 101933749.185, 
        "71": 160553850.86399999, 
        "72": 177631282.25799999, 
        "73": 171260751.11500001, 
        "74": 210248012.55899999, 
        "75": 234000487.00799999, 
        "76": 105712687.42200001, 
        "77": 328861925.222, 
        "78": 197328822.55599999, 
        "79": 127796408.97400001, 
        "80": 290833670.79299998, 
        "81": 171078899.20100001, 
        "82": 153669349.02900001, 
        "83": 84239650.579999998, 
        "84": 102958135.706, 
        "85": 218817560.71700001, 
        "86": 281124478.08999997, 
        "87": 182166531.19499999, 
        "88": 236029832.53600001, 
        "89": 252931793.285, 
        "90": 227101314.71399999, 
        "91": 98855460.862000003, 
        "92": 110355114.851, 
        "93": 103175213.419, 
        "94": 216287021.79499999, 
        "95": 367933563.55699998, 
        "96": 195330446.80199999, 
        "97": 117961317.485, 
        "98": 107544120.21799999, 
        "99": 170155246.39399999
    }, 
    "averaged_NPV": 196655977.67469981
}