{
    "std": 72543580.523497537, 
    "raw_results": {
        "0": 426207536.91799998, 
        "1": 277353657.153, 
        "2": 236418229.00400001, 
        "3": 177697571.64500001, 
        "4": 196508536.31900001, 
        "5": 208464264.02900001, 
        "6": 193468573.25999999, 
        "7": 184009039.24599999, 
        "8": 148275409.04699999, 
        "9": 75812349.450000003, 
        "10": 139347911.31299999, 
        "11": 165129689.77599999, 
        "12": 110127897.787, 
        "13": 160199392.66, 
        "14": 164840611.01100001, 
        "15": 377142598.48799998, 
        "16": 216537249.76300001, 
        "17": 253998196.972, 
        "18": 214243425.55700001, 
        "19": 202918516.861, 
        "20": 209944974.079, 
        "21": 147201516.68000001, 
        "22": 190853539.65000001, 
        "23": 312877696.398, 
        "24": 232179828.623, 
        "25": 324080756.46200001, 
        "26": 206085529.29499999, 
        "27": 208401208.42399999, 
        "28": 279476612.33200002, 
        "29": 272699134.15499997, 
        "30": 234222713.36500001, 
        "31": 143669641.77599999, 
        "32": 253211368.91999999, 
        "33": 136888279.579, 
        "34": 132846049.88, 
        "35": 193869296.588, 
        "36": 163712988.257, 
        "37": 309138469.90799999, 
        "38": 167600784.90700001, 
        "39": 161827132.23300001, 
        "40": 139303626.833, 
        "41": 221762724.18599999, 
        "42": 193640641.29699999, 
        "43": 146055892.33700001, 
        "44": 111798004.08499999, 
        "45": 234786499.928, 
        "46": 197151203.079, 
        "47": 153226776.25799999, 
        "48": 127887112.36, 
        "49": 91751225.266000003, 
        "50": 121792931.118, 
        "51": 245922484.74599999, 
        "52": 252761276.73500001, 
        "53": 381917087.199, 
        "54": 154525689.31900001, 
        "55": 249642987.59599999, 
        "56": 160179362.266, 
        "57": 313061726.65799999, 
        "58": 330703380.296, 
        "59": 271666550.06599998, 
        "60": 205646678.542, 
        "61": 133576431.18700001, 
        "62": 181506221.37900001, 
        "63": 286683662.59500003, 
        "64": 116757567.185, 
        "65": 175843914.257, 
        "66": 129962464.154, 
        "67": 146172314.03099999, 
        "68": 123778663.09900001, 
        "69": 111907151.98100001, 
        "70": 101392401.50300001, 
        "71": 159689438.18399999, 
        "72": 180227070.20199999, 
        "73": 171709506.95300001, 
        "74": 208309410.05199999, 
        "75": 232018611.912, 
        "76": 104332447.92299999, 
        "77": 325867916.66399997, 
        "78": 196427599.84099999, 
        "79": 127013694.337, 
        "80": 290358652.245, 
        "81": 169635132.081, 
        "82": 152148422.21900001, 
        "83": 82593136.040999994, 
        "84": 102216765.245, 
        "85": 220726261.20500001, 
        "86": 285200015.676, 
        "87": 184138108.82499999, 
        "88": 235527255.417, 
        "89": 250570923.94999999, 
        "90": 226407342.27700001, 
        "91": 98143927.653999999, 
        "92": 110224695.86499999, 
        "93": 101413213.522, 
        "94": 215423580.042, 
        "95": 364546304.98000002, 
        "96": 195972000.03799999, 
        "97": 118793412.337, 
        "98": 106950126.37199999, 
        "99": 168882641.86500001
    }, 
    "averaged_NPV": 196077204.43235007
}