{
    "std": 72660095.735592231, 
    "raw_results": {
        "0": 427024287.65100002, 
        "1": 281064866.21799999, 
        "2": 241211621.55000001, 
        "3": 181511299.289, 
        "4": 200769234.47099999, 
        "5": 211309854.60600001, 
        "6": 193636188.02900001, 
        "7": 187288613.67399999, 
        "8": 156197742.336, 
        "9": 79491333.066, 
        "10": 143577142.54699999, 
        "11": 168839258.42399999, 
        "12": 113702345.215, 
        "13": 164286588.97600001, 
        "14": 167866109.76300001, 
        "15": 377809101.19599998, 
        "16": 219868035.36399999, 
        "17": 257743194.49399999, 
        "18": 218588305.484, 
        "19": 206387885.95899999, 
        "20": 214464173.38800001, 
        "21": 152266151.155, 
        "22": 194268627.986, 
        "23": 318639169.28799999, 
        "24": 235868277.25099999, 
        "25": 330736579.52899998, 
        "26": 209387055.03, 
        "27": 211679932.65200001, 
        "28": 283284821.29299998, 
        "29": 278683547.801, 
        "30": 238179678.097, 
        "31": 147884693.859, 
        "32": 257487789.75400001, 
        "33": 140322764.273, 
        "34": 138038199.86500001, 
        "35": 197676782.53099999, 
        "36": 166824210.065, 
        "37": 313583593.53200001, 
        "38": 172152107.54899999, 
        "39": 165452032.22600001, 
        "40": 142741789.706, 
        "41": 225528199.086, 
        "42": 196191065.595, 
        "43": 150163006.31999999, 
        "44": 115994591.545, 
        "45": 238278876.493, 
        "46": 197776648.76100001, 
        "47": 156312552.16600001, 
        "48": 133509550.63699999, 
        "49": 96071460.226999998, 
        "50": 126679763.638, 
        "51": 249741464.29800001, 
        "52": 256858409.45500001, 
        "53": 380468855.09899998, 
        "54": 158081935.62400001, 
        "55": 253870900.727, 
        "56": 164052531.736, 
        "57": 318077774.463, 
        "58": 337685114.33600003, 
        "59": 277673191.28100002, 
        "60": 209423170.31400001, 
        "61": 137652098.07300001, 
        "62": 184993322.26499999, 
        "63": 290836473.32999998, 
        "64": 119473934.005, 
        "65": 180037262.20199999, 
        "66": 133024364.236, 
        "67": 150521235.05599999, 
        "68": 128820690.395, 
        "69": 114003943.264, 
        "70": 103673039.848, 
        "71": 163413280.84, 
        "72": 183416361.13699999, 
        "73": 175349972.83500001, 
        "74": 212949443.65599999, 
        "75": 235332112.33500001, 
        "76": 108790678.683, 
        "77": 331585892.31800002, 
        "78": 200288349.051, 
        "79": 130547714.447, 
        "80": 294227449.13, 
        "81": 173345172.88600001, 
        "82": 156639838.25799999, 
        "83": 86607947.291999996, 
        "84": 105808928.89399999, 
        "85": 224999825.37200001, 
        "86": 291705674.01499999, 
        "87": 188255458.60800001, 
        "88": 239067187.94999999, 
        "89": 255835338.62599999, 
        "90": 230060464.56600001, 
        "91": 102545125.649, 
        "92": 114176330.029, 
        "93": 105730727.29799999, 
        "94": 219189492.38299999, 
        "95": 374117048.89200002, 
        "96": 196845320.48899999, 
        "97": 121418398.038, 
        "98": 109519162.80400001, 
        "99": 172630882.31900001
    }, 
    "averaged_NPV": 199976699.88416988
}