{
    "std": 72424615.70524551, 
    "raw_results": {
        "0": 423292034.014, 
        "1": 280370463.93199998, 
        "2": 240359703.40000001, 
        "3": 181118167.65099999, 
        "4": 203102260.13999999, 
        "5": 211223886.778, 
        "6": 196551872.40000001, 
        "7": 186163253.40900001, 
        "8": 154768721.39899999, 
        "9": 79211501.776999995, 
        "10": 144248643.75999999, 
        "11": 168620419.917, 
        "12": 112968849.388, 
        "13": 165825446.32699999, 
        "14": 167297653.586, 
        "15": 377319129.509, 
        "16": 219435320.384, 
        "17": 256960178.79100001, 
        "18": 217338883.11000001, 
        "19": 206097580.70300001, 
        "20": 213306764.89500001, 
        "21": 149851271.61500001, 
        "22": 193770014.54899999, 
        "23": 318358433.236, 
        "24": 235473672.34999999, 
        "25": 330405831.89200002, 
        "26": 209362681.33700001, 
        "27": 211426272.72, 
        "28": 282870371.03799999, 
        "29": 278243445.514, 
        "30": 237950545.09, 
        "31": 146000892.23699999, 
        "32": 256816115.873, 
        "33": 139816760.12, 
        "34": 136178088.08000001, 
        "35": 197580128.07300001, 
        "36": 166619820.57600001, 
        "37": 313015305.83600003, 
        "38": 173562917.539, 
        "39": 164838654.33000001, 
        "40": 143118776.361, 
        "41": 224601945.11000001, 
        "42": 196327072.12400001, 
        "43": 151714888.37799999, 
        "44": 113746442.94400001, 
        "45": 237559528.72099999, 
        "46": 200737427.64399999, 
        "47": 156474909.912, 
        "48": 130649888.587, 
        "49": 95616808.292999998, 
        "50": 125297234.432, 
        "51": 249325827.40900001, 
        "52": 256000645.38, 
        "53": 376865303.20700002, 
        "54": 157638234.162, 
        "55": 253872643.958, 
        "56": 163380204.45199999, 
        "57": 317512519.11799997, 
        "58": 337593232.14999998, 
        "59": 277260761.39099997, 
        "60": 209037613.68900001, 
        "61": 136811630.57300001, 
        "62": 184857246.648, 
        "63": 290358484.02600002, 
        "64": 119160678.199, 
        "65": 179504180.91299999, 
        "66": 132720476.199, 
        "67": 151703006.39399999, 
        "68": 128777249.92, 
        "69": 114235456.97, 
        "70": 103021679.119, 
        "71": 162258142.25299999, 
        "72": 183351543.49700001, 
        "73": 175483699.05700001, 
        "74": 212650926.35699999, 
        "75": 235147566.28999999, 
        "76": 108704646.973, 
        "77": 330823432.38599998, 
        "78": 200022138.081, 
        "79": 131729284.175, 
        "80": 294025855.19400001, 
        "81": 172861583.09, 
        "82": 156555630.57600001, 
        "83": 86035934.266000003, 
        "84": 105987223.89300001, 
        "85": 224496435.49000001, 
        "86": 291501480.85100001, 
        "87": 186641796.46900001, 
        "88": 238341507.35800001, 
        "89": 255388463.866, 
        "90": 229276360.972, 
        "91": 102371040.469, 
        "92": 112219165.45299999, 
        "93": 104467610.24600001, 
        "94": 218820239.00600001, 
        "95": 370574464.07599998, 
        "96": 200314083.91600001, 
        "97": 121032671.8, 
        "98": 109195642.403, 
        "99": 172128720.35499999
    }, 
    "averaged_NPV": 199556112.42476001
}