{
    "std": 73329234.148017287, 
    "raw_results": {
        "0": 428792975.09500003, 
        "1": 276953554.61699998, 
        "2": 234868398.403, 
        "3": 174281798.639, 
        "4": 196618182.34200001, 
        "5": 205687222.021, 
        "6": 191596643.491, 
        "7": 180632170.56799999, 
        "8": 149516802.264, 
        "9": 75791846.137999997, 
        "10": 140134256.685, 
        "11": 164751524.98300001, 
        "12": 109324089.98, 
        "13": 158472445.222, 
        "14": 162808023.162, 
        "15": 379634527.18900001, 
        "16": 216136703.68599999, 
        "17": 253401718.88999999, 
        "18": 211976962.88, 
        "19": 202445334.93599999, 
        "20": 204703438.68099999, 
        "21": 145830764.47499999, 
        "22": 190459572.55599999, 
        "23": 313751738.79900002, 
        "24": 231616773.646, 
        "25": 325572446.54299998, 
        "26": 205741963.97600001, 
        "27": 209315959.82800001, 
        "28": 278398926.44599998, 
        "29": 274954522.87599999, 
        "30": 234432503.727, 
        "31": 143440409.68200001, 
        "32": 253831401.57800001, 
        "33": 135636239.55000001, 
        "34": 132633478.23, 
        "35": 190165781.632, 
        "36": 160835470.169, 
        "37": 309419008.10100001, 
        "38": 169351421.942, 
        "39": 161365488.21200001, 
        "40": 139047600.69, 
        "41": 221460702.60100001, 
        "42": 190915834.21700001, 
        "43": 145270105.00999999, 
        "44": 110360264.638, 
        "45": 234186487.73100001, 
        "46": 194412612.646, 
        "47": 153773124.70500001, 
        "48": 126917894.406, 
        "49": 90889290.775000006, 
        "50": 121984667.367, 
        "51": 245344624.669, 
        "52": 252195537.41, 
        "53": 383119748.00999999, 
        "54": 151703252.933, 
        "55": 250178448.39500001, 
        "56": 158119246.59999999, 
        "57": 312790616.162, 
        "58": 331098094.90200001, 
        "59": 271711463.80599999, 
        "60": 203490381.96799999, 
        "61": 133103109.29000001, 
        "62": 180261246.697, 
        "63": 285812959.926, 
        "64": 114753215.79799999, 
        "65": 176931109.787, 
        "66": 129722966.62800001, 
        "67": 147168810.083, 
        "68": 123341867.65800001, 
        "69": 110053991.794, 
        "70": 98827357.865999997, 
        "71": 159867566.69100001, 
        "72": 177748051.553, 
        "73": 170437335.285, 
        "74": 209439152.62900001, 
        "75": 227562022.62400001, 
        "76": 104666090.733, 
        "77": 326095100.574, 
        "78": 195800842.22, 
        "79": 126800588.01100001, 
        "80": 289705026.45099998, 
        "81": 170581203.715, 
        "82": 152514455.91100001, 
        "83": 82457696.449000001, 
        "84": 101958417.726, 
        "85": 217924812.90200001, 
        "86": 289608367.86299998, 
        "87": 181182017.83399999, 
        "88": 234847165.64899999, 
        "89": 252277866.82699999, 
        "90": 225789771.583, 
        "91": 98141488.356999993, 
        "92": 109993600.448, 
        "93": 100498923.531, 
        "94": 215290894.59599999, 
        "95": 376930857.73199999, 
        "96": 194488774.12799999, 
        "97": 117304361.668, 
        "98": 105124550.29899999, 
        "99": 169346846.38499999
    }, 
    "averaged_NPV": 195586129.77382001
}