{
    "std": 72488658.612270921, 
    "raw_results": {
        "0": 421974146.93800002, 
        "1": 279619818.07800001, 
        "2": 236934120.85699999, 
        "3": 176235063.83500001, 
        "4": 198421208.28, 
        "5": 210371150.21900001, 
        "6": 193527440.178, 
        "7": 182459690.71000001, 
        "8": 151357831.09599999, 
        "9": 78472542.902999997, 
        "10": 141906469.86500001, 
        "11": 166695519.43099999, 
        "12": 111908640.384, 
        "13": 163635139.389, 
        "14": 164696092.59, 
        "15": 376189860.403, 
        "16": 218375706.96399999, 
        "17": 256172613.44400001, 
        "18": 213462910.11500001, 
        "19": 204502460.37200001, 
        "20": 207304706.74000001, 
        "21": 148117417.692, 
        "22": 192684099.67300001, 
        "23": 316456553.53299999, 
        "24": 234301212.38100001, 
        "25": 329333443.17799997, 
        "26": 208048711.82600001, 
        "27": 209825955.95899999, 
        "28": 281533597.14600003, 
        "29": 277127877.98299998, 
        "30": 236503722.50299999, 
        "31": 144177317.66499999, 
        "32": 256033163.44999999, 
        "33": 136755750.542, 
        "34": 136049282.55899999, 
        "35": 195743287.581, 
        "36": 161765818.82699999, 
        "37": 312056752.296, 
        "38": 171583860.465, 
        "39": 163233359.11700001, 
        "40": 141783378.96900001, 
        "41": 224075790.09900001, 
        "42": 192586769.23800001, 
        "43": 146979395.007, 
        "44": 112085870.627, 
        "45": 236942569.66499999, 
        "46": 196709821.016, 
        "47": 154877028.97, 
        "48": 131026736.918, 
        "49": 93603163.331, 
        "50": 123819279.774, 
        "51": 248131527.08700001, 
        "52": 255349093.396, 
        "53": 375214206.58399999, 
        "54": 156876943.22999999, 
        "55": 252122018.16600001, 
        "56": 161829259.54800001, 
        "57": 316637938.06900001, 
        "58": 335615211.76700002, 
        "59": 276009534.59399998, 
        "60": 206073528.537, 
        "61": 134320471.86000001, 
        "62": 180552665.47, 
        "63": 288885358.06599998, 
        "64": 118645882.073, 
        "65": 178374029.78299999, 
        "66": 131511168.417, 
        "67": 149401116.28099999, 
        "68": 125462854.97400001, 
        "69": 113262072.51100001, 
        "70": 102312465.905, 
        "71": 161648370.49700001, 
        "72": 182096666.01100001, 
        "73": 172408989.373, 
        "74": 211363616.854, 
        "75": 235293718.47299999, 
        "76": 106843964.49699999, 
        "77": 330453394.366, 
        "78": 198412223.037, 
        "79": 128649287.7, 
        "80": 292149425.22399998, 
        "81": 172161846.21900001, 
        "82": 154848600.67399999, 
        "83": 84829666.340000004, 
        "84": 104424274.68700001, 
        "85": 223303163.292, 
        "86": 283158762.54100001, 
        "87": 182608880.54499999, 
        "88": 237635139.46599999, 
        "89": 254513464.69400001, 
        "90": 228468549.13499999, 
        "91": 99454555.423999995, 
        "92": 111431118.016, 
        "93": 104125489.56999999, 
        "94": 217503429.42199999, 
        "95": 369823536.65600002, 
        "96": 196378629.48800001, 
        "97": 121770424.24699999, 
        "98": 108185796.553, 
        "99": 171153588.963
    }, 
    "averaged_NPV": 197717300.39062995
}