{
    "std": 72372876.424907595, 
    "raw_results": {
        "0": 421765155.38300002, 
        "1": 278818909.935, 
        "2": 236507565.315, 
        "3": 180308108.71399999, 
        "4": 198189398.76899999, 
        "5": 209738376.73800001, 
        "6": 193873997.84799999, 
        "7": 185421106.345, 
        "8": 151571339.847, 
        "9": 78271280.149000004, 
        "10": 141886012.26800001, 
        "11": 166812165.69600001, 
        "12": 111889758.992, 
        "13": 163060617.11199999, 
        "14": 166360692.463, 
        "15": 375833329.22100002, 
        "16": 217928761.046, 
        "17": 255610669.641, 
        "18": 212906932.85600001, 
        "19": 204254385.41499999, 
        "20": 207460861.84099999, 
        "21": 148200738.02900001, 
        "22": 192320184.79300001, 
        "23": 316354261.58600003, 
        "24": 233478365.27399999, 
        "25": 328835573.41399997, 
        "26": 207300853.292, 
        "27": 209710180.82600001, 
        "28": 281141702.99400002, 
        "29": 276739376.11400002, 
        "30": 236301557.727, 
        "31": 144124288.78600001, 
        "32": 255403218.586, 
        "33": 136898073.25400001, 
        "34": 136125955.39700001, 
        "35": 195527940.69100001, 
        "36": 161859121.82100001, 
        "37": 311590351.89700001, 
        "38": 171673590.76499999, 
        "39": 163522959.287, 
        "40": 141604669.479, 
        "41": 223516805.26499999, 
        "42": 192489103.34299999, 
        "43": 147090065.27000001, 
        "44": 111459704.39300001, 
        "45": 236287539.61399999, 
        "46": 196563600.75799999, 
        "47": 155064778.10800001, 
        "48": 131026081.354, 
        "49": 93423802.540999994, 
        "50": 123503213.973, 
        "51": 247618206.803, 
        "52": 254448118.25, 
        "53": 374956082.35000002, 
        "54": 156805316.61300001, 
        "55": 252102474.56200001, 
        "56": 162026991.68000001, 
        "57": 315893434.00700003, 
        "58": 335643060.78799999, 
        "59": 275876612.72799999, 
        "60": 208118386.46700001, 
        "61": 134211233.634, 
        "62": 179976181.34, 
        "63": 288495732.86699998, 
        "64": 118451523.09299999, 
        "65": 178737423.289, 
        "66": 131604771.623, 
        "67": 149547757.185, 
        "68": 125654760.391, 
        "69": 112938225.34299999, 
        "70": 102324933.332, 
        "71": 161726079.00999999, 
        "72": 181669968.667, 
        "73": 172619407.88600001, 
        "74": 211284057.03299999, 
        "75": 233775352.662, 
        "76": 106716921.831, 
        "77": 329637843.70700002, 
        "78": 198500975.692, 
        "79": 128691537.705, 
        "80": 291910074.06400001, 
        "81": 171555030.79300001, 
        "82": 154624818.10800001, 
        "83": 84805367.003999993, 
        "84": 104465732.896, 
        "85": 223057695.20100001, 
        "86": 283156425.95899999, 
        "87": 182143339.89199999, 
        "88": 237021672.86300001, 
        "89": 253966036.31900001, 
        "90": 227861923.70699999, 
        "91": 99567921.686000004, 
        "92": 111574157.06200001, 
        "93": 103555156.278, 
        "94": 217168289.308, 
        "95": 369474511.463, 
        "96": 196246109.347, 
        "97": 118246853.653, 
        "98": 108077435.87899999, 
        "99": 170999297.13699999
    }, 
    "averaged_NPV": 197571383.03382003
}