{
    "std": 72653909.737785175, 
    "raw_results": {
        "0": 426522649.21899998, 
        "1": 281835385.59299999, 
        "2": 240052709.08700001, 
        "3": 182647556.14199999, 
        "4": 201239072.71700001, 
        "5": 212884963.16800001, 
        "6": 196548000.63600001, 
        "7": 184960294.164, 
        "8": 154264734.82100001, 
        "9": 80519365.890000001, 
        "10": 144868391.65900001, 
        "11": 169854114.36500001, 
        "12": 114204688.56, 
        "13": 165872725.07499999, 
        "14": 169077513.58700001, 
        "15": 380133674.33999997, 
        "16": 220665398.82800001, 
        "17": 258391998.30199999, 
        "18": 216868938.96399999, 
        "19": 206863603.18700001, 
        "20": 210132036.31299999, 
        "21": 150784174.92300001, 
        "22": 195201580.435, 
        "23": 319754200.59100002, 
        "24": 236784876.509, 
        "25": 331917094.22500002, 
        "26": 210522972.956, 
        "27": 212923266.56299999, 
        "28": 283893275.35600001, 
        "29": 279252800.55000001, 
        "30": 239044637.493, 
        "31": 146645891.09299999, 
        "32": 258215594.26100001, 
        "33": 142014505.87599999, 
        "34": 137244501.93099999, 
        "35": 198800230.46599999, 
        "36": 164629017.301, 
        "37": 314343166.10799998, 
        "38": 174632111.52700001, 
        "39": 165948600.926, 
        "40": 144419973.539, 
        "41": 226281811.567, 
        "42": 195375794.66999999, 
        "43": 149572459.75099999, 
        "44": 113788245.90899999, 
        "45": 239035688.375, 
        "46": 199673005.72400001, 
        "47": 157340329.46799999, 
        "48": 132049842.24699999, 
        "49": 96241856.204999998, 
        "50": 126158732.161, 
        "51": 250505948.48300001, 
        "52": 257551978.23699999, 
        "53": 379429378.97600001, 
        "54": 159673879.64500001, 
        "55": 254242124.29800001, 
        "56": 164704508.84900001, 
        "57": 318646287.58099997, 
        "58": 337998170.39300001, 
        "59": 278792878.02999997, 
        "60": 208492612.616, 
        "61": 136552687.29300001, 
        "62": 184549824.38699999, 
        "63": 291337955.27200001, 
        "64": 121077447.48800001, 
        "65": 181407613.96799999, 
        "66": 134099840.869, 
        "67": 151217649.02500001, 
        "68": 128209893.65099999, 
        "69": 116014183.97499999, 
        "70": 104309223.454, 
        "71": 164384837.41600001, 
        "72": 184806474.48199999, 
        "73": 175172440.96700001, 
        "74": 213547734.60299999, 
        "75": 237459271.55500001, 
        "76": 108959125.911, 
        "77": 333475779.07700002, 
        "78": 201222501.61899999, 
        "79": 131300531.973, 
        "80": 294715307.65100002, 
        "81": 174905388.16600001, 
        "82": 157016224.10100001, 
        "83": 87059630.463, 
        "84": 106355187.111, 
        "85": 222372558.56600001, 
        "86": 285650848.255, 
        "87": 184709255.85800001, 
        "88": 239725605.10699999, 
        "89": 256294499.854, 
        "90": 230734244.521, 
        "91": 102117716.152, 
        "92": 113355595.998, 
        "93": 105292084.015, 
        "94": 219741242.963, 
        "95": 372323796.21200001, 
        "96": 199468372.90400001, 
        "97": 121607846.78300001, 
        "98": 110634266.48199999, 
        "99": 174192970.31200001
    }, 
    "averaged_NPV": 200283134.78890002
}