{
    "std": 72842271.108134151, 
    "raw_results": {
        "0": 431400600.37800002, 
        "1": 282754778.486, 
        "2": 240538441.66299999, 
        "3": 179631658.60499999, 
        "4": 202235257.553, 
        "5": 212745244.66800001, 
        "6": 196908318.27700001, 
        "7": 189295113.539, 
        "8": 154329463.41999999, 
        "9": 81448990.915000007, 
        "10": 145704631.627, 
        "11": 170407953.47400001, 
        "12": 115100666.882, 
        "13": 166724707.49700001, 
        "14": 169602632.23199999, 
        "15": 380822985.34200001, 
        "16": 221454353.24000001, 
        "17": 259343080.25099999, 
        "18": 220945531.333, 
        "19": 207887207.77200001, 
        "20": 216164776.03, 
        "21": 151867667.77200001, 
        "22": 195893481.17500001, 
        "23": 320456642.13, 
        "24": 237473079.54499999, 
        "25": 332638319.09799999, 
        "26": 210848744.208, 
        "27": 212994505.60100001, 
        "28": 284842027.74599999, 
        "29": 280075433.699, 
        "30": 240242701.83199999, 
        "31": 151222135.539, 
        "32": 259131119.62900001, 
        "33": 142774735.058, 
        "34": 138121440.81, 
        "35": 199195840.005, 
        "36": 165432124.14700001, 
        "37": 315464392.62, 
        "38": 175662533.05899999, 
        "39": 166921572.77900001, 
        "40": 144206025.63, 
        "41": 227330740.95899999, 
        "42": 195538652.021, 
        "43": 153074864.963, 
        "44": 117251471.729, 
        "45": 239958120.51300001, 
        "46": 199843547.208, 
        "47": 158201722.338, 
        "48": 135584937.26899999, 
        "49": 98289957.906000003, 
        "50": 126847927.178, 
        "51": 251524780.5, 
        "52": 258681858.25299999, 
        "53": 382711510.23400003, 
        "54": 159866327.51499999, 
        "55": 255160586.58700001, 
        "56": 165455937.94, 
        "57": 319521410.83600003, 
        "58": 338607019.91299999, 
        "59": 279519225.926, 
        "60": 211947922.079, 
        "61": 139608353.65700001, 
        "62": 183748391.521, 
        "63": 292389466.884, 
        "64": 121453335.505, 
        "65": 182836204.69, 
        "66": 134848494.005, 
        "67": 152253549.685, 
        "68": 131874424.902, 
        "69": 116145635.729, 
        "70": 105172553.67200001, 
        "71": 164917417.965, 
        "72": 184977870.838, 
        "73": 175887377.102, 
        "74": 214382380.53299999, 
        "75": 237072852.95899999, 
        "76": 109614775.21799999, 
        "77": 334537802.69999999, 
        "78": 202183967.84599999, 
        "79": 132167765.337, 
        "80": 295596517.24400002, 
        "81": 175023064.67899999, 
        "82": 158070226.88800001, 
        "83": 89027741.067000002, 
        "84": 107721720.631, 
        "85": 226623957.68900001, 
        "86": 296677856.64099997, 
        "87": 185476561.74399999, 
        "88": 240636324.95100001, 
        "89": 256971005.91100001, 
        "90": 231747048.79699999, 
        "91": 103876104.59900001, 
        "92": 114494375.964, 
        "93": 107884539.79000001, 
        "94": 220522560.78, 
        "95": 375675798.07099998, 
        "96": 200432874.07800001, 
        "97": 125380462.20299999, 
        "98": 111383267.53200001, 
        "99": 174557557.88100001
    }, 
    "averaged_NPV": 201596816.25020993
}