{
    "std": 72417541.082350001, 
    "raw_results": {
        "0": 423584193.72399998, 
        "1": 281110347.44499999, 
        "2": 241922634.54300001, 
        "3": 181750793.55500001, 
        "4": 200671235.58399999, 
        "5": 211294553.088, 
        "6": 195083581.73699999, 
        "7": 187619271.11899999, 
        "8": 152241344.98899999, 
        "9": 79457790.637999997, 
        "10": 143686603.95699999, 
        "11": 168857817.07499999, 
        "12": 113545539.027, 
        "13": 164370894.993, 
        "14": 167825122.98699999, 
        "15": 377858872.54699999, 
        "16": 219825660.565, 
        "17": 257657935.26199999, 
        "18": 214694165.62599999, 
        "19": 206301537.803, 
        "20": 214894015.748, 
        "21": 150331457.625, 
        "22": 194227054.926, 
        "23": 318693490.33999997, 
        "24": 235838852.86399999, 
        "25": 330845574.58899999, 
        "26": 209372090.088, 
        "27": 211696764.15200001, 
        "28": 283326728.80000001, 
        "29": 278843270.98400003, 
        "30": 238292001.192, 
        "31": 148790865.57300001, 
        "32": 257450374.083, 
        "33": 141114870.63699999, 
        "34": 138025018.463, 
        "35": 197741257.926, 
        "36": 167043578.301, 
        "37": 313655872.14999998, 
        "38": 173207655.71700001, 
        "39": 165546103.715, 
        "40": 142674645.96799999, 
        "41": 225392343.97499999, 
        "42": 197712723.55000001, 
        "43": 150769163.70500001, 
        "44": 116225527.19400001, 
        "45": 238162656.44, 
        "46": 197680702.64300001, 
        "47": 156443451.55000001, 
        "48": 133575548.18700001, 
        "49": 96306879.730000004, 
        "50": 126611538.058, 
        "51": 249709208.50099999, 
        "52": 256769685.53299999, 
        "53": 376854308.75400001, 
        "54": 158338659.77000001, 
        "55": 254013901.80199999, 
        "56": 163967273.164, 
        "57": 318255612.55199999, 
        "58": 337745976.80900002, 
        "59": 277699588.80400002, 
        "60": 209448549.211, 
        "61": 137623686.20500001, 
        "62": 181624859.00400001, 
        "63": 291008109.61400002, 
        "64": 120080975.221, 
        "65": 180502491.02399999, 
        "66": 133288961.37100001, 
        "67": 150661062.23899999, 
        "68": 129946611.34, 
        "69": 114622436.758, 
        "70": 103792535.59100001, 
        "71": 163620087.62599999, 
        "72": 183480925.764, 
        "73": 172536705.729, 
        "74": 212962546.706, 
        "75": 235325284.368, 
        "76": 109100223.064, 
        "77": 331732881.63300002, 
        "78": 200355171.73199999, 
        "79": 130806883.566, 
        "80": 294330230.51300001, 
        "81": 173225895.331, 
        "82": 156555917.76699999, 
        "83": 86628602.900000006, 
        "84": 106326780.16599999, 
        "85": 224845065.41600001, 
        "86": 293706601.44499999, 
        "87": 189763039.48699999, 
        "88": 238954829.285, 
        "89": 255893047.368, 
        "90": 229962030.58700001, 
        "91": 102451818.54000001, 
        "92": 112486524.29700001, 
        "93": 105679809.70100001, 
        "94": 219047549.88499999, 
        "95": 371132664.15499997, 
        "96": 197554800.19100001, 
        "97": 122276697.634, 
        "98": 109679647.682, 
        "99": 172808182.59400001
    }, 
    "averaged_NPV": 199890369.13536
}