{
    "std": 72760443.232100829, 
    "raw_results": {
        "0": 434178971.11900002, 
        "1": 283272610.70599997, 
        "2": 244364874.55399999, 
        "3": 183778851.89399999, 
        "4": 203213855.99700001, 
        "5": 213425862.65799999, 
        "6": 197586022.146, 
        "7": 190085545.516, 
        "8": 158760225.91299999, 
        "9": 82551595.255999997, 
        "10": 146188622.30399999, 
        "11": 171303810.35800001, 
        "12": 116063889.522, 
        "13": 167022050.57100001, 
        "14": 169843909.70699999, 
        "15": 381868340.54799998, 
        "16": 221901969.31400001, 
        "17": 259608785.08700001, 
        "18": 217075239.06999999, 
        "19": 208538379.39500001, 
        "20": 217120603.52000001, 
        "21": 155304770.535, 
        "22": 196397141.17899999, 
        "23": 321328811.27200001, 
        "24": 238224740.76199999, 
        "25": 333442236.12, 
        "26": 211710364.15099999, 
        "27": 213803689.60499999, 
        "28": 285489587.45499998, 
        "29": 280477846.64200002, 
        "30": 240508462.98100001, 
        "31": 151050656.56, 
        "32": 259571385.25400001, 
        "33": 143272390.618, 
        "34": 139967941.89500001, 
        "35": 200088049.352, 
        "36": 169410804.31, 
        "37": 315940952.537, 
        "38": 175739025.57600001, 
        "39": 167747698.67399999, 
        "40": 148051636.26199999, 
        "41": 227566185.866, 
        "42": 200008229.891, 
        "43": 153516342.919, 
        "44": 118249202.096, 
        "45": 240290607.89899999, 
        "46": 200229822.0, 
        "47": 158496815.76300001, 
        "48": 135668119.33899999, 
        "49": 98617401.092999995, 
        "50": 128993593.436, 
        "51": 251826832.48100001, 
        "52": 258915375.264, 
        "53": 385123060.36400002, 
        "54": 160489468.70699999, 
        "55": 255790812.50600001, 
        "56": 166105329.384, 
        "57": 320062153.15700001, 
        "58": 339606828.23799998, 
        "59": 279937307.755, 
        "60": 212497766.46900001, 
        "61": 139806114.21900001, 
        "62": 184263358.69600001, 
        "63": 293063116.19099998, 
        "64": 122075658.706, 
        "65": 183621389.877, 
        "66": 135099226.74700001, 
        "67": 153028717.74000001, 
        "68": 132488369.64, 
        "69": 118496952.153, 
        "70": 107469672.0, 
        "71": 165690953.65599999, 
        "72": 185610970.60100001, 
        "73": 175066953.69999999, 
        "74": 214748068.01699999, 
        "75": 237420882.14399999, 
        "76": 111479585.19, 
        "77": 334995101.21899998, 
        "78": 202556907.998, 
        "79": 132986708.104, 
        "80": 296542128.03799999, 
        "81": 175719186.78600001, 
        "82": 158609626.16600001, 
        "83": 90014080.541999996, 
        "84": 108381304.235, 
        "85": 226985569.75, 
        "86": 296424313.68099999, 
        "87": 191854797.68599999, 
        "88": 241017638.25099999, 
        "89": 257590874.50099999, 
        "90": 232035095.23199999, 
        "91": 104457463.013, 
        "92": 116804200.116, 
        "93": 107550903.624, 
        "94": 221067961.007, 
        "95": 376470391.08399999, 
        "96": 200576173.06900001, 
        "97": 124587750.82600001, 
        "98": 113715086.67299999, 
        "99": 175300938.93099999
    }, 
    "averaged_NPV": 202529476.51331005
}