{
    "std": 72658515.978728503, 
    "raw_results": {
        "0": 426409722.98500001, 
        "1": 277990963.85799998, 
        "2": 236977390.20199999, 
        "3": 178210025.99900001, 
        "4": 196772413.31, 
        "5": 208370446.86700001, 
        "6": 191204850.854, 
        "7": 180867567.72499999, 
        "8": 149115074.67500001, 
        "9": 77256621.173999995, 
        "10": 140215836.26800001, 
        "11": 165350152.74599999, 
        "12": 110601617.825, 
        "13": 160850856.48300001, 
        "14": 165157534.32100001, 
        "15": 377431750.02999997, 
        "16": 216855296.403, 
        "17": 254315003.95699999, 
        "18": 210790470.896, 
        "19": 202981860.949, 
        "20": 210811380.21200001, 
        "21": 146896319.55899999, 
        "22": 191249081.729, 
        "23": 313138402.49800003, 
        "24": 232327554.45199999, 
        "25": 324512050.33499998, 
        "26": 206065451.778, 
        "27": 208482779.32800001, 
        "28": 279978267.20099998, 
        "29": 273113111.29500002, 
        "30": 234554895.64300001, 
        "31": 142710874.33500001, 
        "32": 253632603.27900001, 
        "33": 137429206.977, 
        "34": 133183144.32099999, 
        "35": 193905516.55599999, 
        "36": 160682399.47099999, 
        "37": 309354274.417, 
        "38": 169594649.84400001, 
        "39": 162195386.308, 
        "40": 139840318.68099999, 
        "41": 222347845.52500001, 
        "42": 191412211.94400001, 
        "43": 147711385.05399999, 
        "44": 110280565.296, 
        "45": 235291523.315, 
        "46": 193807888.08700001, 
        "47": 153259658.664, 
        "48": 127157506.024, 
        "49": 92742684.099000007, 
        "50": 121670699.884, 
        "51": 246324232.47099999, 
        "52": 253155250.96399999, 
        "53": 382250838.97100002, 
        "54": 154929962.167, 
        "55": 249867099.47400001, 
        "56": 160628889.31900001, 
        "57": 313869883.68300003, 
        "58": 330855649.67199999, 
        "59": 271965683.23799998, 
        "60": 206097033.285, 
        "61": 132450015.589, 
        "62": 178230129.97400001, 
        "63": 287241879.76300001, 
        "64": 116855216.473, 
        "65": 176765275.55399999, 
        "66": 130251234.83400001, 
        "67": 147597535.76699999, 
        "68": 124660279.90899999, 
        "69": 111552341.833, 
        "70": 100781445.92900001, 
        "71": 160249489.40700001, 
        "72": 180197051.12099999, 
        "73": 168724720.09299999, 
        "74": 208502610.93799999, 
        "75": 232074306.62400001, 
        "76": 105223550.851, 
        "77": 326498450.25, 
        "78": 196649860.89700001, 
        "79": 127762249.09100001, 
        "80": 290861110.79799998, 
        "81": 169836198.398, 
        "82": 153601703.45300001, 
        "83": 83730773.209000006, 
        "84": 102622051.34299999, 
        "85": 220849792.917, 
        "86": 288191535.07599998, 
        "87": 180398772.16800001, 
        "88": 236063984.52200001, 
        "89": 251102325.18099999, 
        "90": 226776799.12400001, 
        "91": 98162357.277999997, 
        "92": 109653404.954, 
        "93": 102105625.007, 
        "94": 215442535.789, 
        "95": 364676470.23699999, 
        "96": 193405603.87799999, 
        "97": 117005717.037, 
        "98": 106643285.792, 
        "99": 169127486.359
    }, 
    "averaged_NPV": 196095347.94299003
}