{
    "std": 73008411.263016626, 
    "raw_results": {
        "0": 434624894.70599997, 
        "1": 279849293.11400002, 
        "2": 239584614.51899999, 
        "3": 179758875.359, 
        "4": 202054982.94400001, 
        "5": 209813632.41800001, 
        "6": 196000494.62400001, 
        "7": 185248482.05399999, 
        "8": 154083086.877, 
        "9": 77799955.753999993, 
        "10": 143175488.83199999, 
        "11": 167330596.31099999, 
        "12": 112157355.28, 
        "13": 164771180.69400001, 
        "14": 166708191.19499999, 
        "15": 373881852.57800001, 
        "16": 218739437.61000001, 
        "17": 256360501.72400001, 
        "18": 216420384.80899999, 
        "19": 204999143.458, 
        "20": 211961029.005, 
        "21": 149100992.38800001, 
        "22": 193084760.40099999, 
        "23": 316189683.77499998, 
        "24": 234554123.127, 
        "25": 328830275.44700003, 
        "26": 208001815.15400001, 
        "27": 210296203.28200001, 
        "28": 281963944.22500002, 
        "29": 277438181.09299999, 
        "30": 236632512.92500001, 
        "31": 145174625.10600001, 
        "32": 256337445.33199999, 
        "33": 138697491.44800001, 
        "34": 135458072.10699999, 
        "35": 196081908.17300001, 
        "36": 165845004.68599999, 
        "37": 312270131.31199998, 
        "38": 172514616.43799999, 
        "39": 163598381.15900001, 
        "40": 141252849.963, 
        "41": 224346532.831, 
        "42": 195055362.245, 
        "43": 147589550.16999999, 
        "44": 112843575.777, 
        "45": 237147698.315, 
        "46": 199536854.553, 
        "47": 155159480.31900001, 
        "48": 129928086.649, 
        "49": 93820530.280000001, 
        "50": 124426211.726, 
        "51": 248280826.24900001, 
        "52": 255474410.27000001, 
        "53": 384774707.63200003, 
        "54": 156499579.734, 
        "55": 252582051.245, 
        "56": 162303133.16100001, 
        "57": 316883445.30199999, 
        "58": 336010996.66500002, 
        "59": 274388176.26800001, 
        "60": 208064766.10100001, 
        "61": 135815078.74200001, 
        "62": 183798821.50299999, 
        "63": 289216425.28200001, 
        "64": 118400953.766, 
        "65": 177891366.52700001, 
        "66": 131784284.978, 
        "67": 150669326.653, 
        "68": 127692510.361, 
        "69": 113586108.631, 
        "70": 102282300.029, 
        "71": 161615428.398, 
        "72": 182180125.641, 
        "73": 173994969.123, 
        "74": 211595974.01800001, 
        "75": 234093484.78299999, 
        "76": 106417603.208, 
        "77": 330635333.36000001, 
        "78": 198808951.48100001, 
        "79": 129139773.373, 
        "80": 292807702.58499998, 
        "81": 171877157.009, 
        "82": 156008618.91800001, 
        "83": 85339072.452000007, 
        "84": 104532470.539, 
        "85": 223399315.31, 
        "86": 289710822.56900001, 
        "87": 185621180.98899999, 
        "88": 237810926.48899999, 
        "89": 254565535.47, 
        "90": 228738532.375, 
        "91": 100092293.67, 
        "92": 111440736.39, 
        "93": 103484236.726, 
        "94": 217766529.52900001, 
        "95": 369031466.51899999, 
        "96": 198570946.14700001, 
        "97": 120199643.45200001, 
        "98": 108724412.91, 
        "99": 170630871.46599999
    }, 
    "averaged_NPV": 198637337.58269
}