{
    "std": 72307220.958845049, 
    "raw_results": {
        "0": 422817763.079, 
        "1": 280622753.81699997, 
        "2": 239013592.09599999, 
        "3": 177957155.70500001, 
        "4": 200459045.398, 
        "5": 212065107.40000001, 
        "6": 195565625.35699999, 
        "7": 183943944.76699999, 
        "8": 153236038.16, 
        "9": 79470536.883000001, 
        "10": 143450838.771, 
        "11": 168383759.53799999, 
        "12": 113218383.402, 
        "13": 164945923.56799999, 
        "14": 168132022.03099999, 
        "15": 377330371.32800001, 
        "16": 219585285.167, 
        "17": 257268710.252, 
        "18": 215723772.26800001, 
        "19": 206059898.58000001, 
        "20": 208729022.646, 
        "21": 149916824.69999999, 
        "22": 194002125.09099999, 
        "23": 317515590.40399998, 
        "24": 235579439.17399999, 
        "25": 330058563.39999998, 
        "26": 209483359.05000001, 
        "27": 212733420.99900001, 
        "28": 282642528.77700001, 
        "29": 278046602.162, 
        "30": 237543055.09099999, 
        "31": 145970190.79100001, 
        "32": 256997063.10600001, 
        "33": 138726936.74399999, 
        "34": 137203642.75400001, 
        "35": 193750779.50799999, 
        "36": 164244681.03600001, 
        "37": 312955564.57200003, 
        "38": 173514810.368, 
        "39": 165133914.31, 
        "40": 144230976.28400001, 
        "41": 225190424.73800001, 
        "42": 194219598.31, 
        "43": 148842396.47499999, 
        "44": 112818613.604, 
        "45": 237935958.31400001, 
        "46": 198393116.50999999, 
        "47": 156459577.259, 
        "48": 132954956.017, 
        "49": 95929692.917999998, 
        "50": 125077518.67, 
        "51": 249321540.84599999, 
        "52": 256420956.40900001, 
        "53": 376570279.63300002, 
        "54": 158580165.14899999, 
        "55": 253137326.662, 
        "56": 163128978.35600001, 
        "57": 317486585.898, 
        "58": 336782888.19800001, 
        "59": 277089152.949, 
        "60": 207104506.52599999, 
        "61": 136042451.824, 
        "62": 183956067.81600001, 
        "63": 290087965.884, 
        "64": 119978835.219, 
        "65": 181052933.02399999, 
        "66": 132989232.71799999, 
        "67": 150115558.581, 
        "68": 126962062.66, 
        "69": 114957057.736, 
        "70": 103111489.09999999, 
        "71": 163239472.47600001, 
        "72": 180821885.87599999, 
        "73": 174407474.78600001, 
        "74": 212471258.65200001, 
        "75": 236464758.97299999, 
        "76": 108264424.65099999, 
        "77": 331514580.06599998, 
        "78": 199648097.53, 
        "79": 130185366.67399999, 
        "80": 293401221.50199997, 
        "81": 174372396.028, 
        "82": 155843547.15599999, 
        "83": 85661262.805999994, 
        "84": 105928472.854, 
        "85": 221481042.986, 
        "86": 284332683.87599999, 
        "87": 183794701.92399999, 
        "88": 238716826.67199999, 
        "89": 255267756.954, 
        "90": 229510069.89700001, 
        "91": 102289200.572, 
        "92": 112503524.109, 
        "93": 104723046.93099999, 
        "94": 218791155.73100001, 
        "95": 370380237.72000003, 
        "96": 198687043.74399999, 
        "97": 122514827.71600001, 
        "98": 109334201.152, 
        "99": 173029382.083
    }, 
    "averaged_NPV": 199085074.28633994
}