{
    "std": 72692361.760891691, 
    "raw_results": {
        "0": 426762077.89399999, 
        "1": 282049995.44099998, 
        "2": 242191492.412, 
        "3": 182002768.285, 
        "4": 204508138.32699999, 
        "5": 212093969.09299999, 
        "6": 197631429.95699999, 
        "7": 187431966.794, 
        "8": 155387420.146, 
        "9": 80931856.377000004, 
        "10": 144944536.86700001, 
        "11": 169479333.71200001, 
        "12": 114768454.22400001, 
        "13": 166893889.72099999, 
        "14": 168517029.88, 
        "15": 380302237.58600003, 
        "16": 220800048.329, 
        "17": 258728633.222, 
        "18": 218899939.43200001, 
        "19": 207292997.449, 
        "20": 214341150.36899999, 
        "21": 150918886.08899999, 
        "22": 195208793.32699999, 
        "23": 320208963.46899998, 
        "24": 237073925.50299999, 
        "25": 332134523.75400001, 
        "26": 210253287.14399999, 
        "27": 212507684.748, 
        "28": 284215698.74299997, 
        "29": 279483631.72299999, 
        "30": 239169246.245, 
        "31": 146251944.31099999, 
        "32": 258439465.222, 
        "33": 140439852.039, 
        "34": 138847414.61899999, 
        "35": 198713049.998, 
        "36": 167766040.352, 
        "37": 314637500.85500002, 
        "38": 174796945.14500001, 
        "39": 165501547.95699999, 
        "40": 146154190.28200001, 
        "41": 226445043.002, 
        "42": 197360435.35100001, 
        "43": 152476929.63100001, 
        "44": 114488201.649, 
        "45": 239197969.58899999, 
        "46": 202221724.044, 
        "47": 157167646.484, 
        "48": 134051166.402, 
        "49": 97349103.559, 
        "50": 127517692.764, 
        "51": 250663120.47400001, 
        "52": 257747615.06400001, 
        "53": 379751344.51099998, 
        "54": 158165565.373, 
        "55": 254493378.461, 
        "56": 164378787.47799999, 
        "57": 318896121.92000002, 
        "58": 338274434.685, 
        "59": 278957059.64399999, 
        "60": 210454853.55599999, 
        "61": 137692574.868, 
        "62": 186106578.51899999, 
        "63": 291745162.13, 
        "64": 120024453.816, 
        "65": 183141109.61899999, 
        "66": 133587256.04799999, 
        "67": 152549447.95899999, 
        "68": 129399015.178, 
        "69": 115083117.17900001, 
        "70": 104051910.65700001, 
        "71": 163035631.61300001, 
        "72": 184309407.59200001, 
        "73": 176340800.759, 
        "74": 213635226.20899999, 
        "75": 236175982.13299999, 
        "76": 109895864.05, 
        "77": 333754740.49699998, 
        "78": 201050605.873, 
        "79": 132470051.60600001, 
        "80": 295172521.73400003, 
        "81": 174037319.15400001, 
        "82": 158120366.04300001, 
        "83": 87327124.466000006, 
        "84": 106907906.61, 
        "85": 225892880.579, 
        "86": 293108955.77100003, 
        "87": 186589034.28999999, 
        "88": 240085852.90900001, 
        "89": 256497745.60699999, 
        "90": 230930545.366, 
        "91": 103146145.006, 
        "92": 113248313.84299999, 
        "93": 105548972.87899999, 
        "94": 220005838.84799999, 
        "95": 372475780.02700001, 
        "96": 201693915.62400001, 
        "97": 122056628.039, 
        "98": 110358990.375, 
        "99": 173113929.27900001
    }, 
    "averaged_NPV": 200891078.53437001
}