{
    "std": 72550986.714200109, 
    "raw_results": {
        "0": 426762077.89399999, 
        "1": 282049995.44099998, 
        "2": 242326395.435, 
        "3": 182002768.285, 
        "4": 201666590.81600001, 
        "5": 212093969.09299999, 
        "6": 194740261.31099999, 
        "7": 188040731.13999999, 
        "8": 156878917.94100001, 
        "9": 80953641.502000004, 
        "10": 145864128.403, 
        "11": 169751786.94100001, 
        "12": 114630691.96799999, 
        "13": 164481510.43700001, 
        "14": 168610528.61300001, 
        "15": 380302237.58600003, 
        "16": 220800048.329, 
        "17": 258728633.222, 
        "18": 219495398.773, 
        "19": 207292997.449, 
        "20": 215158824.322, 
        "21": 153588904.04699999, 
        "22": 195208793.32699999, 
        "23": 320208963.46899998, 
        "24": 237073925.50299999, 
        "25": 332134523.75400001, 
        "26": 210253287.14399999, 
        "27": 212507684.748, 
        "28": 284215698.74299997, 
        "29": 279483631.72299999, 
        "30": 239169246.245, 
        "31": 148111287.69800001, 
        "32": 258439465.222, 
        "33": 141174421.757, 
        "34": 138929120.52000001, 
        "35": 198713049.998, 
        "36": 167766346.55899999, 
        "37": 314637500.85500002, 
        "38": 172617050.88, 
        "39": 166072999.014, 
        "40": 146154190.28200001, 
        "41": 226445043.002, 
        "42": 197170589.30500001, 
        "43": 150541660.04499999, 
        "44": 115847105.184, 
        "45": 239197969.58899999, 
        "46": 202433799.07499999, 
        "47": 157195431.873, 
        "48": 134707718.36300001, 
        "49": 97136305.346000001, 
        "50": 127679415.171, 
        "51": 250663120.47400001, 
        "52": 257747615.06400001, 
        "53": 379751344.51099998, 
        "54": 159061530.71399999, 
        "55": 254493378.461, 
        "56": 165034726.35299999, 
        "57": 318896121.92000002, 
        "58": 338274434.685, 
        "59": 278957059.64399999, 
        "60": 210454853.55599999, 
        "61": 138597805.13, 
        "62": 186106578.51899999, 
        "63": 291745162.13, 
        "64": 120188791.803, 
        "65": 180840867.67399999, 
        "66": 133722559.066, 
        "67": 153773761.88, 
        "68": 129829158.98, 
        "69": 115184897.87800001, 
        "70": 104813709.26800001, 
        "71": 164128766.04899999, 
        "72": 184309407.59200001, 
        "73": 176340800.759, 
        "74": 213635226.20899999, 
        "75": 236175982.13299999, 
        "76": 109944962.472, 
        "77": 333754740.49699998, 
        "78": 201255247.63299999, 
        "79": 133134064.08, 
        "80": 295172521.73400003, 
        "81": 174386676.53, 
        "82": 158842604.53999999, 
        "83": 87572533.615999997, 
        "84": 106881332.19400001, 
        "85": 225892880.579, 
        "86": 293108955.77100003, 
        "87": 189449444.366, 
        "88": 240085852.90900001, 
        "89": 256497745.60699999, 
        "90": 230930545.366, 
        "91": 103416470.44599999, 
        "92": 114468737.719, 
        "93": 106677348.551, 
        "94": 220005838.84799999, 
        "95": 372475780.02700001, 
        "96": 202887801.39199999, 
        "97": 121979841.04099999, 
        "98": 110521079.234, 
        "99": 173687058.551
    }, 
    "averaged_NPV": 201032049.87496993
}