{
    "std": 72473712.648989275, 
    "raw_results": {
        "0": 420351777.62, 
        "1": 277779917.43599999, 
        "2": 234989714.273, 
        "3": 175018790.07300001, 
        "4": 197373451.627, 
        "5": 208569813.822, 
        "6": 192604492.604, 
        "7": 180956424.49599999, 
        "8": 149891731.711, 
        "9": 77307359.659999996, 
        "10": 140493270.43000001, 
        "11": 165704957.03799999, 
        "12": 110725975.43099999, 
        "13": 161711341.155, 
        "14": 163215189.73300001, 
        "15": 373371197.912, 
        "16": 217042762.17300001, 
        "17": 254457470.33899999, 
        "18": 215784014.49900001, 
        "19": 203202938.854, 
        "20": 210981509.287, 
        "21": 147027385.33399999, 
        "22": 191284372.766, 
        "23": 314365267.29400003, 
        "24": 232475237.68200001, 
        "25": 327803708.25599998, 
        "26": 206273892.18799999, 
        "27": 208678610.398, 
        "28": 279942336.41000003, 
        "29": 275656962.30400002, 
        "30": 234453131.12099999, 
        "31": 142799411.86899999, 
        "32": 254552539.69, 
        "33": 135848576.079, 
        "34": 133813408.053, 
        "35": 194365065.70199999, 
        "36": 160914491.66999999, 
        "37": 310437723.10699999, 
        "38": 169989376.928, 
        "39": 162342171.29699999, 
        "40": 140130480.40900001, 
        "41": 222471682.00799999, 
        "42": 191359903.67699999, 
        "43": 145545038.662, 
        "44": 110957047.263, 
        "45": 235173208.52399999, 
        "46": 194646398.61399999, 
        "47": 153913631.19, 
        "48": 127093043.778, 
        "49": 92485837.706, 
        "50": 122165163.2, 
        "51": 246372970.998, 
        "52": 253423317.64399999, 
        "53": 373366784.111, 
        "54": 155871402.37599999, 
        "55": 251079750.71900001, 
        "56": 161053662.38299999, 
        "57": 314612704.14200002, 
        "58": 334381846.24699998, 
        "59": 273773355.829, 
        "60": 207052192.81600001, 
        "61": 132846550.024, 
        "62": 178569420.98300001, 
        "63": 287207051.35799998, 
        "64": 117641509.711, 
        "65": 177050667.22400001, 
        "66": 130848573.514, 
        "67": 148529429.97400001, 
        "68": 124950659.56999999, 
        "69": 111791542.49600001, 
        "70": 101352287.023, 
        "71": 160653296.16600001, 
        "72": 180619270.73199999, 
        "73": 170485563.71799999, 
        "74": 210300745.89899999, 
        "75": 232199407.62900001, 
        "76": 105426395.77, 
        "77": 328383514.421, 
        "78": 197350822.43399999, 
        "79": 128018864.90700001, 
        "80": 290685059.12400001, 
        "81": 170846244.26300001, 
        "82": 153525015.021, 
        "83": 84133117.313999996, 
        "84": 103096330.36, 
        "85": 221852902.84200001, 
        "86": 290997960.13300002, 
        "87": 181292339.33700001, 
        "88": 235898880.71599999, 
        "89": 253025431.55599999, 
        "90": 226804674.25400001, 
        "91": 98525472.582000002, 
        "92": 110130371.81900001, 
        "93": 100594939.904, 
        "94": 216143400.29300001, 
        "95": 367787751.20499998, 
        "96": 195071695.81099999, 
        "97": 117986291.09, 
        "98": 106670002.817, 
        "99": 169701239.73699999
    }, 
    "averaged_NPV": 196404818.84348011
}