{
    "std": 72978348.333713204, 
    "raw_results": {
        "0": 434236182.94999999, 
        "1": 278106379.56199998, 
        "2": 236062231.51300001, 
        "3": 175249526.71000001, 
        "4": 197228949.32300001, 
        "5": 206281481.69400001, 
        "6": 192535674.94400001, 
        "7": 181580831.664, 
        "8": 150644504.743, 
        "9": 77438370.180000007, 
        "10": 141220299.44100001, 
        "11": 166172260.19600001, 
        "12": 110690832.845, 
        "13": 162617261.88499999, 
        "14": 163552658.05500001, 
        "15": 372433767.80900002, 
        "16": 217081549.461, 
        "17": 254737310.71200001, 
        "18": 212923998.92699999, 
        "19": 203517684.59599999, 
        "20": 205677960.01699999, 
        "21": 146889510.78, 
        "22": 191650493.185, 
        "23": 314521376.458, 
        "24": 233025449.185, 
        "25": 327727778.16799998, 
        "26": 207155259.76899999, 
        "27": 210079387.45300001, 
        "28": 280049768.59100002, 
        "29": 276323547.31599998, 
        "30": 235164994.736, 
        "31": 144349947.71000001, 
        "32": 254897236.39700001, 
        "33": 136242865.62200001, 
        "34": 133282352.897, 
        "35": 194864255.528, 
        "36": 161965032.32100001, 
        "37": 310570164.736, 
        "38": 170419950.23500001, 
        "39": 162384516.495, 
        "40": 139674948.13499999, 
        "41": 222790682.23100001, 
        "42": 191782586.23300001, 
        "43": 146105008.118, 
        "44": 111395442.95, 
        "45": 235335006.722, 
        "46": 195603066.59599999, 
        "47": 154655883.789, 
        "48": 127527925.219, 
        "49": 92617207.458000004, 
        "50": 122731100.40700001, 
        "51": 246548695.88999999, 
        "52": 253528811.37, 
        "53": 383163636.56999999, 
        "54": 153214978.16299999, 
        "55": 251202734.67699999, 
        "56": 160701053.92300001, 
        "57": 314684622.34799999, 
        "58": 334652654.78899997, 
        "59": 272695397.616, 
        "60": 207613070.56099999, 
        "61": 133958338.911, 
        "62": 180544607.52700001, 
        "63": 287218170.71499997, 
        "64": 115776941.237, 
        "65": 178045521.52200001, 
        "66": 130632431.344, 
        "67": 148318383.90099999, 
        "68": 124366475.796, 
        "69": 112438349.87800001, 
        "70": 101525713.833, 
        "71": 160602201.449, 
        "72": 177707700.07699999, 
        "73": 171366102.93799999, 
        "74": 210281120.61300001, 
        "75": 233942800.752, 
        "76": 105641251.82099999, 
        "77": 328800146.685, 
        "78": 197413585.63100001, 
        "79": 127741906.501, 
        "80": 290911617.83700001, 
        "81": 171141001.11000001, 
        "82": 153639964.12599999, 
        "83": 84291116.533000007, 
        "84": 102862792.082, 
        "85": 218749731.829, 
        "86": 281161212.634, 
        "87": 182104522.14500001, 
        "88": 235942818.89300001, 
        "89": 252882458.708, 
        "90": 227019387.31799999, 
        "91": 98763370.879999995, 
        "92": 110247811.183, 
        "93": 101197607.93000001, 
        "94": 216214525.94499999, 
        "95": 367808321.46700001, 
        "96": 195399756.479, 
        "97": 118150488.193, 
        "98": 107499641.277, 
        "99": 170205721.92500001
    }, 
    "averaged_NPV": 196622937.38199002
}