{
    "std": 73017383.745924115, 
    "raw_results": {
        "0": 434164455.84500003, 
        "1": 278818798.167, 
        "2": 239494164.088, 
        "3": 176077497.414, 
        "4": 198402621.80599999, 
        "5": 209157413.64500001, 
        "6": 192556023.93900001, 
        "7": 185677595.14199999, 
        "8": 150098598.09200001, 
        "9": 77860962.840000004, 
        "10": 141664063.648, 
        "11": 166789783.09599999, 
        "12": 111461428.53200001, 
        "13": 162754190.77000001, 
        "14": 166261773.54699999, 
        "15": 373394818.89700001, 
        "16": 217928761.046, 
        "17": 255609400.32100001, 
        "18": 212575763.72400001, 
        "19": 204254385.41499999, 
        "20": 212165216.71799999, 
        "21": 148141558.69800001, 
        "22": 192320184.79300001, 
        "23": 315575493.50400001, 
        "24": 233609946.241, 
        "25": 328150948.90700001, 
        "26": 207314927.54100001, 
        "27": 209725055.94600001, 
        "28": 281148714.273, 
        "29": 276796842.05299997, 
        "30": 236014645.09, 
        "31": 146765678.50600001, 
        "32": 255450424.36300001, 
        "33": 136072673.164, 
        "34": 135922030.94499999, 
        "35": 195528348.435, 
        "36": 164969932.794, 
        "37": 311600453.83499998, 
        "38": 170921948.18700001, 
        "39": 163722288.85800001, 
        "40": 140965522.96700001, 
        "41": 223516805.26499999, 
        "42": 192346268.757, 
        "43": 149191143.07600001, 
        "44": 111251565.998, 
        "45": 236287539.61399999, 
        "46": 195268098.36399999, 
        "47": 154941502.65599999, 
        "48": 131179311.93099999, 
        "49": 93203655.982999995, 
        "50": 123316372.49600001, 
        "51": 247347912.65400001, 
        "52": 254448118.25, 
        "53": 384256571.70599997, 
        "54": 156558087.06, 
        "55": 252122299.06600001, 
        "56": 162090855.31099999, 
        "57": 315905900.74599999, 
        "58": 335737202.96899998, 
        "59": 273920295.301, 
        "60": 208042125.75099999, 
        "61": 136156336.676, 
        "62": 179602309.78200001, 
        "63": 288495732.86699998, 
        "64": 118423806.57700001, 
        "65": 178197843.241, 
        "66": 131556333.976, 
        "67": 149204919.31099999, 
        "68": 125981495.85600001, 
        "69": 112330670.536, 
        "70": 102001155.48, 
        "71": 161761916.48199999, 
        "72": 181679760.28400001, 
        "73": 170341504.76199999, 
        "74": 211091014.36899999, 
        "75": 233287972.17899999, 
        "76": 106530168.535, 
        "77": 329660537.30000001, 
        "78": 198323173.47499999, 
        "79": 128874782.442, 
        "80": 291909561.37199998, 
        "81": 171352108.94, 
        "82": 154544955.67199999, 
        "83": 84942706.600999996, 
        "84": 104504339.03200001, 
        "85": 222865410.65099999, 
        "86": 290629429.14700001, 
        "87": 181324382.68599999, 
        "88": 237021672.86300001, 
        "89": 253807702.75099999, 
        "90": 227861923.70699999, 
        "91": 99209609.297000006, 
        "92": 111080066.17399999, 
        "93": 103387920.83, 
        "94": 217168289.308, 
        "95": 368507453.50400001, 
        "96": 195271489.83500001, 
        "97": 118261457.652, 
        "98": 107762150.521, 
        "99": 170890180.933
    }, 
    "averaged_NPV": 197746212.14351997
}