{
    "std": 73002941.577932, 
    "raw_results": {
        "0": 433709318.67900002, 
        "1": 278807255.903, 
        "2": 238275029.132, 
        "3": 178959350.18200001, 
        "4": 197849013.28799999, 
        "5": 208943969.89300001, 
        "6": 194679129.05000001, 
        "7": 184324506.33000001, 
        "8": 153108090.62, 
        "9": 76963379.615999997, 
        "10": 142502575.24599999, 
        "11": 166483372.43099999, 
        "12": 111105838.71699999, 
        "13": 161164724.597, 
        "14": 165847047.44, 
        "15": 373158494.66000003, 
        "16": 217730412.87400001, 
        "17": 255442596.72099999, 
        "18": 215544497.41, 
        "19": 204172655.88100001, 
        "20": 211272555.18900001, 
        "21": 147926296.162, 
        "22": 192380548.98899999, 
        "23": 315014628.824, 
        "24": 233647687.69499999, 
        "25": 327966917.41799998, 
        "26": 206973604.741, 
        "27": 209360521.40000001, 
        "28": 280811194.91399997, 
        "29": 276875823.00400001, 
        "30": 235533783.56200001, 
        "31": 144353928.139, 
        "32": 255505823.236, 
        "33": 138092659.77500001, 
        "34": 134046108.053, 
        "35": 195056917.54800001, 
        "36": 164891377.67300001, 
        "37": 311107765.62599999, 
        "38": 171265037.57800001, 
        "39": 162820702.94499999, 
        "40": 140423288.18700001, 
        "41": 223291335.25600001, 
        "42": 194141178.28200001, 
        "43": 146567487.08899999, 
        "44": 111979873.088, 
        "45": 236038000.55399999, 
        "46": 198470221.62400001, 
        "47": 154230192.94999999, 
        "48": 129211399.67200001, 
        "49": 92993756.084999993, 
        "50": 123473887.971, 
        "51": 247006181.58899999, 
        "52": 254217557.00400001, 
        "53": 383963381.62599999, 
        "54": 155401212.95699999, 
        "55": 251754594.12799999, 
        "56": 161194477.75099999, 
        "57": 315380685.287, 
        "58": 335213678.176, 
        "59": 273466846.01300001, 
        "60": 206999365.236, 
        "61": 134609383.35600001, 
        "62": 182645968.824, 
        "63": 287852041.35000002, 
        "64": 117499609.074, 
        "65": 176722309.66800001, 
        "66": 130835203.235, 
        "67": 147222812.78, 
        "68": 126633566.808, 
        "69": 112431007.94, 
        "70": 101208878.124, 
        "71": 160775510.06400001, 
        "72": 181324796.95500001, 
        "73": 172890176.78799999, 
        "74": 210872815.021, 
        "75": 232993683.16499999, 
        "76": 106177400.11300001, 
        "77": 329580346.10600001, 
        "78": 197867200.53299999, 
        "79": 128133900.90800001, 
        "80": 291487332.73900002, 
        "81": 170924424.17300001, 
        "82": 154666011.79800001, 
        "83": 84583913.398000002, 
        "84": 103755779.566, 
        "85": 222184996.634, 
        "86": 288426251.30900002, 
        "87": 184687594.57100001, 
        "88": 236710135.95100001, 
        "89": 253557876.141, 
        "90": 227808396.03400001, 
        "91": 99487058.241999999, 
        "92": 110472960.48199999, 
        "93": 102485739.81900001, 
        "94": 216651074.039, 
        "95": 368228386.54100001, 
        "96": 197081210.949, 
        "97": 119117206.30500001, 
        "98": 107816150.301, 
        "99": 169808519.63100001
    }, 
    "averaged_NPV": 197573113.71101016
}