{
    "std": 62725021.178198196, 
    "raw_results": {
        "0": 392326437.66799998, 
        "1": 263739659.88499999, 
        "2": 231814784.484, 
        "3": 176181738.13299999, 
        "4": 197883285.32100001, 
        "5": 199808325.48899999, 
        "6": 190680431.40099999, 
        "7": 179272729.72799999, 
        "8": 153739122.428, 
        "9": 85735848.180999994, 
        "10": 143706014.296, 
        "11": 164484128.55399999, 
        "12": 115317536.37199999, 
        "13": 159751494.38600001, 
        "14": 161116590.84, 
        "15": 348199403.05500001, 
        "16": 207331070.23300001, 
        "17": 236485521.18599999, 
        "18": 210690377.229, 
        "19": 195180057.421, 
        "20": 205045126.96399999, 
        "21": 149406091.26300001, 
        "22": 183554200.44100001, 
        "23": 288567053.28799999, 
        "24": 223317735.83500001, 
        "25": 304144525.66900003, 
        "26": 196503061.32300001, 
        "27": 198646296.83500001, 
        "28": 258868969.77000001, 
        "29": 256428291.06799999, 
        "30": 224454494.118, 
        "31": 145146299.60100001, 
        "32": 234991617.33399999, 
        "33": 138736770.71000001, 
        "34": 139597926.315, 
        "35": 191596428.322, 
        "36": 159262614.19400001, 
        "37": 286527245.49900001, 
        "38": 168062492.18900001, 
        "39": 159858883.118, 
        "40": 140557568.764, 
        "41": 212189181.477, 
        "42": 185619074.68799999, 
        "43": 147882215.28299999, 
        "44": 113705809.44599999, 
        "45": 221715283.46700001, 
        "46": 193917044.68399999, 
        "47": 151069587.06999999, 
        "48": 136356537.78099999, 
        "49": 98976147.099999994, 
        "50": 129448666.95900001, 
        "51": 232391398.98100001, 
        "52": 241886183.91299999, 
        "53": 350057384.15499997, 
        "54": 154604975.25, 
        "55": 231864045.44800001, 
        "56": 159839895.83500001, 
        "57": 293692606.93300003, 
        "58": 304914809.84899998, 
        "59": 252271529.984, 
        "60": 200620107.63800001, 
        "61": 136156683.75, 
        "62": 176027738.19999999, 
        "63": 270316609.838, 
        "64": 120257227.96799999, 
        "65": 175393501.37099999, 
        "66": 132489195.458, 
        "67": 149649102.05599999, 
        "68": 130997732.24600001, 
        "69": 117669714.295, 
        "70": 109465241.803, 
        "71": 159383449.699, 
        "72": 176571793.57300001, 
        "73": 168269057.68700001, 
        "74": 196561479.917, 
        "75": 219447667.28, 
        "76": 109518497.184, 
        "77": 308430248.39200002, 
        "78": 193774023.947, 
        "79": 130472252.05400001, 
        "80": 269963534.829, 
        "81": 167975566.99399999, 
        "82": 152493174.56900001, 
        "83": 93689270.629999995, 
        "84": 108946567.441, 
        "85": 216223316.65400001, 
        "86": 267227532.48100001, 
        "87": 181352165.60600001, 
        "88": 223211887.82600001, 
        "89": 236366360.111, 
        "90": 215902610.21900001, 
        "91": 106066235.2, 
        "92": 112884421.90000001, 
        "93": 109504358.983, 
        "94": 207022237.22799999, 
        "95": 335633102.57999998, 
        "96": 195880180.27200001, 
        "97": 123675213.163, 
        "98": 114370272.62, 
        "99": 168740020.54499999
    }, 
    "averaged_NPV": 190677199.81420001
}