{
    "std": 72927981.881050393, 
    "raw_results": {
        "0": 433234019.86299998, 
        "1": 282579516.95099998, 
        "2": 243048409.38699999, 
        "3": 183078006.458, 
        "4": 202418632.072, 
        "5": 212605106.88600001, 
        "6": 196187640.20100001, 
        "7": 189030706.40599999, 
        "8": 158347702.85699999, 
        "9": 80855140.641000003, 
        "10": 145272688.41, 
        "11": 170302412.10800001, 
        "12": 115111601.94400001, 
        "13": 165985079.27599999, 
        "14": 169104384.96000001, 
        "15": 381218133.90600002, 
        "16": 221327728.602, 
        "17": 259193952.29899999, 
        "18": 220306765.13699999, 
        "19": 207815810.70500001, 
        "20": 215811825.734, 
        "21": 154004531.90700001, 
        "22": 195798965.648, 
        "23": 320290984.37400001, 
        "24": 237571919.28600001, 
        "25": 332452663.58999997, 
        "26": 210698501.11300001, 
        "27": 212791106.24200001, 
        "28": 284633625.14399999, 
        "29": 279857119.66399997, 
        "30": 239626886.06299999, 
        "31": 149128103.66299999, 
        "32": 258987481.889, 
        "33": 141754261.08700001, 
        "34": 139326023.803, 
        "35": 199015693.36000001, 
        "36": 168650310.03299999, 
        "37": 315261389.29900002, 
        "38": 174192976.164, 
        "39": 167133851.81, 
        "40": 146684787.19299999, 
        "41": 227197022.169, 
        "42": 198452583.81099999, 
        "43": 152058025.514, 
        "44": 116723065.20999999, 
        "45": 239810803.72099999, 
        "46": 199108113.02900001, 
        "47": 158137900.67300001, 
        "48": 134634818.25400001, 
        "49": 97394252.643999994, 
        "50": 128018094.421, 
        "51": 251115704.727, 
        "52": 258504252.125, 
        "53": 384049443.17799997, 
        "54": 159601880.417, 
        "55": 254930242.176, 
        "56": 165323388.47799999, 
        "57": 319272433.00800002, 
        "58": 338486556.42400002, 
        "59": 279317061.16399997, 
        "60": 211142615.16800001, 
        "61": 138837840.23699999, 
        "62": 186917752.171, 
        "63": 292123004.51099998, 
        "64": 120496132.96699999, 
        "65": 181566409.36899999, 
        "66": 134288474.83199999, 
        "67": 151984416.29699999, 
        "68": 131235083.09, 
        "69": 115549468.873, 
        "70": 106559004.50399999, 
        "71": 164748708.947, 
        "72": 184836917.32600001, 
        "73": 173657399.36899999, 
        "74": 214191490.35299999, 
        "75": 236556304.67699999, 
        "76": 110416167.73899999, 
        "77": 334352473.44199997, 
        "78": 201733584.22600001, 
        "79": 132138361.176, 
        "80": 295387248.06599998, 
        "81": 174846797.98100001, 
        "82": 157917598.31400001, 
        "83": 87624484.954999998, 
        "84": 107187355.561, 
        "85": 226398668.73300001, 
        "86": 294154659.53500003, 
        "87": 189835360.29800001, 
        "88": 240511153.479, 
        "89": 256733616.05500001, 
        "90": 231590315.87, 
        "91": 103546765.315, 
        "92": 115767928.984, 
        "93": 106477865.347, 
        "94": 220423743.29100001, 
        "95": 375785656.58499998, 
        "96": 198876557.132, 
        "97": 123135175.39, 
        "98": 110513685.44599999, 
        "99": 174328391.70500001
    }, 
    "averaged_NPV": 201572067.24593994
}