{
    "std": 66053919.65199174, 
    "raw_results": {
        "0": 399532311.42199999, 
        "1": 268515485.89499998, 
        "2": 229271963.079, 
        "3": 173486922.43799999, 
        "4": 194307559.65799999, 
        "5": 200799409.801, 
        "6": 188066044.44299999, 
        "7": 178735552.421, 
        "8": 149703026.785, 
        "9": 82887395.193000004, 
        "10": 142835818.91800001, 
        "11": 163584480.32300001, 
        "12": 112663533.369, 
        "13": 159887924.604, 
        "14": 162614814.56799999, 
        "15": 356286666.208, 
        "16": 206837460.80000001, 
        "17": 240595812.086, 
        "18": 209378659.75299999, 
        "19": 195943116.53099999, 
        "20": 202409358.70699999, 
        "21": 148538127.96700001, 
        "22": 184100230.567, 
        "23": 301199806.02899998, 
        "24": 222982540.148, 
        "25": 309730021.75800002, 
        "26": 197757274.23100001, 
        "27": 199822695.30000001, 
        "28": 271311187.16500002, 
        "29": 263592262.03299999, 
        "30": 224204166.46900001, 
        "31": 144170046.639, 
        "32": 239337385.09900001, 
        "33": 138025659.82600001, 
        "34": 136390423.01100001, 
        "35": 189220293.13999999, 
        "36": 159374247.20500001, 
        "37": 298494034.94099998, 
        "38": 167770721.46000001, 
        "39": 160284818.27599999, 
        "40": 139377956.61500001, 
        "41": 213324333.963, 
        "42": 186778034.646, 
        "43": 146281396.315, 
        "44": 114980660.763, 
        "45": 224807875.91800001, 
        "46": 191591368.84599999, 
        "47": 152291147.69400001, 
        "48": 132235014.01899999, 
        "49": 97567925.723000005, 
        "50": 126801261.558, 
        "51": 234172531.241, 
        "52": 242070091.95899999, 
        "53": 356540805.73000002, 
        "54": 154270570.25400001, 
        "55": 241264482.09799999, 
        "56": 159643352.70300001, 
        "57": 298695087.45700002, 
        "58": 317333849.50300002, 
        "59": 256323553.796, 
        "60": 199997368.16, 
        "61": 134925491.616, 
        "62": 176873314.412, 
        "63": 276974448.13200003, 
        "64": 117387167.51800001, 
        "65": 175264487.36399999, 
        "66": 131714606.274, 
        "67": 149033470.71000001, 
        "68": 128248113.248, 
        "69": 115219131.34, 
        "70": 107258638.773, 
        "71": 160039822.38299999, 
        "72": 174766133.19400001, 
        "73": 167973304.604, 
        "74": 200068537.25600001, 
        "75": 221279238.46700001, 
        "76": 108259565.53300001, 
        "77": 313480330.47100002, 
        "78": 193467515.734, 
        "79": 129470616.56999999, 
        "80": 278989556.51700002, 
        "81": 168379639.73899999, 
        "82": 153204257.76100001, 
        "83": 89910394.939999998, 
        "84": 106415320.001, 
        "85": 215395862.77599999, 
        "86": 279178123.80400002, 
        "87": 183105046.62400001, 
        "88": 225570261.979, 
        "89": 237275755.14899999, 
        "90": 216702320.46900001, 
        "91": 103149508.889, 
        "92": 114021352.469, 
        "93": 108366487.022, 
        "94": 207165827.264, 
        "95": 352110472.81900001, 
        "96": 191707434.868, 
        "97": 119789081.01800001, 
        "98": 110480246.23999999, 
        "99": 169171891.727
    }, 
    "averaged_NPV": 191727907.02901006
}