{
    "std": 72314239.17913036, 
    "raw_results": {
        "0": 423660057.773, 
        "1": 281224539.51300001, 
        "2": 242079512.00999999, 
        "3": 181848309.64300001, 
        "4": 200807222.69499999, 
        "5": 211698073.26100001, 
        "6": 195444458.60800001, 
        "7": 187833731.42399999, 
        "8": 156604943.55500001, 
        "9": 79934682.468999997, 
        "10": 144490495.16600001, 
        "11": 169075230.572, 
        "12": 113757186.03300001, 
        "13": 164980899.366, 
        "14": 167863494.08500001, 
        "15": 377924876.18599999, 
        "16": 219925928.375, 
        "17": 257792432.736, 
        "18": 214934396.07699999, 
        "19": 206469624.69999999, 
        "20": 214622272.26100001, 
        "21": 150732720.21399999, 
        "22": 194321492.597, 
        "23": 318699801.66500002, 
        "24": 236027182.25099999, 
        "25": 330898730.62099999, 
        "26": 209745906.31200001, 
        "27": 211771023.294, 
        "28": 283405367.10900003, 
        "29": 278904532.76899999, 
        "30": 238431922.61500001, 
        "31": 149089769.271, 
        "32": 257561472.19100001, 
        "33": 141429004.604, 
        "34": 138120733.34900001, 
        "35": 197897056.23899999, 
        "36": 167425100.338, 
        "37": 313721041.72799999, 
        "38": 173555333.627, 
        "39": 165856449.94600001, 
        "40": 143230744.56799999, 
        "41": 225510534.02200001, 
        "42": 198001130.884, 
        "43": 151340240.542, 
        "44": 116321007.608, 
        "45": 238306749.47499999, 
        "46": 197875877.57600001, 
        "47": 156797525.78999999, 
        "48": 133684646.47400001, 
        "49": 96360433.237000003, 
        "50": 126837344.30500001, 
        "51": 249864571.838, 
        "52": 256939160.07100001, 
        "53": 376899640.03600001, 
        "54": 158405904.266, 
        "55": 254021992.27700001, 
        "56": 164115068.192, 
        "57": 318280254.61900002, 
        "58": 337784302.838, 
        "59": 277687280.25300002, 
        "60": 209663385.56200001, 
        "61": 137832365.722, 
        "62": 181876008.04100001, 
        "63": 291020801.14099997, 
        "64": 120532729.765, 
        "65": 180821924.998, 
        "66": 133407455.67299999, 
        "67": 150740227.088, 
        "68": 130219272.619, 
        "69": 114868886.61, 
        "70": 104536932.65800001, 
        "71": 163568569.70899999, 
        "72": 183737939.07499999, 
        "73": 172603789.43399999, 
        "74": 213005788.35699999, 
        "75": 235594605.48100001, 
        "76": 109264711.536, 
        "77": 331744401.995, 
        "78": 200379616.715, 
        "79": 130826637.493, 
        "80": 294354406.94800001, 
        "81": 173429279.01699999, 
        "82": 156391286.29300001, 
        "83": 86795593.138999999, 
        "84": 106340575.668, 
        "85": 224980632.273, 
        "86": 293691066.98799998, 
        "87": 189444994.352, 
        "88": 239093370.48899999, 
        "89": 255973911.87599999, 
        "90": 230106415.47999999, 
        "91": 102579855.199, 
        "92": 114379115.139, 
        "93": 105529788.23800001, 
        "94": 219176977.37799999, 
        "95": 371225503.12, 
        "96": 197668984.78799999, 
        "97": 122107646.00300001, 
        "98": 109755340.642, 
        "99": 173022507.68900001
    }, 
    "averaged_NPV": 200111247.16509992
}