{
    "std": 65928910.244010106, 
    "raw_results": {
        "0": 399611514.75800002, 
        "1": 268601188.70999998, 
        "2": 228906259.30000001, 
        "3": 173523023.85600001, 
        "4": 194742991.77000001, 
        "5": 200753402.60600001, 
        "6": 189859818.051, 
        "7": 178815738.17300001, 
        "8": 151276381.35699999, 
        "9": 83562912.288000003, 
        "10": 142647407.47, 
        "11": 163834321.56200001, 
        "12": 113114319.03, 
        "13": 160805381.553, 
        "14": 162876803.715, 
        "15": 356267317.09799999, 
        "16": 206784017.47799999, 
        "17": 240490559.368, 
        "18": 209192145.16, 
        "19": 195807275.079, 
        "20": 202369499.02700001, 
        "21": 147888784.96200001, 
        "22": 183899586.34799999, 
        "23": 301407456.852, 
        "24": 222881179.67500001, 
        "25": 310939825.08700001, 
        "26": 197684904.852, 
        "27": 200000997.34, 
        "28": 270847311.259, 
        "29": 263340827.78799999, 
        "30": 223938725.67500001, 
        "31": 142268150.984, 
        "32": 239291789.58399999, 
        "33": 138353325.604, 
        "34": 136642042.93200001, 
        "35": 189203778.83500001, 
        "36": 159207524.5, 
        "37": 298433012.94, 
        "38": 165896313.66, 
        "39": 160722619.509, 
        "40": 139394189.43200001, 
        "41": 213263541.34200001, 
        "42": 186788420.61500001, 
        "43": 144697467.46599999, 
        "44": 114490637.778, 
        "45": 225020293.083, 
        "46": 192531176.48100001, 
        "47": 152873941.792, 
        "48": 132713157.044, 
        "49": 98888956.629999995, 
        "50": 127024586.897, 
        "51": 234353640.10499999, 
        "52": 242194061.116, 
        "53": 356952807.10000002, 
        "54": 151534689.94400001, 
        "55": 241456431.38499999, 
        "56": 160265365.928, 
        "57": 299185864.67400002, 
        "58": 317540394.03500003, 
        "59": 256120421.91499999, 
        "60": 200099870.95199999, 
        "61": 135959550.84799999, 
        "62": 177371598.64899999, 
        "63": 277700873.48400003, 
        "64": 117618931.759, 
        "65": 175920491.46000001, 
        "66": 130063134.148, 
        "67": 147892799.36199999, 
        "68": 129487462.772, 
        "69": 115823279.43000001, 
        "70": 108620750.87100001, 
        "71": 156394447.303, 
        "72": 174654813.64899999, 
        "73": 168381096.27200001, 
        "74": 199833240.51800001, 
        "75": 221567193.79300001, 
        "76": 109252862.96600001, 
        "77": 313592897.0, 
        "78": 193510473.63299999, 
        "79": 128575649.31, 
        "80": 279004161.54500002, 
        "81": 168640558.04699999, 
        "82": 152360009.34599999, 
        "83": 90511856.855000004, 
        "84": 106600252.581, 
        "85": 215716907.02399999, 
        "86": 270358831.69700003, 
        "87": 180180648.59799999, 
        "88": 225604709.20300001, 
        "89": 237181608.45699999, 
        "90": 216406390.04899999, 
        "91": 103820442.575, 
        "92": 113765764.155, 
        "93": 108884770.802, 
        "94": 207153053.428, 
        "95": 352233545.96499997, 
        "96": 193024459.49599999, 
        "97": 120946419.932, 
        "98": 111450318.697, 
        "99": 169682203.34
    }, 
    "averaged_NPV": 191698288.10527992
}