{
    "std": 72362952.156304777, 
    "raw_results": {
        "0": 422966513.13200003, 
        "1": 280346654.29699999, 
        "2": 239010705.00400001, 
        "3": 178077050.752, 
        "4": 200528004.29899999, 
        "5": 211863502.86000001, 
        "6": 195546335.59099999, 
        "7": 183946169.26699999, 
        "8": 153507769.866, 
        "9": 79712140.225999996, 
        "10": 143502710.70300001, 
        "11": 168456580.96799999, 
        "12": 113234728.94599999, 
        "13": 164964952.13100001, 
        "14": 165932496.95899999, 
        "15": 377560273.838, 
        "16": 219483411.06, 
        "17": 257151911.53799999, 
        "18": 215615239.053, 
        "19": 206039817.65599999, 
        "20": 208760209.69400001, 
        "21": 149918793.19400001, 
        "22": 193928520.68900001, 
        "23": 317621492.20899999, 
        "24": 235535670.678, 
        "25": 330315240.85299999, 
        "26": 209425280.5, 
        "27": 212581707.81600001, 
        "28": 282454874.83600003, 
        "29": 278324613.82499999, 
        "30": 238404501.82600001, 
        "31": 145962031.77500001, 
        "32": 256961461.07800001, 
        "33": 138728437.24000001, 
        "34": 136252542.03200001, 
        "35": 193840110.06900001, 
        "36": 164260901.21599999, 
        "37": 312911696.34600002, 
        "38": 173555677.90700001, 
        "39": 165173951.72299999, 
        "40": 144156034.67199999, 
        "41": 224782832.15099999, 
        "42": 194130699.83199999, 
        "43": 148839610.51499999, 
        "44": 113174357.51199999, 
        "45": 237475749.78600001, 
        "46": 198488534.169, 
        "47": 156477695.34799999, 
        "48": 130955098.76199999, 
        "49": 95246201.888999999, 
        "50": 125611591.40700001, 
        "51": 249042586.51199999, 
        "52": 256042065.368, 
        "53": 376533348.07599998, 
        "54": 155727042.96799999, 
        "55": 253531733.87900001, 
        "56": 163210970.00799999, 
        "57": 316941549.662, 
        "58": 337331584.62900001, 
        "59": 277086618.73699999, 
        "60": 207110364.48800001, 
        "61": 136086761.528, 
        "62": 183994383.41800001, 
        "63": 289928989.53299999, 
        "64": 119956421.08499999, 
        "65": 181093612.85600001, 
        "66": 133347407.648, 
        "67": 150339834.32300001, 
        "68": 127275134.252, 
        "69": 115079613.211, 
        "70": 103459157.722, 
        "71": 163322342.57800001, 
        "72": 180913087.87400001, 
        "73": 174483572.19, 
        "74": 212604900.755, 
        "75": 236270231.22299999, 
        "76": 108235523.48899999, 
        "77": 330844652.16900003, 
        "78": 199803039.40000001, 
        "79": 130193127.655, 
        "80": 293493955.20899999, 
        "81": 174358857.20100001, 
        "82": 155671246.00600001, 
        "83": 86252622.754999995, 
        "84": 105357546.016, 
        "85": 221540986.72600001, 
        "86": 284375308.10799998, 
        "87": 184098514.02900001, 
        "88": 238194777.89199999, 
        "89": 255080619.47, 
        "90": 229274477.956, 
        "91": 101396214.891, 
        "92": 112542243.329, 
        "93": 104315958.149, 
        "94": 218824236.91100001, 
        "95": 370566087.79900002, 
        "96": 198773915.91, 
        "97": 120771269.706, 
        "98": 109760914.18799999, 
        "99": 173190554.23100001
    }, 
    "averaged_NPV": 198993330.53412995
}