{
    "std": 62736850.717035301, 
    "raw_results": {
        "0": 392354765.06800002, 
        "1": 263739659.88499999, 
        "2": 231814784.484, 
        "3": 176175571.07600001, 
        "4": 197883285.32100001, 
        "5": 199800494.377, 
        "6": 190674309.55000001, 
        "7": 179262537.89399999, 
        "8": 153714088.377, 
        "9": 85728627.291999996, 
        "10": 143670669.20300001, 
        "11": 164469255.07100001, 
        "12": 115300442.71699999, 
        "13": 159731665.35800001, 
        "14": 161106932.85499999, 
        "15": 348200003.21100003, 
        "16": 207331070.23300001, 
        "17": 236485521.18599999, 
        "18": 210690377.229, 
        "19": 195180057.421, 
        "20": 205039186.28400001, 
        "21": 149357735.278, 
        "22": 183554200.44100001, 
        "23": 288564767.05299997, 
        "24": 223317735.83500001, 
        "25": 304144525.66900003, 
        "26": 196503061.32300001, 
        "27": 198646296.83500001, 
        "28": 258868969.77000001, 
        "29": 256428291.06799999, 
        "30": 224454494.118, 
        "31": 145097607.539, 
        "32": 234991617.33399999, 
        "33": 138689999.917, 
        "34": 139565558.01100001, 
        "35": 191596428.322, 
        "36": 159242804.234, 
        "37": 286527245.49900001, 
        "38": 168053246.17899999, 
        "39": 159849315.507, 
        "40": 140506891.417, 
        "41": 212189181.477, 
        "42": 185602723.509, 
        "43": 147845360.07300001, 
        "44": 113680566.69400001, 
        "45": 221715283.46700001, 
        "46": 193917044.68399999, 
        "47": 151040109.19400001, 
        "48": 136306002.94600001, 
        "49": 98954786.258000001, 
        "50": 129398786.86, 
        "51": 232391398.98100001, 
        "52": 241886183.91299999, 
        "53": 350083521.79699999, 
        "54": 154587353.77500001, 
        "55": 231864045.44800001, 
        "56": 159821366.896, 
        "57": 293692606.93300003, 
        "58": 304914809.84899998, 
        "59": 252270664.81400001, 
        "60": 200620107.63800001, 
        "61": 136099341.29100001, 
        "62": 176024509.72999999, 
        "63": 270316609.838, 
        "64": 120230409.74699999, 
        "65": 175389745.72600001, 
        "66": 132466202.99699999, 
        "67": 149606920.507, 
        "68": 130944274.24699999, 
        "69": 117669298.264, 
        "70": 109445239.889, 
        "71": 159354748.539, 
        "72": 176564938.77000001, 
        "73": 168266291.947, 
        "74": 196561479.917, 
        "75": 219442555.78, 
        "76": 109489727.98199999, 
        "77": 308430248.39200002, 
        "78": 193767741.34999999, 
        "79": 130438337.854, 
        "80": 269963534.829, 
        "81": 167966443.95699999, 
        "82": 152466894.12200001, 
        "83": 93667643.311000004, 
        "84": 108943477.64, 
        "85": 216223316.65400001, 
        "86": 267227532.48100001, 
        "87": 181311406.801, 
        "88": 223211887.82600001, 
        "89": 236366360.111, 
        "90": 215902610.21900001, 
        "91": 106061303.398, 
        "92": 112842446.676, 
        "93": 109477692.80599999, 
        "94": 207022237.22799999, 
        "95": 335648003.24400002, 
        "96": 195880180.27200001, 
        "97": 123658877.561, 
        "98": 114356179.723, 
        "99": 168721125.127
    }, 
    "averaged_NPV": 190665237.77399999
}