{
    "std": 72467610.383044943, 
    "raw_results": {
        "0": 422121725.73799998, 
        "1": 279679058.09899998, 
        "2": 239305743.78999999, 
        "3": 179697985.859, 
        "4": 201893447.31, 
        "5": 209913969.86300001, 
        "6": 196033209.93200001, 
        "7": 185122102.41100001, 
        "8": 154194097.331, 
        "9": 77916848.671000004, 
        "10": 143209690.36500001, 
        "11": 167338014.956, 
        "12": 112033104.99699999, 
        "13": 164899647.43200001, 
        "14": 166591044.625, 
        "15": 376226677.24400002, 
        "16": 218507727.05500001, 
        "17": 256106120.39500001, 
        "18": 216199942.373, 
        "19": 204860392.25999999, 
        "20": 211845829.65599999, 
        "21": 149165602.185, 
        "22": 192923209.91299999, 
        "23": 316814074.38800001, 
        "24": 234359024.64700001, 
        "25": 329413580.01499999, 
        "26": 208035500.34799999, 
        "27": 210181857.56299999, 
        "28": 281644250.88800001, 
        "29": 277230438.23699999, 
        "30": 236446929.34900001, 
        "31": 145227789.71700001, 
        "32": 256089510.06299999, 
        "33": 138765315.59200001, 
        "34": 135046951.664, 
        "35": 195972616.646, 
        "36": 165978057.491, 
        "37": 312130062.89600003, 
        "38": 172561388.39399999, 
        "39": 163676760.97999999, 
        "40": 141438385.63600001, 
        "41": 224012004.796, 
        "42": 195021284.33199999, 
        "43": 147740556.18900001, 
        "44": 112827486.671, 
        "45": 236879590.47299999, 
        "46": 199434546.199, 
        "47": 155203688.495, 
        "48": 129664101.90099999, 
        "49": 93924709.104000002, 
        "50": 124131685.005, 
        "51": 248064949.61300001, 
        "52": 255182184.02000001, 
        "53": 375413353.08899999, 
        "54": 156371284.84299999, 
        "55": 252526851.204, 
        "56": 162195335.89399999, 
        "57": 316781289.61400002, 
        "58": 335880191.00199997, 
        "59": 276152893.61699998, 
        "60": 207895180.44299999, 
        "61": 135898488.831, 
        "62": 183793342.08199999, 
        "63": 289078352.57300001, 
        "64": 118450366.267, 
        "65": 177913992.58899999, 
        "66": 131565306.182, 
        "67": 150420915.91600001, 
        "68": 127547433.98899999, 
        "69": 113342737.86399999, 
        "70": 102590142.13699999, 
        "71": 161539982.074, 
        "72": 182176781.96700001, 
        "73": 174056053.803, 
        "74": 211655670.27900001, 
        "75": 234013322.053, 
        "76": 107771760.05400001, 
        "77": 330518094.435, 
        "78": 198646489.08000001, 
        "79": 129088617.86499999, 
        "80": 292664236.05500001, 
        "81": 171836505.199, 
        "82": 155715017.919, 
        "83": 85147316.111000001, 
        "84": 104469546.355, 
        "85": 223120500.46700001, 
        "86": 290287108.87599999, 
        "87": 185517485.24700001, 
        "88": 237542783.48800001, 
        "89": 254539824.391, 
        "90": 228534645.68200001, 
        "91": 100346184.831, 
        "92": 111227487.094, 
        "93": 103029842.367, 
        "94": 217492990.60499999, 
        "95": 369839996.57800001, 
        "96": 198382060.59999999, 
        "97": 119852383.597, 
        "98": 108546036.845, 
        "99": 170605838.493
    }, 
    "averaged_NPV": 198408664.94317999
}