{
    "std": 72626785.636545658, 
    "raw_results": {
        "0": 426616991.94300002, 
        "1": 278468821.50300002, 
        "2": 236147135.255, 
        "3": 175135927.36300001, 
        "4": 197214422.206, 
        "5": 206421443.581, 
        "6": 192551101.51699999, 
        "7": 181486803.347, 
        "8": 150627230.472, 
        "9": 77636892.658999994, 
        "10": 141304698.44800001, 
        "11": 166084525.93399999, 
        "12": 110669897.375, 
        "13": 162527905.94299999, 
        "14": 163615255.241, 
        "15": 377804636.09399998, 
        "16": 217385768.95199999, 
        "17": 254994759.164, 
        "18": 213050496.19499999, 
        "19": 203541435.24900001, 
        "20": 205667057.17699999, 
        "21": 146858835.491, 
        "22": 191552393.62400001, 
        "23": 313452474.616, 
        "24": 233141145.347, 
        "25": 324820798.04500002, 
        "26": 207229408.47999999, 
        "27": 210327613.199, 
        "28": 280374618.72000003, 
        "29": 273227043.14099997, 
        "30": 235265504.46799999, 
        "31": 144304560.59599999, 
        "32": 253936800.24700001, 
        "33": 136250975.71599999, 
        "34": 135060271.60699999, 
        "35": 194773838.58500001, 
        "36": 161877525.56400001, 
        "37": 310088599.61900002, 
        "38": 170327023.558, 
        "39": 162294959.09400001, 
        "40": 139638477.76800001, 
        "41": 223007054.52200001, 
        "42": 191900046.36700001, 
        "43": 146048643.61199999, 
        "44": 111509185.781, 
        "45": 235872197.35299999, 
        "46": 195559208.75, 
        "47": 154590163.15000001, 
        "48": 127665285.595, 
        "49": 92920727.673999995, 
        "50": 122889585.81999999, 
        "51": 246937655.67500001, 
        "52": 254046855.23300001, 
        "53": 382391185.56900001, 
        "54": 153226367.868, 
        "55": 250145055.83199999, 
        "56": 160675105.47499999, 
        "57": 314109464.96399999, 
        "58": 331033052.35000002, 
        "59": 272282707.37599999, 
        "60": 207603469.15400001, 
        "61": 133940249.13600001, 
        "62": 180485580.39199999, 
        "63": 287631752.09200001, 
        "64": 115472093.566, 
        "65": 177975143.667, 
        "66": 130644628.358, 
        "67": 148343892.22499999, 
        "68": 124672438.44400001, 
        "69": 112338329.72, 
        "70": 102052104.432, 
        "71": 160561805.454, 
        "72": 177654673.98100001, 
        "73": 171260751.11500001, 
        "74": 208781951.87599999, 
        "75": 234216045.736, 
        "76": 105736331.251, 
        "77": 326814014.02499998, 
        "78": 197328822.55599999, 
        "79": 127840093.36399999, 
        "80": 291137111.16500002, 
        "81": 171086432.12, 
        "82": 153850178.83199999, 
        "83": 83305632.503999993, 
        "84": 103004080.69599999, 
        "85": 218817560.71700001, 
        "86": 289447877.90799999, 
        "87": 182213075.38600001, 
        "88": 236495569.16100001, 
        "89": 251214482.68099999, 
        "90": 227319074.537, 
        "91": 98707189.708000004, 
        "92": 110420688.67299999, 
        "93": 103085902.051, 
        "94": 216330113.84999999, 
        "95": 365378085.30400002, 
        "96": 195330446.80199999, 
        "97": 118021848.198, 
        "98": 107589526.926, 
        "99": 170155246.39399999
    }, 
    "averaged_NPV": 196548299.16225997
}