{
    "std": 72503407.340251178, 
    "raw_results": {
        "0": 422218492.05599999, 
        "1": 279803832.53100002, 
        "2": 239446304.75099999, 
        "3": 179754318.11199999, 
        "4": 201993280.08700001, 
        "5": 209860998.155, 
        "6": 196044680.09099999, 
        "7": 185113159.46000001, 
        "8": 154131989.449, 
        "9": 77870114.474000007, 
        "10": 143188403.23699999, 
        "11": 167351571.55500001, 
        "12": 112096794.491, 
        "13": 164789033.366, 
        "14": 166642987.072, 
        "15": 376266889.21600002, 
        "16": 218666577.16499999, 
        "17": 256321317.454, 
        "18": 216376275.333, 
        "19": 204950840.65200001, 
        "20": 211940158.33199999, 
        "21": 149116493.07800001, 
        "22": 192974787.65200001, 
        "23": 316922551.014, 
        "24": 234491832.215, 
        "25": 329492312.68199998, 
        "26": 208039363.84900001, 
        "27": 210248171.755, 
        "28": 281948416.26499999, 
        "29": 277334528.52899998, 
        "30": 236593035.005, 
        "31": 145213348.13600001, 
        "32": 256214123.95699999, 
        "33": 138716345.743, 
        "34": 135272559.17199999, 
        "35": 195982607.51199999, 
        "36": 165887685.55599999, 
        "37": 312245427.676, 
        "38": 172519118.66100001, 
        "39": 163655967.17899999, 
        "40": 141319762.961, 
        "41": 224178890.21399999, 
        "42": 195057193.697, 
        "43": 147647833.46799999, 
        "44": 112807060.82799999, 
        "45": 237040185.29800001, 
        "46": 199480411.303, 
        "47": 155215560.38800001, 
        "48": 129770298.359, 
        "49": 94162165.986000001, 
        "50": 124321587.66599999, 
        "51": 248289027.37799999, 
        "52": 255425607.59, 
        "53": 375440908.57300001, 
        "54": 156451450.204, 
        "55": 252589068.699, 
        "56": 162251248.391, 
        "57": 316866374.755, 
        "58": 335944726.42500001, 
        "59": 276291211.73100001, 
        "60": 207970721.956, 
        "61": 135853541.206, 
        "62": 183778869.63, 
        "63": 289205922.34799999, 
        "64": 118567736.741, 
        "65": 177913283.28799999, 
        "66": 131610523.248, 
        "67": 150548000.16299999, 
        "68": 127419420.71600001, 
        "69": 113338295.24600001, 
        "70": 102251057.23999999, 
        "71": 161595163.49000001, 
        "72": 182192999.965, 
        "73": 174050977.322, 
        "74": 211775128.67699999, 
        "75": 234089365.34099999, 
        "76": 107786559.786, 
        "77": 330578389.00999999, 
        "78": 198779501.56600001, 
        "79": 129073537.449, 
        "80": 292775221.43800002, 
        "81": 171844776.227, 
        "82": 155848109.236, 
        "83": 85229601.865999997, 
        "84": 104478048.31999999, 
        "85": 223297406.62900001, 
        "86": 290388781.662, 
        "87": 185554466.0, 
        "88": 237695837.05399999, 
        "89": 254710352.93599999, 
        "90": 228676366.29699999, 
        "91": 100336054.847, 
        "92": 111335875.727, 
        "93": 103290887.42299999, 
        "94": 217709643.234, 
        "95": 369965881.51599997, 
        "96": 198466833.12799999, 
        "97": 119870984.307, 
        "98": 108500555.654, 
        "99": 170625097.44800001
    }, 
    "averaged_NPV": 198472270.41926
}