{
    "std": 72710299.053271532, 
    "raw_results": {
        "0": 434551153.14700001, 
        "1": 284175629.49599999, 
        "2": 243343504.715, 
        "3": 182041461.40400001, 
        "4": 205437441.47999999, 
        "5": 212810061.535, 
        "6": 200365301.31900001, 
        "7": 187480058.11199999, 
        "8": 157830645.185, 
        "9": 83416545.548999995, 
        "10": 147869760.662, 
        "11": 172862433.912, 
        "12": 117158775.06999999, 
        "13": 169222739.48699999, 
        "14": 169546426.18700001, 
        "15": 382666249.88300002, 
        "16": 219987659.97, 
        "17": 260859518.78299999, 
        "18": 220226262.00799999, 
        "19": 209753406.646, 
        "20": 213764454.03400001, 
        "21": 154678634.30000001, 
        "22": 193392840.47, 
        "23": 322982370.73500001, 
        "24": 235965046.565, 
        "25": 334156427.15399998, 
        "26": 208282356.94100001, 
        "27": 216251633.89399999, 
        "28": 286641011.34600002, 
        "29": 281443780.12900001, 
        "30": 237137410.79699999, 
        "31": 149990834.61700001, 
        "32": 260475082.505, 
        "33": 142310988.18900001, 
        "34": 141525813.00600001, 
        "35": 198673053.26899999, 
        "36": 168300151.486, 
        "37": 317092447.94800001, 
        "38": 178051137.18399999, 
        "39": 168507556.77599999, 
        "40": 147243117.77599999, 
        "41": 228571221.824, 
        "42": 197621034.29300001, 
        "43": 152915959.26199999, 
        "44": 116918277.271, 
        "45": 241251343.646, 
        "46": 203183757.42399999, 
        "47": 160628540.39199999, 
        "48": 137420307.50299999, 
        "49": 99497063.081, 
        "50": 130544801.245, 
        "51": 254142100.73899999, 
        "52": 259992346.80199999, 
        "53": 385701659.68199998, 
        "54": 160169912.45699999, 
        "55": 256685981.69600001, 
        "56": 167188528.021, 
        "57": 320882967.64200002, 
        "58": 341205500.046, 
        "59": 280676560.93199998, 
        "60": 211876534.831, 
        "61": 140230473.09200001, 
        "62": 188189806.611, 
        "63": 294154120.35000002, 
        "64": 123949595.87, 
        "65": 185933786.44999999, 
        "66": 136575939.43099999, 
        "67": 153515176.78200001, 
        "68": 133267727.148, 
        "69": 118503647.215, 
        "70": 108717338.611, 
        "71": 167930556.648, 
        "72": 184961285.08899999, 
        "73": 178421548.046, 
        "74": 215534546.889, 
        "75": 239422483.73899999, 
        "76": 112053362.31900001, 
        "77": 335974788.315, 
        "78": 203270168.002, 
        "79": 134370403.789, 
        "80": 298298119.273, 
        "81": 178095113.51699999, 
        "82": 159746042.322, 
        "83": 90468568.574000001, 
        "84": 109256429.779, 
        "85": 225363459.586, 
        "86": 289625173.14700001, 
        "87": 188433279.889, 
        "88": 241948273.23800001, 
        "89": 258259329.95300001, 
        "90": 233053982.43900001, 
        "91": 105452296.602, 
        "92": 116308557.389, 
        "93": 108452702.442, 
        "94": 218041220.75999999, 
        "95": 377248389.63599998, 
        "96": 204822113.43799999, 
        "97": 126570107.05500001, 
        "98": 112999546.897, 
        "99": 177745085.433
    }, 
    "averaged_NPV": 203007101.28224996
}