{
    "std": 72424109.567402259, 
    "raw_results": {
        "0": 423026483.22399998, 
        "1": 280753014.44800001, 
        "2": 240875153.85699999, 
        "3": 181161221.31900001, 
        "4": 203258497.03299999, 
        "5": 211208814.25999999, 
        "6": 196590112.32499999, 
        "7": 186466935.604, 
        "8": 154702186.734, 
        "9": 79861707.351999998, 
        "10": 144197573.45199999, 
        "11": 168653921.794, 
        "12": 113059535.777, 
        "13": 165938334.259, 
        "14": 167634277.653, 
        "15": 377419619.60000002, 
        "16": 219726909.20100001, 
        "17": 257480061.99700001, 
        "18": 217799823.366, 
        "19": 206332572.713, 
        "20": 213352495.389, 
        "21": 149889001.97099999, 
        "22": 194266793.676, 
        "23": 318326584.71399999, 
        "24": 235835865.87200001, 
        "25": 330231141.54500002, 
        "26": 209316863.69800001, 
        "27": 211568872.47499999, 
        "28": 282978408.99199998, 
        "29": 278254822.13200003, 
        "30": 238123412.31799999, 
        "31": 145738454.20100001, 
        "32": 257196055.535, 
        "33": 139832264.25799999, 
        "34": 136440486.389, 
        "35": 197684845.12900001, 
        "36": 166702090.736, 
        "37": 313170315.68900001, 
        "38": 173838031.20699999, 
        "39": 164924352.73100001, 
        "40": 143060739.699, 
        "41": 225397162.51300001, 
        "42": 196382038.98699999, 
        "43": 151695255.01699999, 
        "44": 113778753.449, 
        "45": 238065167.55599999, 
        "46": 201058063.75600001, 
        "47": 156458687.25799999, 
        "48": 130846489.402, 
        "49": 95134293.592999995, 
        "50": 125435091.443, 
        "51": 249547707.25400001, 
        "52": 256544625.84799999, 
        "53": 376817139.03399998, 
        "54": 157694745.5, 
        "55": 253572527.435, 
        "56": 163519778.41299999, 
        "57": 317704538.64300001, 
        "58": 337144593.35699999, 
        "59": 277470556.34100002, 
        "60": 209350725.68399999, 
        "61": 136760331.59099999, 
        "62": 185042769.88499999, 
        "63": 290579852.21700001, 
        "64": 119275498.167, 
        "65": 179496128.264, 
        "66": 132763019.19400001, 
        "67": 151819389.04800001, 
        "68": 128805442.936, 
        "69": 114462937.62, 
        "70": 103269468.744, 
        "71": 162444860.83899999, 
        "72": 183443392.167, 
        "73": 175463310.023, 
        "74": 212784806.19800001, 
        "75": 235186909.26800001, 
        "76": 108704356.00399999, 
        "77": 331643430.72799999, 
        "78": 200216668.53099999, 
        "79": 131828027.99699999, 
        "80": 293925030.75700003, 
        "81": 173077133.50600001, 
        "82": 157051890.85499999, 
        "83": 86180310.555000007, 
        "84": 105954967.544, 
        "85": 224687332.745, 
        "86": 291447776.54799998, 
        "87": 186721362.43700001, 
        "88": 238899010.336, 
        "89": 255476182.40599999, 
        "90": 229755357.00400001, 
        "91": 102315829.54000001, 
        "92": 112315598.43799999, 
        "93": 104761763.789, 
        "94": 218890259.965, 
        "95": 370519391.56999999, 
        "96": 200425157.792, 
        "97": 121151501.557, 
        "98": 109581240.92900001, 
        "99": 172198117.65599999
    }, 
    "averaged_NPV": 199698224.10157001
}