{
    "std": 72912493.753923967, 
    "raw_results": {
        "0": 434090315.95899999, 
        "1": 284143071.16500002, 
        "2": 242695765.347, 
        "3": 184592357.83399999, 
        "4": 204194953.236, 
        "5": 213746881.11899999, 
        "6": 198183320.12799999, 
        "7": 190594908.56, 
        "8": 155020966.46799999, 
        "9": 81963369.377000004, 
        "10": 146948333.509, 
        "11": 171663728.748, 
        "12": 116676189.91599999, 
        "13": 167688222.01300001, 
        "14": 170799711.53200001, 
        "15": 382683377.30900002, 
        "16": 222868095.477, 
        "17": 261091146.831, 
        "18": 218667525.99399999, 
        "19": 209338394.63999999, 
        "20": 217842858.292, 
        "21": 152924652.42199999, 
        "22": 197490069.78999999, 
        "23": 321469964.11000001, 
        "24": 239379101.93900001, 
        "25": 333683281.78100002, 
        "26": 211878589.89700001, 
        "27": 214049019.56799999, 
        "28": 286269389.287, 
        "29": 281064544.74699998, 
        "30": 241080222.139, 
        "31": 151349122.82800001, 
        "32": 260462638.83700001, 
        "33": 143452022.222, 
        "34": 141867316.21399999, 
        "35": 200660967.352, 
        "36": 166682258.24599999, 
        "37": 317013996.551, 
        "38": 176384315.64300001, 
        "39": 168585012.995, 
        "40": 147724099.53099999, 
        "41": 228999036.37799999, 
        "42": 196876370.127, 
        "43": 153873989.495, 
        "44": 118212794.84900001, 
        "45": 241409793.29899999, 
        "46": 200874424.88600001, 
        "47": 159006373.44299999, 
        "48": 136257656.19999999, 
        "49": 99120631.991999999, 
        "50": 129688984.69499999, 
        "51": 252625836.007, 
        "52": 260451999.45199999, 
        "53": 384930784.50199997, 
        "54": 161152401.15799999, 
        "55": 256273783.92500001, 
        "56": 166810100.06200001, 
        "57": 320344375.23400003, 
        "58": 339851784.69700003, 
        "59": 280821049.85000002, 
        "60": 213435094.50099999, 
        "61": 140296379.79899999, 
        "62": 184903779.74000001, 
        "63": 293806876.21100003, 
        "64": 122478620.918, 
        "65": 183418839.99900001, 
        "66": 135919879.52599999, 
        "67": 153515315.92199999, 
        "68": 132266226.94400001, 
        "69": 117142706.914, 
        "70": 108291672.88600001, 
        "71": 166289629.51499999, 
        "72": 186302347.861, 
        "73": 176923456.03999999, 
        "74": 215652074.89500001, 
        "75": 237737885.32699999, 
        "76": 111189561.845, 
        "77": 335961468.58600003, 
        "78": 203874889.18599999, 
        "79": 133238854.958, 
        "80": 296630540.38800001, 
        "81": 176508963.692, 
        "82": 159188426.521, 
        "83": 90302240.104000002, 
        "84": 108849318.131, 
        "85": 228579784.28299999, 
        "86": 297737381.94199997, 
        "87": 191709824.699, 
        "88": 241949215.61199999, 
        "89": 257704521.104, 
        "90": 233403300.641, 
        "91": 105127411.19400001, 
        "92": 116770747.973, 
        "93": 107975469.35699999, 
        "94": 222143946.486, 
        "95": 377313259.48799998, 
        "96": 201846282.81900001, 
        "97": 126229732.102, 
        "98": 112410090.774, 
        "99": 175676453.773
    }, 
    "averaged_NPV": 202972487.22459999
}