{
    "std": 72497765.335072398, 
    "raw_results": {
        "0": 426702267.16299999, 
        "1": 278454657.588, 
        "2": 237923641.125, 
        "3": 178319502.44600001, 
        "4": 197388031.24599999, 
        "5": 209060154.55700001, 
        "6": 194230763.44100001, 
        "7": 184443019.90700001, 
        "8": 152893246.51100001, 
        "9": 77185132.614999995, 
        "10": 140074238.81, 
        "11": 166140091.06299999, 
        "12": 110711134.815, 
        "13": 160891697.632, 
        "14": 165683503.16, 
        "15": 377845436.72399998, 
        "16": 217259914.639, 
        "17": 254857711.58700001, 
        "18": 215032949.55399999, 
        "19": 203544801.81299999, 
        "20": 210968867.92399999, 
        "21": 148169439.90000001, 
        "22": 191686303.76699999, 
        "23": 313633238.76300001, 
        "24": 233057194.18000001, 
        "25": 324865908.24800003, 
        "26": 206561374.68799999, 
        "27": 208916753.54699999, 
        "28": 280483016.25700003, 
        "29": 273308991.06300002, 
        "30": 235110681.16, 
        "31": 144051051.442, 
        "32": 253951173.68700001, 
        "33": 137586394.92699999, 
        "34": 133998697.995, 
        "35": 194679702.05599999, 
        "36": 164374483.39700001, 
        "37": 310159878.47399998, 
        "38": 171001170.84200001, 
        "39": 162307465.683, 
        "40": 139984803.183, 
        "41": 222883824.59400001, 
        "42": 194213795.80700001, 
        "43": 146743107.14700001, 
        "44": 112821613.43000001, 
        "45": 235737341.546, 
        "46": 198049177.204, 
        "47": 153851578.18700001, 
        "48": 128861952.911, 
        "49": 92820586.642000005, 
        "50": 123422355.20900001, 
        "51": 246750925.71399999, 
        "52": 253857588.54800001, 
        "53": 382546303.95499998, 
        "54": 155031151.21000001, 
        "55": 250292525.61000001, 
        "56": 160954398.73899999, 
        "57": 314195041.40700001, 
        "58": 331264198.40600002, 
        "59": 272357681.56199998, 
        "60": 206529164.79699999, 
        "61": 134435162.528, 
        "62": 182190634.785, 
        "63": 287802438.29500002, 
        "64": 117369497.42399999, 
        "65": 176406907.86300001, 
        "66": 130721424.984, 
        "67": 147083768.86000001, 
        "68": 124562719.462, 
        "69": 112097464.925, 
        "70": 101164554.854, 
        "71": 160236185.266, 
        "72": 180744295.15099999, 
        "73": 172403756.141, 
        "74": 208716386.081, 
        "75": 232829448.16800001, 
        "76": 105145294.774, 
        "77": 326843298.03600001, 
        "78": 197292667.81799999, 
        "79": 127948461.516, 
        "80": 291304991.84899998, 
        "81": 170415149.46200001, 
        "82": 154684541.461, 
        "83": 84411977.441, 
        "84": 103485068.557, 
        "85": 221913640.98300001, 
        "86": 286205302.90799999, 
        "87": 184924702.58700001, 
        "88": 236382003.81099999, 
        "89": 251173616.301, 
        "90": 227185671.91999999, 
        "91": 98710477.525999993, 
        "92": 111078471.23999999, 
        "93": 102375688.31900001, 
        "94": 216296664.98199999, 
        "95": 365359035.35100001, 
        "96": 196984807.10100001, 
        "97": 119416622.07600001, 
        "98": 107659988.61, 
        "99": 169408112.99000001
    }, 
    "averaged_NPV": 196960537.02610007
}