{
    "std": 72931510.319291279, 
    "raw_results": {
        "0": 433453721.87599999, 
        "1": 278000655.30599999, 
        "2": 237582470.132, 
        "3": 178314263.32699999, 
        "4": 197388031.24599999, 
        "5": 208930980.74399999, 
        "6": 194126300.833, 
        "7": 184399336.27900001, 
        "8": 152893246.51100001, 
        "9": 77185132.614999995, 
        "10": 140074238.81, 
        "11": 166140091.06299999, 
        "12": 110656716.17900001, 
        "13": 160864300.28999999, 
        "14": 165493325.72299999, 
        "15": 372710558.477, 
        "16": 217018850.69299999, 
        "17": 254508783.42699999, 
        "18": 214892363.81099999, 
        "19": 203496097.824, 
        "20": 210962330.95300001, 
        "21": 148169439.90000001, 
        "22": 191486491.97999999, 
        "23": 314787893.80599999, 
        "24": 232819319.12599999, 
        "25": 327559044.815, 
        "26": 206485746.78, 
        "27": 208758501.72799999, 
        "28": 280165828.16000003, 
        "29": 276188009.741, 
        "30": 234933671.664, 
        "31": 144040969.57800001, 
        "32": 254773117.64500001, 
        "33": 137586394.92699999, 
        "34": 133998697.995, 
        "35": 194679702.05599999, 
        "36": 164368468.329, 
        "37": 310786119.48000002, 
        "38": 170961314.42199999, 
        "39": 162271046.28099999, 
        "40": 139984803.183, 
        "41": 222439324.25600001, 
        "42": 194049659.683, 
        "43": 146743107.14700001, 
        "44": 112821613.43000001, 
        "45": 235221819.37200001, 
        "46": 197916440.66999999, 
        "47": 153786272.463, 
        "48": 128861952.911, 
        "49": 92820586.642000005, 
        "50": 123422355.20900001, 
        "51": 246475303.05000001, 
        "52": 253427648.43200001, 
        "53": 383637268.18900001, 
        "54": 155031151.21000001, 
        "55": 251334391.07100001, 
        "56": 160954398.73899999, 
        "57": 314976005.375, 
        "58": 334900984.847, 
        "59": 272936873.66399997, 
        "60": 206408115.845, 
        "61": 134435162.528, 
        "62": 182119360.17699999, 
        "63": 287365472.676, 
        "64": 117369497.42399999, 
        "65": 176406907.86300001, 
        "66": 130721424.984, 
        "67": 147090901.58899999, 
        "68": 124562719.462, 
        "69": 112097464.925, 
        "70": 101164554.854, 
        "71": 160209577.51199999, 
        "72": 180725256.528, 
        "73": 172403756.141, 
        "74": 210121531.514, 
        "75": 232665729.08899999, 
        "76": 105145294.774, 
        "77": 328731259.80199999, 
        "78": 197181955.08199999, 
        "79": 127948461.516, 
        "80": 291065099.597, 
        "81": 170289946.37900001, 
        "82": 152904163.85800001, 
        "83": 84411977.441, 
        "84": 103485068.557, 
        "85": 221896708.92399999, 
        "86": 288046728.43900001, 
        "87": 184902253.81299999, 
        "88": 235979302.97799999, 
        "89": 253149873.16999999, 
        "90": 226903204.77900001, 
        "91": 98710477.525999993, 
        "92": 111078471.23999999, 
        "93": 102375688.31900001, 
        "94": 216260630.15799999, 
        "95": 367883754.04100001, 
        "96": 196984807.10100001, 
        "97": 119416622.07600001, 
        "98": 107659988.61, 
        "99": 169408112.99000001
    }, 
    "averaged_NPV": 197133408.18355998
}