{
    "std": 65979561.008886695, 
    "raw_results": {
        "0": 399610031.27700001, 
        "1": 266566547.127, 
        "2": 232804054.41600001, 
        "3": 173192201.77700001, 
        "4": 194370586.34999999, 
        "5": 199739283.97999999, 
        "6": 187709598.12200001, 
        "7": 178354386.39399999, 
        "8": 149444461.065, 
        "9": 82575285.487000003, 
        "10": 142611836.491, 
        "11": 163419130.61700001, 
        "12": 112646931.63500001, 
        "13": 159149938.62799999, 
        "14": 162548112.51199999, 
        "15": 352469678.30699998, 
        "16": 206537468.78200001, 
        "17": 243981056.757, 
        "18": 211739974.903, 
        "19": 195424291.58000001, 
        "20": 201907674.83399999, 
        "21": 148264937.98100001, 
        "22": 183609113.63100001, 
        "23": 300733697.08200002, 
        "24": 226722971.324, 
        "25": 308465355.98000002, 
        "26": 196657257.38999999, 
        "27": 199159950.33899999, 
        "28": 267658361.255, 
        "29": 261907455.83199999, 
        "30": 229190642.44100001, 
        "31": 143953033.417, 
        "32": 244004527.574, 
        "33": 137843804.917, 
        "34": 136369170.30199999, 
        "35": 188862298.565, 
        "36": 159065341.89300001, 
        "37": 295362195.30800003, 
        "38": 167074870.33399999, 
        "39": 159922293.146, 
        "40": 139213308.213, 
        "41": 212922341.44600001, 
        "42": 185876482.891, 
        "43": 146019100.63999999, 
        "44": 114944300.29899999, 
        "45": 227649996.81200001, 
        "46": 191497013.62099999, 
        "47": 152052903.01699999, 
        "48": 131986183.25399999, 
        "49": 97444337.931999996, 
        "50": 126699051.009, 
        "51": 238542645.49900001, 
        "52": 245034740.50600001, 
        "53": 355202064.53299999, 
        "54": 154564246.06600001, 
        "55": 241159494.44400001, 
        "56": 159533588.18000001, 
        "57": 297864528.43800002, 
        "58": 317858723.417, 
        "59": 263895916.917, 
        "60": 199749658.81299999, 
        "61": 134799342.52900001, 
        "62": 177381938.942, 
        "63": 276726269.47799999, 
        "64": 119477156.332, 
        "65": 175338998.69999999, 
        "66": 131591665.051, 
        "67": 148435520.08399999, 
        "68": 128092426.638, 
        "69": 115199743.148, 
        "70": 107632795.215, 
        "71": 159848927.47400001, 
        "72": 174352291.27599999, 
        "73": 167526837.359, 
        "74": 198939565.565, 
        "75": 224855094.08500001, 
        "76": 109393695.594, 
        "77": 310990986.46100003, 
        "78": 193003018.42399999, 
        "79": 129330466.118, 
        "80": 278450645.08200002, 
        "81": 167949896.678, 
        "82": 153585050.66800001, 
        "83": 90193324.298999995, 
        "84": 106390208.42299999, 
        "85": 218299552.912, 
        "86": 277624417.36400002, 
        "87": 181966993.868, 
        "88": 228597026.08000001, 
        "89": 241008682.34799999, 
        "90": 220757425.09599999, 
        "91": 103052306.05599999, 
        "92": 114031738.726, 
        "93": 108302719.11300001, 
        "94": 210330709.991, 
        "95": 348842333.17199999, 
        "96": 191021195.06, 
        "97": 119608434.07600001, 
        "98": 110565739.42900001, 
        "99": 169194957.61399999
    }, 
    "averaged_NPV": 191940305.30227005
}