{
    "std": 72977200.922874853, 
    "raw_results": {
        "0": 434073161.03799999, 
        "1": 277876542.00400001, 
        "2": 234893909.521, 
        "3": 174793661.375, 
        "4": 196770092.12, 
        "5": 205654185.65799999, 
        "6": 192418469.36000001, 
        "7": 181729019.88299999, 
        "8": 150574603.252, 
        "9": 77442340.224999994, 
        "10": 140851741.94299999, 
        "11": 165809557.05199999, 
        "12": 110808263.296, 
        "13": 162232275.09799999, 
        "14": 163285875.54100001, 
        "15": 372148080.85699999, 
        "16": 216644599.294, 
        "17": 254316636.48800001, 
        "18": 211632723.09099999, 
        "19": 203062255.45899999, 
        "20": 205944221.13800001, 
        "21": 147088586.19400001, 
        "22": 191389291.382, 
        "23": 314253189.64300001, 
        "24": 232697217.45899999, 
        "25": 327609677.56099999, 
        "26": 206859361.06999999, 
        "27": 208411749.88499999, 
        "28": 279745251.31999999, 
        "29": 276296224.42799997, 
        "30": 234918578.50299999, 
        "31": 143700146.03400001, 
        "32": 254734841.44299999, 
        "33": 135648559.382, 
        "34": 132917804.60699999, 
        "35": 194413360.322, 
        "36": 160569598.11700001, 
        "37": 310007534.39700001, 
        "38": 170260062.84900001, 
        "39": 161747408.014, 
        "40": 141199277.51100001, 
        "41": 222426599.15599999, 
        "42": 191828942.70899999, 
        "43": 145872184.745, 
        "44": 111393630.18799999, 
        "45": 235023034.252, 
        "46": 195510003.42199999, 
        "47": 154206682.45100001, 
        "48": 127170720.914, 
        "49": 92937075.715000004, 
        "50": 122346005.002, 
        "51": 246460904.98899999, 
        "52": 253046700.317, 
        "53": 383073358.148, 
        "54": 155592052.167, 
        "55": 250809682.91100001, 
        "56": 160484297.83199999, 
        "57": 314487395.13999999, 
        "58": 334221961.18599999, 
        "59": 272337002.16100001, 
        "60": 204774817.919, 
        "61": 133854233.48, 
        "62": 180401323.30199999, 
        "63": 286909794.912, 
        "64": 117698679.41599999, 
        "65": 177459391.498, 
        "66": 130193118.087, 
        "67": 148049923.442, 
        "68": 124679171.57099999, 
        "69": 112404504.921, 
        "70": 100968405.854, 
        "71": 160287210.73199999, 
        "72": 180739376.546, 
        "73": 171293242.42500001, 
        "74": 209940251.49900001, 
        "75": 233765485.685, 
        "76": 105684567.50399999, 
        "77": 328541298.94, 
        "78": 196876241.24000001, 
        "79": 127532983.00300001, 
        "80": 290636034.403, 
        "81": 170848887.787, 
        "82": 153615179.699, 
        "83": 83557037.591000006, 
        "84": 102924108.573, 
        "85": 217984528.61700001, 
        "86": 290792645.074, 
        "87": 181547931.667, 
        "88": 235802505.08700001, 
        "89": 252880765.706, 
        "90": 226665366.01199999, 
        "91": 98624369.752000004, 
        "92": 110290864.251, 
        "93": 102688372.756, 
        "94": 215613413.90200001, 
        "95": 367253557.31300002, 
        "96": 195267956.579, 
        "97": 118263419.098, 
        "98": 107027024.20900001, 
        "99": 169899402.95899999
    }, 
    "averaged_NPV": 196508955.60229999
}