{
    "std": 72689713.922062099, 
    "raw_results": {
        "0": 432782857.08499998, 
        "1": 278266065.417, 
        "2": 238006252.94400001, 
        "3": 178845790.30899999, 
        "4": 197738602.57600001, 
        "5": 208855354.34999999, 
        "6": 194756454.80199999, 
        "7": 184122576.639, 
        "8": 153421482.55500001, 
        "9": 76925947.768000007, 
        "10": 142739820.43399999, 
        "11": 166620810.123, 
        "12": 111189483.73800001, 
        "13": 161175690.45100001, 
        "14": 165529778.62099999, 
        "15": 371196793.14899999, 
        "16": 217314803.62799999, 
        "17": 255025432.94600001, 
        "18": 215299627.56900001, 
        "19": 203879148.11700001, 
        "20": 211300571.24599999, 
        "21": 147977898.185, 
        "22": 192016657.829, 
        "23": 314208001.37199998, 
        "24": 233334811.21000001, 
        "25": 326578743.14099997, 
        "26": 206974782.04300001, 
        "27": 209043152.88999999, 
        "28": 280454217.125, 
        "29": 275640644.02999997, 
        "30": 235356080.852, 
        "31": 144492928.81099999, 
        "32": 255115975.54499999, 
        "33": 138180267.93799999, 
        "34": 134043797.873, 
        "35": 195029639.81600001, 
        "36": 164938484.54899999, 
        "37": 310547259.94300002, 
        "38": 171174114.62599999, 
        "39": 162819371.28400001, 
        "40": 140582475.54499999, 
        "41": 222794651.32600001, 
        "42": 193951071.93099999, 
        "43": 146780698.671, 
        "44": 112212641.755, 
        "45": 235513823.708, 
        "46": 198355882.36300001, 
        "47": 154357930.95100001, 
        "48": 129168529.65899999, 
        "49": 93273831.321999997, 
        "50": 123516550.691, 
        "51": 246862473.523, 
        "52": 253766872.729, 
        "53": 383582179.27700001, 
        "54": 155467159.33899999, 
        "55": 251669565.53999999, 
        "56": 161216127.965, 
        "57": 314713146.29900002, 
        "58": 334054232.25099999, 
        "59": 272687943.10600001, 
        "60": 206795006.40400001, 
        "61": 134794363.28999999, 
        "62": 182657318.43099999, 
        "63": 287586563.40100002, 
        "64": 117595505.794, 
        "65": 176874811.32699999, 
        "66": 130860595.51199999, 
        "67": 147178886.08500001, 
        "68": 126676609.883, 
        "69": 112498696.811, 
        "70": 101461901.271, 
        "71": 160631852.85600001, 
        "72": 181262083.31600001, 
        "73": 172992265.56799999, 
        "74": 209723238.43399999, 
        "75": 232922000.72, 
        "76": 106418147.71799999, 
        "77": 328129407.37599999, 
        "78": 197681677.57800001, 
        "79": 128109645.94499999, 
        "80": 291214599.86699998, 
        "81": 170942328.86500001, 
        "82": 154543343.861, 
        "83": 84586603.706, 
        "84": 103929117.91599999, 
        "85": 222123112.85100001, 
        "86": 287512860.89300001, 
        "87": 184812261.19600001, 
        "88": 236102086.71000001, 
        "89": 252363245.84900001, 
        "90": 227240340.86399999, 
        "91": 99577232.106000006, 
        "92": 110695031.15800001, 
        "93": 102415934.92900001, 
        "94": 216531628.118, 
        "95": 368072854.55400002, 
        "96": 197290299.85499999, 
        "97": 119017385.184, 
        "98": 107773566.325, 
        "99": 169649793.07499999
    }, 
    "averaged_NPV": 197366921.67082
}