{
    "std": 72792161.081422448, 
    "raw_results": {
        "0": 435345646.79400003, 
        "1": 280376763.65700001, 
        "2": 239044940.55500001, 
        "3": 178102330.74200001, 
        "4": 200598996.05899999, 
        "5": 211825627.259, 
        "6": 195510520.456, 
        "7": 184043486.81799999, 
        "8": 153437946.89399999, 
        "9": 79834458.201000005, 
        "10": 143466235.65799999, 
        "11": 168513604.24599999, 
        "12": 113263583.69599999, 
        "13": 164962361.55599999, 
        "14": 166089737.96399999, 
        "15": 374522936.50800002, 
        "16": 219538813.76199999, 
        "17": 257171947.493, 
        "18": 215665015.93200001, 
        "19": 206126081.94400001, 
        "20": 208845123.25400001, 
        "21": 149884528.845, 
        "22": 194058565.50400001, 
        "23": 316597005.889, 
        "24": 235575833.30700001, 
        "25": 329594428.80699998, 
        "26": 209380147.15099999, 
        "27": 212617896.51499999, 
        "28": 282465847.79100001, 
        "29": 278283889.82200003, 
        "30": 238477921.44999999, 
        "31": 145914696.39700001, 
        "32": 257052212.41800001, 
        "33": 138696128.99000001, 
        "34": 136487204.752, 
        "35": 193890390.71799999, 
        "36": 164216387.03, 
        "37": 312920563.27499998, 
        "38": 173616208.61399999, 
        "39": 165159619.836, 
        "40": 144080145.95199999, 
        "41": 224903584.55599999, 
        "42": 194147571.59099999, 
        "43": 148796859.516, 
        "44": 113209228.711, 
        "45": 237532694.505, 
        "46": 198530206.53200001, 
        "47": 156419682.896, 
        "48": 131152365.706, 
        "49": 95433578.510000005, 
        "50": 125757496.26000001, 
        "51": 249043494.88699999, 
        "52": 256068915.40900001, 
        "53": 385271227.59200001, 
        "54": 155786534.104, 
        "55": 253581572.49599999, 
        "56": 163263230.87900001, 
        "57": 316935941.86500001, 
        "58": 337351543.82599998, 
        "59": 275226031.09500003, 
        "60": 207172455.45100001, 
        "61": 136047164.743, 
        "62": 183992386.92899999, 
        "63": 289959738.065, 
        "64": 120035360.65700001, 
        "65": 181141586.80700001, 
        "66": 133345304.53, 
        "67": 150443039.794, 
        "68": 127390124.134, 
        "69": 115235092.829, 
        "70": 103682887.492, 
        "71": 163342601.61500001, 
        "72": 180901558.91, 
        "73": 174459021.706, 
        "74": 212446739.234, 
        "75": 236273252.31, 
        "76": 108312838.65899999, 
        "77": 330841346.08399999, 
        "78": 199898500.78200001, 
        "79": 130233118.719, 
        "80": 293531176.35600001, 
        "81": 174388002.44800001, 
        "82": 155788413.998, 
        "83": 86533355.493000001, 
        "84": 105386495.836, 
        "85": 221500124.62200001, 
        "86": 283688614.61799997, 
        "87": 184135240.92199999, 
        "88": 238245326.141, 
        "89": 254953003.06299999, 
        "90": 229336169.43599999, 
        "91": 101514206.33400001, 
        "92": 112643817.119, 
        "93": 104599233.77, 
        "94": 218897888.26300001, 
        "95": 369660779.10100001, 
        "96": 198931722.00400001, 
        "97": 120887114.78300001, 
        "98": 109879700.553, 
        "99": 173226282.271
    }, 
    "averaged_NPV": 199165483.30028006
}