{
    "std": 65987852.99182076, 
    "raw_results": {
        "0": 399536405.199, 
        "1": 268515485.89499998, 
        "2": 229271963.079, 
        "3": 173486922.43799999, 
        "4": 194307559.65799999, 
        "5": 200799409.801, 
        "6": 188066044.44299999, 
        "7": 178735552.421, 
        "8": 149703026.785, 
        "9": 83603932.471000001, 
        "10": 142835818.91800001, 
        "11": 163584480.32300001, 
        "12": 112809015.973, 
        "13": 159887924.604, 
        "14": 162641364.998, 
        "15": 356286666.208, 
        "16": 206837460.80000001, 
        "17": 240595812.086, 
        "18": 209378659.75299999, 
        "19": 195943116.53099999, 
        "20": 202409358.70699999, 
        "21": 148538127.96700001, 
        "22": 184100230.567, 
        "23": 301199806.02899998, 
        "24": 222982540.148, 
        "25": 309730021.75800002, 
        "26": 197757274.23100001, 
        "27": 199822695.30000001, 
        "28": 271311187.16500002, 
        "29": 263592262.03299999, 
        "30": 224204166.46900001, 
        "31": 144170046.639, 
        "32": 239337385.09900001, 
        "33": 138025659.82600001, 
        "34": 136406539.211, 
        "35": 189220293.13999999, 
        "36": 159374247.20500001, 
        "37": 298494034.94099998, 
        "38": 167770721.46000001, 
        "39": 160284818.27599999, 
        "40": 139377956.61500001, 
        "41": 213324333.963, 
        "42": 186778034.646, 
        "43": 146281396.315, 
        "44": 115035772.074, 
        "45": 224807875.91800001, 
        "46": 191591368.84599999, 
        "47": 152291147.69400001, 
        "48": 132241242.564, 
        "49": 97607029.070999995, 
        "50": 126818689.259, 
        "51": 234172531.241, 
        "52": 242070091.95899999, 
        "53": 356556474.59600002, 
        "54": 154270570.25400001, 
        "55": 241264482.09799999, 
        "56": 159657266.00799999, 
        "57": 298695087.45700002, 
        "58": 317333849.50300002, 
        "59": 256323553.796, 
        "60": 199997368.16, 
        "61": 134925491.616, 
        "62": 176873314.412, 
        "63": 276974448.13200003, 
        "64": 119713783.767, 
        "65": 175264487.36399999, 
        "66": 131752075.428, 
        "67": 149039911.87, 
        "68": 128264604.036, 
        "69": 115216941.94400001, 
        "70": 107249285.978, 
        "71": 160039822.38299999, 
        "72": 174766133.19400001, 
        "73": 167973304.604, 
        "74": 200068537.25600001, 
        "75": 221279238.46700001, 
        "76": 109495961.315, 
        "77": 313480330.47100002, 
        "78": 193467515.734, 
        "79": 129481476.677, 
        "80": 278989556.51700002, 
        "81": 168379639.73899999, 
        "82": 153210324.38699999, 
        "83": 90271088.842999995, 
        "84": 106373880.229, 
        "85": 215395862.77599999, 
        "86": 279178123.80400002, 
        "87": 183105046.62400001, 
        "88": 225570261.979, 
        "89": 237275755.14899999, 
        "90": 216702320.46900001, 
        "91": 103212594.215, 
        "92": 114060620.59900001, 
        "93": 108414965.337, 
        "94": 207165827.264, 
        "95": 352112432.34899998, 
        "96": 191707434.868, 
        "97": 119839781.914, 
        "98": 110645048.34199999, 
        "99": 169171891.727
    }, 
    "averaged_NPV": 191781632.82371005
}