{
    "std": 72596653.284506187, 
    "raw_results": {
        "0": 420761420.97299999, 
        "1": 276846506.41100001, 
        "2": 233627648.49700001, 
        "3": 173786107.803, 
        "4": 195969546.59900001, 
        "5": 207857075.331, 
        "6": 191356240.32100001, 
        "7": 180046442.50099999, 
        "8": 148425969.37799999, 
        "9": 75603664.708000004, 
        "10": 139235920.933, 
        "11": 164263151.43099999, 
        "12": 109828853.067, 
        "13": 160923594.29100001, 
        "14": 162296953.73300001, 
        "15": 374333878.48100001, 
        "16": 215934940.39500001, 
        "17": 253351195.044, 
        "18": 210536990.75799999, 
        "19": 202147197.627, 
        "20": 209683035.507, 
        "21": 145670143.04300001, 
        "22": 190457005.66, 
        "23": 311048634.00599998, 
        "24": 231410498.52599999, 
        "25": 321995496.97000003, 
        "26": 205072773.57699999, 
        "27": 207439608.34, 
        "28": 277799374.76899999, 
        "29": 272167003.917, 
        "30": 233095952.086, 
        "31": 142539346.736, 
        "32": 252717087.90900001, 
        "33": 134722125.19800001, 
        "34": 132416098.279, 
        "35": 192901925.39500001, 
        "36": 160002392.081, 
        "37": 308429765.04000002, 
        "38": 169246803.926, 
        "39": 161325463.34400001, 
        "40": 139582122.90000001, 
        "41": 221380131.81, 
        "42": 190283536.48899999, 
        "43": 144548343.55599999, 
        "44": 109913346.11399999, 
        "45": 234090886.71200001, 
        "46": 193342212.111, 
        "47": 152685671.653, 
        "48": 126456055.627, 
        "49": 91974287.738000005, 
        "50": 120676512.28, 
        "51": 245329230.88999999, 
        "52": 252092734.722, 
        "53": 380362767.30400002, 
        "54": 154667520.91499999, 
        "55": 249303779.06900001, 
        "56": 159843582.928, 
        "57": 311622488.68900001, 
        "58": 335078100.70300001, 
        "59": 270725515.22799999, 
        "60": 205862093.74200001, 
        "61": 132518641.74600001, 
        "62": 177402999.361, 
        "63": 285825309.10000002, 
        "64": 116618684.90899999, 
        "65": 175527036.845, 
        "66": 129629891.323, 
        "67": 146981514.273, 
        "68": 123077124.928, 
        "69": 110685677.04899999, 
        "70": 100030746.35600001, 
        "71": 159446343.808, 
        "72": 179695541.97, 
        "73": 169627313.028, 
        "74": 207907694.831, 
        "75": 232424959.65400001, 
        "76": 104580546.111, 
        "77": 324397812.60900003, 
        "78": 196078787.09200001, 
        "79": 126600471.19599999, 
        "80": 288355290.07999998, 
        "81": 169686476.45899999, 
        "82": 152273859.55700001, 
        "83": 82342150.434, 
        "84": 101668102.759, 
        "85": 220504826.50400001, 
        "86": 286425669.86699998, 
        "87": 179741742.17899999, 
        "88": 234738444.89500001, 
        "89": 249945424.285, 
        "90": 225714592.958, 
        "91": 97475208.386000007, 
        "92": 108950252.839, 
        "93": 100095152.608, 
        "94": 214868082.32699999, 
        "95": 373132015.80599999, 
        "96": 193467199.45100001, 
        "97": 116901575.79799999, 
        "98": 105863179.49600001, 
        "99": 168261526.51199999
    }, 
    "averaged_NPV": 195165626.23160008
}