{
    "std": 72397403.681133345, 
    "raw_results": {
        "0": 423588344.35500002, 
        "1": 281110347.44499999, 
        "2": 241922634.54300001, 
        "3": 181750793.55500001, 
        "4": 200671235.58399999, 
        "5": 211294553.088, 
        "6": 195083581.73699999, 
        "7": 187619271.11899999, 
        "8": 152250605.17500001, 
        "9": 79787494.524000004, 
        "10": 143698020.45199999, 
        "11": 168857817.07499999, 
        "12": 113647116.682, 
        "13": 164370894.993, 
        "14": 167868104.31099999, 
        "15": 377858872.54699999, 
        "16": 219825660.565, 
        "17": 257657935.26199999, 
        "18": 214694165.62599999, 
        "19": 206301537.803, 
        "20": 214894015.748, 
        "21": 150331457.625, 
        "22": 194227054.926, 
        "23": 318693490.33999997, 
        "24": 235838852.86399999, 
        "25": 330845574.58899999, 
        "26": 209372090.088, 
        "27": 211696764.15200001, 
        "28": 283326728.80000001, 
        "29": 278843270.98400003, 
        "30": 238292001.192, 
        "31": 148790865.57300001, 
        "32": 257450374.083, 
        "33": 141116992.11899999, 
        "34": 138118937.495, 
        "35": 197741257.926, 
        "36": 167043578.301, 
        "37": 313655872.14999998, 
        "38": 173207655.71700001, 
        "39": 165546122.31200001, 
        "40": 142674645.96799999, 
        "41": 225392343.97499999, 
        "42": 197712723.55000001, 
        "43": 150769163.70500001, 
        "44": 116275276.374, 
        "45": 238162656.44, 
        "46": 197680702.64300001, 
        "47": 156443451.55000001, 
        "48": 133680901.86499999, 
        "49": 96046630.379999995, 
        "50": 126602926.442, 
        "51": 249709208.50099999, 
        "52": 256769685.53299999, 
        "53": 376849817.04799998, 
        "54": 158349896.07100001, 
        "55": 254013901.80199999, 
        "56": 163974781.213, 
        "57": 318255612.55199999, 
        "58": 337745976.80900002, 
        "59": 277699588.80400002, 
        "60": 209448549.211, 
        "61": 137623686.20500001, 
        "62": 181624859.00400001, 
        "63": 291008109.61400002, 
        "64": 120138727.987, 
        "65": 180502491.02399999, 
        "66": 133333043.551, 
        "67": 150678537.53099999, 
        "68": 129996170.23199999, 
        "69": 114760131.089, 
        "70": 104371657.34199999, 
        "71": 163620087.62599999, 
        "72": 183480925.764, 
        "73": 172536705.729, 
        "74": 212962546.706, 
        "75": 235325284.368, 
        "76": 109176595.265, 
        "77": 331732881.63300002, 
        "78": 200355406.111, 
        "79": 130831181.37899999, 
        "80": 294330230.51300001, 
        "81": 173225895.331, 
        "82": 156566018.303, 
        "83": 86855389.922999993, 
        "84": 106457997.986, 
        "85": 224845065.41600001, 
        "86": 293706601.44499999, 
        "87": 189781047.553, 
        "88": 238954829.285, 
        "89": 255893047.368, 
        "90": 229962030.58700001, 
        "91": 102457081.53200001, 
        "92": 112512041.118, 
        "93": 105799719.219, 
        "94": 219047549.88499999, 
        "95": 371128243.39099997, 
        "96": 197554800.19100001, 
        "97": 121707711.90800001, 
        "98": 109768479.743, 
        "99": 172813647.06999999
    }, 
    "averaged_NPV": 199905768.39788002
}