{
    "std": 72894659.654857591, 
    "raw_results": {
        "0": 433264154.79299998, 
        "1": 282605178.78899997, 
        "2": 243073525.58000001, 
        "3": 183229096.824, 
        "4": 202525687.25799999, 
        "5": 212578400.02500001, 
        "6": 196191692.12799999, 
        "7": 189107795.21700001, 
        "8": 158399334.39700001, 
        "9": 81170322.588, 
        "10": 145252030.10499999, 
        "11": 170404832.11300001, 
        "12": 115107431.148, 
        "13": 166020520.84999999, 
        "14": 169472644.71200001, 
        "15": 381247123.05699998, 
        "16": 221416256.248, 
        "17": 259222963.824, 
        "18": 220371124.43099999, 
        "19": 207919132.61500001, 
        "20": 215900593.41100001, 
        "21": 154014014.96900001, 
        "22": 195941304.88600001, 
        "23": 320365862.61900002, 
        "24": 237621718.46200001, 
        "25": 332482921.74699998, 
        "26": 210704436.095, 
        "27": 212849068.90799999, 
        "28": 284682720.80199999, 
        "29": 279915812.89899999, 
        "30": 239714827.99200001, 
        "31": 149110267.748, 
        "32": 259061696.042, 
        "33": 141746641.86500001, 
        "34": 139832720.338, 
        "35": 199104059.38299999, 
        "36": 168662657.15799999, 
        "37": 315290503.33399999, 
        "38": 174263567.27900001, 
        "39": 167212637.48100001, 
        "40": 146615083.986, 
        "41": 227247024.391, 
        "42": 198486334.34599999, 
        "43": 152073082.02900001, 
        "44": 116764207.858, 
        "45": 239866712.93900001, 
        "46": 199221393.273, 
        "47": 158168821.685, 
        "48": 135588022.51100001, 
        "49": 97939506.693000004, 
        "50": 126593297.383, 
        "51": 251155213.56600001, 
        "52": 258520529.45100001, 
        "53": 384092032.81599998, 
        "54": 159686272.65900001, 
        "55": 255048283.09799999, 
        "56": 165414509.09400001, 
        "57": 319288981.85299999, 
        "58": 338550800.27399999, 
        "59": 279443743.98900002, 
        "60": 211215082.76300001, 
        "61": 138831373.148, 
        "62": 186958530.76499999, 
        "63": 292163919.87400001, 
        "64": 120535812.99600001, 
        "65": 181658635.31400001, 
        "66": 134410338.278, 
        "67": 151959669.926, 
        "68": 131378231.668, 
        "69": 115799631.277, 
        "70": 105303742.45, 
        "71": 164726233.456, 
        "72": 184931928.79800001, 
        "73": 173743554.59799999, 
        "74": 214364227.22400001, 
        "75": 236562902.47, 
        "76": 110505421.20100001, 
        "77": 334368057.03299999, 
        "78": 201908072.90099999, 
        "79": 132149820.691, 
        "80": 295449987.23500001, 
        "81": 174915729.671, 
        "82": 157998119.38699999, 
        "83": 87902969.174999997, 
        "84": 107356102.779, 
        "85": 226483880.70300001, 
        "86": 294267308.449, 
        "87": 189843012.22799999, 
        "88": 240552771.19299999, 
        "89": 256801257.461, 
        "90": 231653697.94299999, 
        "91": 104010520.92, 
        "92": 115805004.502, 
        "93": 107367080.81299999, 
        "94": 220508373.535, 
        "95": 375800829.13300002, 
        "96": 199007617.752, 
        "97": 123916506.48100001, 
        "98": 111354608.015, 
        "99": 174382812.96399999
    }, 
    "averaged_NPV": 201656745.11183995
}