{
    "std": 73256793.977773353, 
    "raw_results": {
        "0": 428783557.66000003, 
        "1": 276953554.61699998, 
        "2": 234868398.403, 
        "3": 174281798.639, 
        "4": 196618182.34200001, 
        "5": 205687222.021, 
        "6": 191596643.491, 
        "7": 180632170.56799999, 
        "8": 149593311.171, 
        "9": 75677460.932999998, 
        "10": 140183410.86300001, 
        "11": 164762313.19400001, 
        "12": 109415960.10699999, 
        "13": 158472445.222, 
        "14": 162848465.32800001, 
        "15": 379661315.96600002, 
        "16": 216136703.68599999, 
        "17": 253401718.88999999, 
        "18": 211976962.88, 
        "19": 202445334.93599999, 
        "20": 204703438.68099999, 
        "21": 145842517.53400001, 
        "22": 190459572.55599999, 
        "23": 313758259.52200001, 
        "24": 231616773.646, 
        "25": 325580871.63099998, 
        "26": 205741963.97600001, 
        "27": 209315959.82800001, 
        "28": 278398926.44599998, 
        "29": 274954522.87599999, 
        "30": 234432503.727, 
        "31": 143448729.97499999, 
        "32": 253831401.57800001, 
        "33": 135662346.558, 
        "34": 132451997.79099999, 
        "35": 190165781.632, 
        "36": 160838066.69600001, 
        "37": 309421649.02700001, 
        "38": 169351421.942, 
        "39": 161374868.35299999, 
        "40": 139050248.59799999, 
        "41": 221460702.60100001, 
        "42": 190918419.301, 
        "43": 145275295.26300001, 
        "44": 110439949.51199999, 
        "45": 234186487.73100001, 
        "46": 194412612.646, 
        "47": 153779038.63299999, 
        "48": 126733265.686, 
        "49": 91949030.421000004, 
        "50": 122123223.516, 
        "51": 245344624.669, 
        "52": 252195537.41, 
        "53": 383093866.301, 
        "54": 151788812.42199999, 
        "55": 250178448.39500001, 
        "56": 158140914.57699999, 
        "57": 312790616.162, 
        "58": 331101374.31099999, 
        "59": 271720563.97500002, 
        "60": 203490381.96799999, 
        "61": 133129233.235, 
        "62": 180261246.697, 
        "63": 285812959.926, 
        "64": 114821564.624, 
        "65": 176931109.787, 
        "66": 129716979.228, 
        "67": 147220197.25299999, 
        "68": 123453903.735, 
        "69": 111477569.339, 
        "70": 98482294.391000003, 
        "71": 159893188.891, 
        "72": 177748051.553, 
        "73": 170437335.285, 
        "74": 209439152.62900001, 
        "75": 227562022.62400001, 
        "76": 104820890.44499999, 
        "77": 326103315.52899998, 
        "78": 195807579.43599999, 
        "79": 126859447.178, 
        "80": 289705026.45099998, 
        "81": 170592586.07300001, 
        "82": 152576942.50999999, 
        "83": 82607228.126000002, 
        "84": 101918275.726, 
        "85": 217924812.90200001, 
        "86": 289617081.39700001, 
        "87": 181249472.39700001, 
        "88": 234847165.64899999, 
        "89": 252277866.82699999, 
        "90": 225789771.583, 
        "91": 98019705.612000003, 
        "92": 109906672.131, 
        "93": 102091572.745, 
        "94": 215290894.59599999, 
        "95": 376901036.84500003, 
        "96": 194488774.12799999, 
        "97": 116950234.45100001, 
        "98": 107028643.471, 
        "99": 169369684.14399999
    }, 
    "averaged_NPV": 195646534.08539012
}