{
    "std": 73283244.409949839, 
    "raw_results": {
        "0": 431994219.19300002, 
        "1": 283468749.625, 
        "2": 241566546.86500001, 
        "3": 180169141.01899999, 
        "4": 203034439.87099999, 
        "5": 210359026.63, 
        "6": 197701616.183, 
        "7": 186436476.90700001, 
        "8": 156374674.141, 
        "9": 81067151.366999999, 
        "10": 143766898.11399999, 
        "11": 171165576.458, 
        "12": 114633540.392, 
        "13": 164282875.051, 
        "14": 168130828.495, 
        "15": 381848348.63599998, 
        "16": 222351386.39700001, 
        "17": 260121110.93099999, 
        "18": 218438201.18599999, 
        "19": 208303433.15900001, 
        "20": 211575528.94499999, 
        "21": 149616420.93099999, 
        "22": 192438880.27900001, 
        "23": 320697965.68900001, 
        "24": 239142913.93099999, 
        "25": 333082997.12900001, 
        "26": 206881233.11300001, 
        "27": 214317368.82600001, 
        "28": 285407636.75300002, 
        "29": 280586802.97799999, 
        "30": 240696095.05599999, 
        "31": 149656758.61700001, 
        "32": 259709565.375, 
        "33": 138500092.998, 
        "34": 139047321.06200001, 
        "35": 195874125.91800001, 
        "36": 166843807.40200001, 
        "37": 316209971.95300001, 
        "38": 173136602.53299999, 
        "39": 167720271.602, 
        "40": 143164689.29499999, 
        "41": 227935924.67300001, 
        "42": 196812238.15900001, 
        "43": 151447496.051, 
        "44": 114887367.373, 
        "45": 240571886.86000001, 
        "46": 201119320.19400001, 
        "47": 158871249.49900001, 
        "48": 132761072.87100001, 
        "49": 97442207.872999996, 
        "50": 127205948.60600001, 
        "51": 252171807.185, 
        "52": 259485148.37900001, 
        "53": 384573668.884, 
        "54": 156984929.21599999, 
        "55": 255588291.77599999, 
        "56": 163578675.56200001, 
        "57": 319995252.84200001, 
        "58": 338920170.60299999, 
        "59": 280048994.01800001, 
        "60": 210314299.336, 
        "61": 136330767.993, 
        "62": 186032943.11300001, 
        "63": 293069348.861, 
        "64": 119629590.285, 
        "65": 183210538.06400001, 
        "66": 134827396.162, 
        "67": 152893483.87200001, 
        "68": 128898974.934, 
        "69": 116822014.859, 
        "70": 105555172.168, 
        "71": 162175199.28799999, 
        "72": 183472643.498, 
        "73": 177010052.68700001, 
        "74": 214829676.81799999, 
        "75": 234461289.414, 
        "76": 109689807.685, 
        "77": 335294432.05000001, 
        "78": 202752600.94600001, 
        "79": 130638048.68099999, 
        "80": 295830250.34299999, 
        "81": 176071488.21000001, 
        "82": 158208243.18900001, 
        "83": 88059436.094999999, 
        "84": 107346603.123, 
        "85": 227362518.68599999, 
        "86": 286579804.77200001, 
        "87": 187865990.72799999, 
        "88": 241132517.31799999, 
        "89": 257273589.25, 
        "90": 232447427.77000001, 
        "91": 102933069.824, 
        "92": 114534170.93700001, 
        "93": 106529673.42900001, 
        "94": 221132535.61399999, 
        "95": 376577326.91399997, 
        "96": 200106291.859, 
        "97": 123130534.26899999, 
        "98": 112178867.28399999, 
        "99": 172669813.572
    }, 
    "averaged_NPV": 201158013.75529003
}