{
    "std": 72712025.032571971, 
    "raw_results": {
        "0": 424836158.93400002, 
        "1": 279746230.61299998, 
        "2": 239625276.57300001, 
        "3": 180306848.62, 
        "4": 202346152.03400001, 
        "5": 210289501.61399999, 
        "6": 196060275.61399999, 
        "7": 185320168.92699999, 
        "8": 154033385.197, 
        "9": 77845394.204999998, 
        "10": 143161042.505, 
        "11": 167702940.78799999, 
        "12": 112262979.118, 
        "13": 164867785.06600001, 
        "14": 166952005.06799999, 
        "15": 377521277.92799997, 
        "16": 218914988.456, 
        "17": 256498645.14899999, 
        "18": 216646578.15700001, 
        "19": 205286520.73699999, 
        "20": 212175585.85600001, 
        "21": 149081931.574, 
        "22": 193246280.49700001, 
        "23": 318117036.66600001, 
        "24": 234713035.449, 
        "25": 330244591.73799998, 
        "26": 208422969.64899999, 
        "27": 210607613.88800001, 
        "28": 282078057.565, 
        "29": 277283745.16100001, 
        "30": 236889721.74200001, 
        "31": 145176751.53799999, 
        "32": 256185444.03200001, 
        "33": 139042358.55500001, 
        "34": 135579723.264, 
        "35": 196492348.38, 
        "36": 166032826.37099999, 
        "37": 312493837.73799998, 
        "38": 172623090.796, 
        "39": 164041882.912, 
        "40": 141429937.11399999, 
        "41": 224238739.771, 
        "42": 195218433.917, 
        "43": 147682275.495, 
        "44": 112702271.54700001, 
        "45": 237110648.93700001, 
        "46": 199768507.05500001, 
        "47": 155407448.21200001, 
        "48": 130013799.815, 
        "49": 94888202.849999994, 
        "50": 124427251.02500001, 
        "51": 248588848.706, 
        "52": 255626413.67199999, 
        "53": 377826298.51300001, 
        "54": 156679216.741, 
        "55": 252828128.222, 
        "56": 162623240.21900001, 
        "57": 316746063.88300002, 
        "58": 336225744.89099997, 
        "59": 277194102.51599997, 
        "60": 208241512.479, 
        "61": 135918454.803, 
        "62": 183977252.35499999, 
        "63": 289561723.12699997, 
        "64": 118321643.12, 
        "65": 178202464.722, 
        "66": 131901011.678, 
        "67": 150838361.296, 
        "68": 127478856.259, 
        "69": 113488648.814, 
        "70": 102268549.889, 
        "71": 162078189.23899999, 
        "72": 182581755.79100001, 
        "73": 174301053.21200001, 
        "74": 211990283.07499999, 
        "75": 234303983.86199999, 
        "76": 107801511.12, 
        "77": 331326334.95899999, 
        "78": 199199063.97999999, 
        "79": 129193844.719, 
        "80": 292789366.78600001, 
        "81": 172122468.44100001, 
        "82": 156030018.44499999, 
        "83": 85434941.941, 
        "84": 104847150.54899999, 
        "85": 223785304.64500001, 
        "86": 290820851.39899999, 
        "87": 185632133.26100001, 
        "88": 237931211.39199999, 
        "89": 254711578.685, 
        "90": 228841867.12099999, 
        "91": 101671450.411, 
        "92": 111293113.55400001, 
        "93": 103493603.56200001, 
        "94": 218139091.52500001, 
        "95": 370683611.12699997, 
        "96": 198760969.13699999, 
        "97": 119895389.252, 
        "98": 108358544.896, 
        "99": 171124687.368
    }, 
    "averaged_NPV": 198773204.13771003
}