{
    "std": 72727898.166659847, 
    "raw_results": {
        "0": 434551153.14700001, 
        "1": 284175629.49599999, 
        "2": 243286562.39899999, 
        "3": 182129242.789, 
        "4": 205379758.50400001, 
        "5": 212810061.535, 
        "6": 200149660.359, 
        "7": 187483989.01800001, 
        "8": 157700076.10100001, 
        "9": 83410225.204999998, 
        "10": 147772655.46799999, 
        "11": 172841073.69499999, 
        "12": 116998317.19599999, 
        "13": 169101506.96799999, 
        "14": 169526583.61899999, 
        "15": 382666249.88300002, 
        "16": 219987659.97, 
        "17": 260859518.78299999, 
        "18": 220174218.535, 
        "19": 209753406.646, 
        "20": 213680158.32699999, 
        "21": 154435576.13999999, 
        "22": 193392840.47, 
        "23": 322982370.73500001, 
        "24": 235965046.565, 
        "25": 334156427.15399998, 
        "26": 208282356.94100001, 
        "27": 216251633.89399999, 
        "28": 286641011.34600002, 
        "29": 281443780.12900001, 
        "30": 237137410.79699999, 
        "31": 149795479.359, 
        "32": 260475082.505, 
        "33": 142283998.88299999, 
        "34": 141596019.06200001, 
        "35": 198673053.26899999, 
        "36": 168244373.52900001, 
        "37": 317092447.94800001, 
        "38": 177817975.60299999, 
        "39": 168486464.47999999, 
        "40": 147444997.361, 
        "41": 228571221.824, 
        "42": 197567941.68700001, 
        "43": 152675201.873, 
        "44": 116722261.04799999, 
        "45": 241251343.646, 
        "46": 203058600.55899999, 
        "47": 160518678.565, 
        "48": 137401756.07100001, 
        "49": 99550781.760000005, 
        "50": 130609337.32099999, 
        "51": 254142100.73899999, 
        "52": 259992346.80199999, 
        "53": 385701659.68199998, 
        "54": 160211560.15099999, 
        "55": 256685981.69600001, 
        "56": 167188514.60100001, 
        "57": 320882967.64200002, 
        "58": 341205500.046, 
        "59": 280676560.93199998, 
        "60": 211876534.831, 
        "61": 140077210.23699999, 
        "62": 188147632.16, 
        "63": 294154120.35000002, 
        "64": 123853274.63600001, 
        "65": 185776115.213, 
        "66": 136519818.16800001, 
        "67": 153443973.259, 
        "68": 133174878.874, 
        "69": 118540567.066, 
        "70": 108887899.199, 
        "71": 167918013.245, 
        "72": 184961285.08899999, 
        "73": 178295397.565, 
        "74": 215534546.889, 
        "75": 239422483.73899999, 
        "76": 111957842.939, 
        "77": 335974788.315, 
        "78": 203259018.449, 
        "79": 134270987.461, 
        "80": 298298119.273, 
        "81": 178079221.574, 
        "82": 159679958.241, 
        "83": 90559912.938999996, 
        "84": 109181569.661, 
        "85": 225363459.586, 
        "86": 289545098.07999998, 
        "87": 188356232.67199999, 
        "88": 241948273.23800001, 
        "89": 258259329.95300001, 
        "90": 233053982.43900001, 
        "91": 105322993.95200001, 
        "92": 116115916.581, 
        "93": 108437314.15899999, 
        "94": 218041220.75999999, 
        "95": 377248389.63599998, 
        "96": 204484499.47600001, 
        "97": 126471081.086, 
        "98": 113053366.853, 
        "99": 177700428.48500001
    }, 
    "averaged_NPV": 202968971.26785997
}