{
    "std": 73241372.782077447, 
    "raw_results": {
        "0": 428767593.73699999, 
        "1": 276846506.41100001, 
        "2": 233923864.24700001, 
        "3": 177956336.99200001, 
        "4": 196031100.88499999, 
        "5": 208045186.65599999, 
        "6": 191302557.014, 
        "7": 180694154.95100001, 
        "8": 149464912.28400001, 
        "9": 75670319.196999997, 
        "10": 139914636.01899999, 
        "11": 164571288.28400001, 
        "12": 109315042.51199999, 
        "13": 161364396.68000001, 
        "14": 162321706.48100001, 
        "15": 379586036.421, 
        "16": 215934940.39500001, 
        "17": 253351163.82800001, 
        "18": 211006624.85800001, 
        "19": 202295326.461, 
        "20": 205057684.815, 
        "21": 145478662.47, 
        "22": 190631746.26800001, 
        "23": 312185333.54799998, 
        "24": 231620113.96599999, 
        "25": 325538409.67000002, 
        "26": 205820460.63499999, 
        "27": 207433113.93599999, 
        "28": 278362072.14499998, 
        "29": 274905995.30900002, 
        "30": 233806780.285, 
        "31": 143000108.77700001, 
        "32": 253736596.19, 
        "33": 134831819.92300001, 
        "34": 132527600.949, 
        "35": 192900921.22400001, 
        "36": 160228852.91299999, 
        "37": 309367698.48199999, 
        "38": 169239706.03799999, 
        "39": 161328053.505, 
        "40": 137642010.271, 
        "41": 221380131.81, 
        "42": 190494212.618, 
        "43": 144803498.139, 
        "44": 110462846.26899999, 
        "45": 234090886.71200001, 
        "46": 194222424.882, 
        "47": 153333637.09, 
        "48": 126204424.059, 
        "49": 92198048.795000002, 
        "50": 121164124.022, 
        "51": 245298552.76899999, 
        "52": 252092734.722, 
        "53": 383037093.31099999, 
        "54": 154782407.36700001, 
        "55": 250252363.67899999, 
        "56": 159764045.046, 
        "57": 312783384.28299999, 
        "58": 331120084.94300002, 
        "59": 271747781.31900001, 
        "60": 203652625.75799999, 
        "61": 132675398.73100001, 
        "62": 178174179.852, 
        "63": 285825309.10000002, 
        "64": 116433581.728, 
        "65": 176156901.868, 
        "66": 129669186.57700001, 
        "67": 146984672.31799999, 
        "68": 123408138.956, 
        "69": 111524551.48199999, 
        "70": 100129655.579, 
        "71": 159471535.97499999, 
        "72": 180050031.49900001, 
        "73": 170210558.07300001, 
        "74": 209504774.76699999, 
        "75": 232368682.48100001, 
        "76": 104567851.632, 
        "77": 326082028.42900002, 
        "78": 196194614.38999999, 
        "79": 126701294.86399999, 
        "80": 288355290.07999998, 
        "81": 169980624.15700001, 
        "82": 152446214.627, 
        "83": 82441020.533000007, 
        "84": 102118847.692, 
        "85": 220603585.00799999, 
        "86": 288954205.12900001, 
        "87": 179727217.88299999, 
        "88": 234738444.89500001, 
        "89": 252226458.37599999, 
        "90": 225714592.958, 
        "91": 97756991.997999996, 
        "92": 109218712.98800001, 
        "93": 100065735.053, 
        "94": 214979848.96000001, 
        "95": 376839273.361, 
        "96": 193590461.914, 
        "97": 117164978.567, 
        "98": 106299571.56, 
        "99": 168875883.544
    }, 
    "averaged_NPV": 195651236.50809005
}