{
    "std": 65055646.912615038, 
    "raw_results": {
        "0": 402604017.70899999, 
        "1": 263570573.183, 
        "2": 229768635.31200001, 
        "3": 173849260.88600001, 
        "4": 195331162.98899999, 
        "5": 200696133.16999999, 
        "6": 190160924.41, 
        "7": 179167245.07699999, 
        "8": 151550605.245, 
        "9": 83778276.033000007, 
        "10": 142928756.14300001, 
        "11": 164138032.77500001, 
        "12": 113375727.281, 
        "13": 161242207.60800001, 
        "14": 162602114.889, 
        "15": 355846450.97299999, 
        "16": 207221593.82699999, 
        "17": 241755901.47299999, 
        "18": 210560011.44, 
        "19": 196199604.58700001, 
        "20": 203003807.567, 
        "21": 148147555.40700001, 
        "22": 184440399.63699999, 
        "23": 294507406.79799998, 
        "24": 224404211.65700001, 
        "25": 303592895.08099997, 
        "26": 197782075.773, 
        "27": 199867739.965, 
        "28": 264373923.868, 
        "29": 259911833.46000001, 
        "30": 225212301.15200001, 
        "31": 142528088.986, 
        "32": 240606738.33500001, 
        "33": 138633468.141, 
        "34": 136999075.729, 
        "35": 189441512.023, 
        "36": 159630400.285, 
        "37": 292421566.82599998, 
        "38": 169434250.25099999, 
        "39": 161192585.991, 
        "40": 139624139.546, 
        "41": 214945340.484, 
        "42": 187054866.84099999, 
        "43": 144871914.498, 
        "44": 114665738.54000001, 
        "45": 225766528.465, 
        "46": 192922411.273, 
        "47": 153179169.53400001, 
        "48": 133148306.84, 
        "49": 99098295.607999995, 
        "50": 127291225.53300001, 
        "51": 234960908.68000001, 
        "52": 242781067.678, 
        "53": 348611250.98500001, 
        "54": 151782376.683, 
        "55": 236953919.17399999, 
        "56": 160562862.69999999, 
        "57": 295002066.04299998, 
        "58": 319016041.52399999, 
        "59": 257938737.77000001, 
        "60": 200443210.308, 
        "61": 136162788.21700001, 
        "62": 177813489.23699999, 
        "63": 273581769.65799999, 
        "64": 118080816.76800001, 
        "65": 176153766.43900001, 
        "66": 130358502.226, 
        "67": 148225684.50400001, 
        "68": 129746933.20299999, 
        "69": 116007804.21699999, 
        "70": 108844935.074, 
        "71": 156787963.70899999, 
        "72": 175014807.24900001, 
        "73": 168643388.354, 
        "74": 200340034.74599999, 
        "75": 221801947.002, 
        "76": 109419420.01000001, 
        "77": 308079219.06599998, 
        "78": 193928391.44299999, 
        "79": 128874723.88500001, 
        "80": 274789936.30699998, 
        "81": 169085413.78, 
        "82": 152823195.648, 
        "83": 90964651.596000001, 
        "84": 106700897.005, 
        "85": 215610641.31299999, 
        "86": 271167037.51800001, 
        "87": 180101853.766, 
        "88": 227117703.63299999, 
        "89": 237347326.45500001, 
        "90": 218623098.88100001, 
        "91": 104179676.692, 
        "92": 113921136.831, 
        "93": 109244529.127, 
        "94": 207285188.491, 
        "95": 354030797.47500002, 
        "96": 193187009.139, 
        "97": 121258662.54799999, 
        "98": 111794014.105, 
        "99": 169984338.16800001
    }, 
    "averaged_NPV": 191501829.44134006
}