{
    "std": 66026180.025630787, 
    "raw_results": {
        "0": 399788662.48000002, 
        "1": 268367717.477, 
        "2": 229017012.81299999, 
        "3": 173454914.567, 
        "4": 194256349.76499999, 
        "5": 200736391.391, 
        "6": 188038835.19299999, 
        "7": 178618089.632, 
        "8": 149654224.09599999, 
        "9": 82707435.034999996, 
        "10": 142714520.77500001, 
        "11": 163538999.456, 
        "12": 112657804.57099999, 
        "13": 159806804.70300001, 
        "14": 162485903.47799999, 
        "15": 356242195.39600003, 
        "16": 206776531.01499999, 
        "17": 240422082.384, 
        "18": 209172971.43700001, 
        "19": 195850660.905, 
        "20": 202362201.38100001, 
        "21": 148420018.83399999, 
        "22": 183929391.17199999, 
        "23": 301323862.486, 
        "24": 222792125.97, 
        "25": 309736892.48500001, 
        "26": 197760813.949, 
        "27": 199835349.491, 
        "28": 271228294.35699999, 
        "29": 263540494.81, 
        "30": 224135110.46799999, 
        "31": 144026626.74700001, 
        "32": 239187152.646, 
        "33": 137911585.206, 
        "34": 136264330.234, 
        "35": 189220555.60499999, 
        "36": 159279191.59200001, 
        "37": 298363887.546, 
        "38": 167670361.42899999, 
        "39": 160176812.993, 
        "40": 139278886.45500001, 
        "41": 213159260.24399999, 
        "42": 186748814.836, 
        "43": 146163109.771, 
        "44": 114930873.427, 
        "45": 224581444.07800001, 
        "46": 191488175.60800001, 
        "47": 152214715.99399999, 
        "48": 132025524.236, 
        "49": 97475272.555000007, 
        "50": 126691340.45200001, 
        "51": 234124026.748, 
        "52": 241870360.67500001, 
        "53": 356744365.34799999, 
        "54": 154222651.99900001, 
        "55": 241371737.46700001, 
        "56": 159576878.211, 
        "57": 298568075.995, 
        "58": 317553015.10900003, 
        "59": 256256492.99900001, 
        "60": 199914451.03099999, 
        "61": 134835252.84400001, 
        "62": 176792891.044, 
        "63": 276844472.21499997, 
        "64": 119556333.375, 
        "65": 175259912.787, 
        "66": 131666872.454, 
        "67": 148932098.35600001, 
        "68": 128123379.774, 
        "69": 115345884.642, 
        "70": 107702816.551, 
        "71": 159895384.255, 
        "72": 174734029.56400001, 
        "73": 167971465.72099999, 
        "74": 200020369.26499999, 
        "75": 221309304.373, 
        "76": 109404996.02599999, 
        "77": 313320579.389, 
        "78": 193319373.382, 
        "79": 129395476.36300001, 
        "80": 279031962.63200003, 
        "81": 168261034.39500001, 
        "82": 152980781.68099999, 
        "83": 90175907.788000003, 
        "84": 106498391.124, 
        "85": 215272047.59200001, 
        "86": 279251740.722, 
        "87": 183031357.46799999, 
        "88": 225379541.37, 
        "89": 237276609.176, 
        "90": 216441947.36899999, 
        "91": 103161758.972, 
        "92": 113973032.412, 
        "93": 108257511.153, 
        "94": 207177862.708, 
        "95": 352143239.40899998, 
        "96": 191707544.07100001, 
        "97": 119704240.596, 
        "98": 110650679.417, 
        "99": 169101287.12599999
    }, 
    "averaged_NPV": 191703420.08769
}