{
    "std": 72863512.501794949, 
    "raw_results": {
        "0": 433234019.86299998, 
        "1": 282579516.95099998, 
        "2": 243048409.38699999, 
        "3": 183078006.458, 
        "4": 202418632.072, 
        "5": 212605106.88600001, 
        "6": 196187640.20100001, 
        "7": 189030706.40599999, 
        "8": 158347702.85699999, 
        "9": 81807043.944000006, 
        "10": 145275143.92399999, 
        "11": 170304763.38499999, 
        "12": 115172184.697, 
        "13": 165985079.27599999, 
        "14": 169143339.85600001, 
        "15": 381218133.90600002, 
        "16": 221327728.602, 
        "17": 259193952.29899999, 
        "18": 220306765.13699999, 
        "19": 207815810.70500001, 
        "20": 215811825.734, 
        "21": 154004531.90700001, 
        "22": 195798965.648, 
        "23": 320290984.37400001, 
        "24": 237571919.28600001, 
        "25": 332452663.58999997, 
        "26": 210698501.11300001, 
        "27": 212791106.24200001, 
        "28": 284633625.14399999, 
        "29": 279857119.66399997, 
        "30": 239626886.06299999, 
        "31": 149128103.66299999, 
        "32": 258987481.889, 
        "33": 141763869.28, 
        "34": 139361204.46700001, 
        "35": 199015693.36000001, 
        "36": 168650310.03299999, 
        "37": 315261389.29900002, 
        "38": 174192976.164, 
        "39": 167133851.81, 
        "40": 146684787.19299999, 
        "41": 227197022.169, 
        "42": 198452583.81099999, 
        "43": 152058025.514, 
        "44": 116781685.35699999, 
        "45": 239810803.72099999, 
        "46": 199108113.02900001, 
        "47": 158137900.67300001, 
        "48": 134652821.04800001, 
        "49": 97655282.650999993, 
        "50": 128048466.186, 
        "51": 251115704.727, 
        "52": 258504252.125, 
        "53": 384049443.17799997, 
        "54": 159616529.167, 
        "55": 254930242.176, 
        "56": 165339981.38, 
        "57": 319272433.00800002, 
        "58": 338486556.42400002, 
        "59": 279317061.16399997, 
        "60": 211142615.16800001, 
        "61": 138843265.61199999, 
        "62": 186917752.171, 
        "63": 292123004.51099998, 
        "64": 120537695.741, 
        "65": 181566409.36899999, 
        "66": 134327653.89399999, 
        "67": 151997866.324, 
        "68": 131254398.413, 
        "69": 117225040.66500001, 
        "70": 106732746.177, 
        "71": 164748708.947, 
        "72": 184836917.32600001, 
        "73": 173657399.36899999, 
        "74": 214191490.35299999, 
        "75": 236556304.67699999, 
        "76": 110434097.087, 
        "77": 334352473.44199997, 
        "78": 201733584.22600001, 
        "79": 132161762.15899999, 
        "80": 295387248.06599998, 
        "81": 174849294.25600001, 
        "82": 157944351.16800001, 
        "83": 88702358.413000003, 
        "84": 107295124.443, 
        "85": 226398668.73300001, 
        "86": 294154659.53500003, 
        "87": 189838971.15400001, 
        "88": 240511153.479, 
        "89": 256733616.05500001, 
        "90": 231590315.87, 
        "91": 103535384.889, 
        "92": 115820263.442, 
        "93": 106543692.233, 
        "94": 220423743.29100001, 
        "95": 375785656.58499998, 
        "96": 198876557.132, 
        "97": 123147113.29899999, 
        "98": 110447990.40099999, 
        "99": 174328391.70500001
    }, 
    "averaged_NPV": 201619881.30023
}