{
    "std": 72594991.869974196, 
    "raw_results": {
        "0": 426100689.185, 
        "1": 281965676.30000001, 
        "2": 242020574.935, 
        "3": 182061603.91600001, 
        "4": 204444875.46799999, 
        "5": 212152075.873, 
        "6": 197695460.40200001, 
        "7": 187414348.79800001, 
        "8": 155477787.23100001, 
        "9": 80998356.553000003, 
        "10": 145011328.96900001, 
        "11": 169549829.502, 
        "12": 114768357.62800001, 
        "13": 166947907.00400001, 
        "14": 168508771.60299999, 
        "15": 379896241.90700001, 
        "16": 220770702.039, 
        "17": 258658424.18900001, 
        "18": 218809017.48300001, 
        "19": 207270656.22600001, 
        "20": 214417197.322, 
        "21": 150970920.498, 
        "22": 195189723.55399999, 
        "23": 320137864.20300001, 
        "24": 237064898.86500001, 
        "25": 332095382.514, 
        "26": 210277828.109, 
        "27": 212448169.93799999, 
        "28": 284225464.56300002, 
        "29": 279399428.35500002, 
        "30": 239175772.09599999, 
        "31": 146299589.02599999, 
        "32": 258309029.52200001, 
        "33": 140514583.868, 
        "34": 138762351.15799999, 
        "35": 198655792.73800001, 
        "36": 167848449.01199999, 
        "37": 314595439.00300002, 
        "38": 174843505.34299999, 
        "39": 165580191.317, 
        "40": 146221104.083, 
        "41": 226284279.93399999, 
        "42": 197394891.17500001, 
        "43": 152563415.50299999, 
        "44": 114522860.454, 
        "45": 239112677.30899999, 
        "46": 202157433.34400001, 
        "47": 157258032.05599999, 
        "48": 134070983.51000001, 
        "49": 97577855.452000007, 
        "50": 127525337.633, 
        "51": 250673666.78299999, 
        "52": 257686978.49900001, 
        "53": 379743995.41000003, 
        "54": 158197751.91299999, 
        "55": 254511303.97099999, 
        "56": 164375919.89399999, 
        "57": 318911154.23400003, 
        "58": 338285596.49299997, 
        "59": 279017950.24199998, 
        "60": 210320675.03200001, 
        "61": 137754889.86300001, 
        "62": 186096651.405, 
        "63": 291733727.792, 
        "64": 120038171.598, 
        "65": 183170165.817, 
        "66": 133633344.267, 
        "67": 152519497.46900001, 
        "68": 129421961.60699999, 
        "69": 115128403.01800001, 
        "70": 105866806.551, 
        "71": 163076951.949, 
        "72": 184375786.43599999, 
        "73": 176437716.33700001, 
        "74": 213673698.94800001, 
        "75": 236175621.97, 
        "76": 109925649.142, 
        "77": 333743982.09200001, 
        "78": 201089957.454, 
        "79": 132513731.539, 
        "80": 295086672.23400003, 
        "81": 174042845.03600001, 
        "82": 158052961.61300001, 
        "83": 88440697.069999993, 
        "84": 106988477.04899999, 
        "85": 225792273.667, 
        "86": 293128350.972, 
        "87": 186566918.70899999, 
        "88": 239992809.02399999, 
        "89": 256541543.52500001, 
        "90": 230879690.34400001, 
        "91": 103273765.002, 
        "92": 113273774.69499999, 
        "93": 105529989.03200001, 
        "94": 219886635.79899999, 
        "95": 372443673.74299997, 
        "96": 201645767.99599999, 
        "97": 122064968.28200001, 
        "98": 110289880.919, 
        "99": 173136972.68099999
    }, 
    "averaged_NPV": 200911835.11784995
}