{
    "std": 72376359.230515286, 
    "raw_results": {
        "0": 422833393.60799998, 
        "1": 280632030.16100001, 
        "2": 239010479.14199999, 
        "3": 178077050.752, 
        "4": 200528004.29899999, 
        "5": 212033400.535, 
        "6": 195546335.59099999, 
        "7": 183946169.26699999, 
        "8": 153500884.15200001, 
        "9": 79710596.430999994, 
        "10": 143484174.40599999, 
        "11": 168451129.45500001, 
        "12": 113242244.68700001, 
        "13": 164964952.13100001, 
        "14": 166201812.10699999, 
        "15": 377343686.47600001, 
        "16": 219650408.80500001, 
        "17": 257282512.79300001, 
        "18": 215753914.86199999, 
        "19": 206106815.74599999, 
        "20": 208760209.69400001, 
        "21": 149908585.713, 
        "22": 194060221.081, 
        "23": 317560452.51700002, 
        "24": 235615708.45199999, 
        "25": 330075080.18199998, 
        "26": 209479770.706, 
        "27": 212768272.88, 
        "28": 282685893.71899998, 
        "29": 278100571.43900001, 
        "30": 238484781.28299999, 
        "31": 145954160.92300001, 
        "32": 257036766.21399999, 
        "33": 138708631.19100001, 
        "34": 136203648.02200001, 
        "35": 193840110.06900001, 
        "36": 164258354.81200001, 
        "37": 312967630.662, 
        "38": 173555677.90700001, 
        "39": 165171323.63, 
        "40": 144153064.56900001, 
        "41": 225210127.31299999, 
        "42": 194205871.54899999, 
        "43": 148836978.76199999, 
        "44": 113177941.478, 
        "45": 237952544.62200001, 
        "46": 198505058.25, 
        "47": 156502095.49900001, 
        "48": 130869140.24600001, 
        "49": 95335625.388999999, 
        "50": 125571113.38, 
        "51": 249352902.26300001, 
        "52": 256417840.308, 
        "53": 376587248.20099998, 
        "54": 155699500.70899999, 
        "55": 253219376.29699999, 
        "56": 163205505.40200001, 
        "57": 317483465.875, 
        "58": 336828159.00300002, 
        "59": 277197034.11000001, 
        "60": 207138402.89500001, 
        "61": 136066535.03200001, 
        "62": 183994383.41800001, 
        "63": 290124651.45499998, 
        "64": 119799154.367, 
        "65": 181093612.85600001, 
        "66": 133339138.866, 
        "67": 150312994.044, 
        "68": 127234032.72499999, 
        "69": 115254605.156, 
        "70": 103448987.01899999, 
        "71": 163310201.16299999, 
        "72": 180900821.542, 
        "73": 174483572.19, 
        "74": 212631045.12799999, 
        "75": 236472098.53999999, 
        "76": 108232831.90099999, 
        "77": 331511867.90399998, 
        "78": 199814978.69299999, 
        "79": 130186494.501, 
        "80": 293443160.28299999, 
        "81": 174443743.845, 
        "82": 155924700.74900001, 
        "83": 86450629.688999996, 
        "84": 105363727.654, 
        "85": 221540986.72600001, 
        "86": 284413363.45700002, 
        "87": 184082796.42699999, 
        "88": 238749653.69299999, 
        "89": 255300744.208, 
        "90": 229571765.01499999, 
        "91": 101469278.46699999, 
        "92": 112488278.417, 
        "93": 104261466.766, 
        "94": 218860103.31, 
        "95": 370375852.68099999, 
        "96": 198773915.91, 
        "97": 120771723.76000001, 
        "98": 109900848.02599999, 
        "99": 173187937.29699999
    }, 
    "averaged_NPV": 199045315.25501999
}