{
    "std": 72868504.927860975, 
    "raw_results": {
        "0": 434184003.46100003, 
        "1": 278935271.5, 
        "2": 237423219.009, 
        "3": 177000647.43099999, 
        "4": 198917121.83000001, 
        "5": 207800883.579, 
        "6": 194124297.12900001, 
        "7": 182875057.796, 
        "8": 152231770.70500001, 
        "9": 78771841.663000003, 
        "10": 142351013.84999999, 
        "11": 167518944.63600001, 
        "12": 111540730.388, 
        "13": 163568285.39199999, 
        "14": 164488623.625, 
        "15": 373441937.30599999, 
        "16": 218419316.43200001, 
        "17": 255794107.34200001, 
        "18": 214503582.33000001, 
        "19": 204899859.808, 
        "20": 207732840.588, 
        "21": 148304422.09200001, 
        "22": 192304011.60299999, 
        "23": 316383712.00300002, 
        "24": 230349764.84200001, 
        "25": 328216241.69599998, 
        "26": 202684074.19499999, 
        "27": 211594814.78, 
        "28": 281413489.77899998, 
        "29": 276842051.949, 
        "30": 236961084.928, 
        "31": 144953579.64199999, 
        "32": 255537952.167, 
        "33": 137742487.36500001, 
        "34": 136536497.021, 
        "35": 192793297.51899999, 
        "36": 162926541.30500001, 
        "37": 311696408.18699998, 
        "38": 171958043.933, 
        "39": 163628775.94, 
        "40": 140964185.465, 
        "41": 223562764.206, 
        "42": 192868979.13800001, 
        "43": 147154971.39500001, 
        "44": 112428809.185, 
        "45": 236394806.81299999, 
        "46": 197292106.62, 
        "47": 155742016.96599999, 
        "48": 129111144.03200001, 
        "49": 93435331.174999997, 
        "50": 124420313.495, 
        "51": 249136045.266, 
        "52": 254667723.06999999, 
        "53": 384290009.12199998, 
        "54": 154135202.68900001, 
        "55": 252069094.21599999, 
        "56": 161875463.324, 
        "57": 315982132.236, 
        "58": 335709526.43300003, 
        "59": 273915483.98000002, 
        "60": 206751919.81999999, 
        "61": 135553489.40200001, 
        "62": 182480592.23800001, 
        "63": 288545983.065, 
        "64": 116702840.689, 
        "65": 179418489.35800001, 
        "66": 131671701.42399999, 
        "67": 149738581.507, 
        "68": 125713711.87800001, 
        "69": 113487173.987, 
        "70": 102656487.264, 
        "71": 161714217.123, 
        "72": 180026237.287, 
        "73": 172653804.82100001, 
        "74": 211050970.491, 
        "75": 235141091.919, 
        "76": 107237160.704, 
        "77": 329743141.54500002, 
        "78": 198131054.16499999, 
        "79": 128955417.42, 
        "80": 292677470.56800002, 
        "81": 173121316.06099999, 
        "82": 154570419.016, 
        "83": 84893217.607999995, 
        "84": 104078072.625, 
        "85": 220431930.35699999, 
        "86": 283172245.75300002, 
        "87": 183243634.91299999, 
        "88": 237125918.54699999, 
        "89": 253886068.23699999, 
        "90": 227925103.479, 
        "91": 99716630.728, 
        "92": 111716757.34100001, 
        "93": 104168919.131, 
        "94": 218346339.414, 
        "95": 368566586.47000003, 
        "96": 197779380.104, 
        "97": 118653324.61499999, 
        "98": 108731415.56900001, 
        "99": 171750385.833
    }, 
    "averaged_NPV": 197764359.18048003
}