{
    "std": 72953107.050304234, 
    "raw_results": {
        "0": 434276496.616, 
        "1": 283848016.30299997, 
        "2": 242060143.75999999, 
        "3": 184534830.73500001, 
        "4": 203879433.01199999, 
        "5": 213763221.926, 
        "6": 197986589.43799999, 
        "7": 190260629.669, 
        "8": 155020966.46799999, 
        "9": 82821166.544, 
        "10": 146948488.199, 
        "11": 171640975.89399999, 
        "12": 116638088.443, 
        "13": 167611894.148, 
        "14": 170497407.01199999, 
        "15": 382411414.80199999, 
        "16": 222698278.92300001, 
        "17": 260327427.38499999, 
        "18": 222240474.85600001, 
        "19": 209056541.71399999, 
        "20": 217728519.31299999, 
        "21": 152787866.90900001, 
        "22": 196935501.82600001, 
        "23": 321753834.01700002, 
        "24": 238752889.87799999, 
        "25": 333989592.47000003, 
        "26": 211882695.82300001, 
        "27": 214112602.30599999, 
        "28": 286134683.09600002, 
        "29": 280706322.02999997, 
        "30": 240785414.31799999, 
        "31": 151208767.248, 
        "32": 259970207.69, 
        "33": 143362023.50600001, 
        "34": 141784272.85800001, 
        "35": 200655362.324, 
        "36": 166462344.32300001, 
        "37": 316852407.99599999, 
        "38": 176017262.75, 
        "39": 168038689.71799999, 
        "40": 147686096.32100001, 
        "41": 228295986.044, 
        "42": 196837001.27599999, 
        "43": 153685173.69800001, 
        "44": 118189631.418, 
        "45": 240943067.34900001, 
        "46": 200951133.84900001, 
        "47": 158913713.65599999, 
        "48": 136119673.13600001, 
        "49": 98926881.069999993, 
        "50": 129663345.285, 
        "51": 252429437.822, 
        "52": 259796572.484, 
        "53": 385446863.61900002, 
        "54": 161080959.55500001, 
        "55": 256563192.905, 
        "56": 166641212.84599999, 
        "57": 320573599.32099998, 
        "58": 340202872.82200003, 
        "59": 280650755.023, 
        "60": 213125425.502, 
        "61": 140296379.79899999, 
        "62": 184582945.51199999, 
        "63": 293925639.14700001, 
        "64": 122445466.448, 
        "65": 183413258.72, 
        "66": 135877718.47600001, 
        "67": 153370626.521, 
        "68": 132243055.17900001, 
        "69": 117089440.631, 
        "70": 106332198.93700001, 
        "71": 166037738.52000001, 
        "72": 186132054.43700001, 
        "73": 176915964.382, 
        "74": 215393014.933, 
        "75": 237780571.85299999, 
        "76": 111180453.579, 
        "77": 335502134.23199999, 
        "78": 203513024.49200001, 
        "79": 133129802.65099999, 
        "80": 297038827.667, 
        "81": 176211584.98300001, 
        "82": 158769484.40000001, 
        "83": 90159171.194999993, 
        "84": 108807800.351, 
        "85": 228256029.824, 
        "86": 297866140.75800002, 
        "87": 191703553.38600001, 
        "88": 241691420.93700001, 
        "89": 257939762.20100001, 
        "90": 232815074.75799999, 
        "91": 105034018.778, 
        "92": 116766327.811, 
        "93": 107921733.745, 
        "94": 222099686.91299999, 
        "95": 377190839.65399998, 
        "96": 201839734.15200001, 
        "97": 126174781.803, 
        "98": 112368219.31200001, 
        "99": 175557194.917
    }, 
    "averaged_NPV": 202865392.17241004
}