{
    "std": 72533970.710209504, 
    "raw_results": {
        "0": 422633345.75199997, 
        "1": 280488861.74299997, 
        "2": 237783789.56, 
        "3": 180904265.48300001, 
        "4": 199551461.73100001, 
        "5": 210493134.93200001, 
        "6": 194240995.90900001, 
        "7": 186599815.40400001, 
        "8": 151574538.24900001, 
        "9": 79192781.716999993, 
        "10": 142894955.53299999, 
        "11": 167855745.97600001, 
        "12": 112718816.34900001, 
        "13": 163999661.755, 
        "14": 167423220.10800001, 
        "15": 377136423.85799998, 
        "16": 219201703.05700001, 
        "17": 257073579.41800001, 
        "18": 218259701.505, 
        "19": 205485509.155, 
        "20": 213705797.06, 
        "21": 149156251.78400001, 
        "22": 193688150.38699999, 
        "23": 317619287.787, 
        "24": 235022818.48100001, 
        "25": 329990895.27200001, 
        "26": 208476834.21599999, 
        "27": 210838620.301, 
        "28": 282549289.07300001, 
        "29": 277857577.77499998, 
        "30": 237002796.273, 
        "31": 145083520.80500001, 
        "32": 256851068.14300001, 
        "33": 140289208.44299999, 
        "34": 137460176.59799999, 
        "35": 196667278.97499999, 
        "36": 162971374.88100001, 
        "37": 312884221.48699999, 
        "38": 172386802.241, 
        "39": 164577122.61000001, 
        "40": 142129270.57800001, 
        "41": 225061891.60499999, 
        "42": 193697455.84900001, 
        "43": 150653525.20100001, 
        "44": 112318680.47499999, 
        "45": 237780304.30399999, 
        "46": 197137369.25, 
        "47": 156016845.28, 
        "48": 132280456.051, 
        "49": 94602714.537, 
        "50": 124420335.589, 
        "51": 249160137.06200001, 
        "52": 256257539.07600001, 
        "53": 376133606.77499998, 
        "54": 157550875.31600001, 
        "55": 253067817.25099999, 
        "56": 163175338.39399999, 
        "57": 317452414.89999998, 
        "58": 336489962.97799999, 
        "59": 277030282.59200001, 
        "60": 209346551.009, 
        "61": 134972631.46799999, 
        "62": 180821078.991, 
        "63": 290084659.92799997, 
        "64": 119246177.345, 
        "65": 179866450.48500001, 
        "66": 132638787.649, 
        "67": 150074371.10600001, 
        "68": 128654825.56, 
        "69": 113465484.933, 
        "70": 103213773.168, 
        "71": 162910959.123, 
        "72": 182640106.273, 
        "73": 173036907.03299999, 
        "74": 212300163.653, 
        "75": 234948667.80700001, 
        "76": 107459203.92399999, 
        "77": 331424023.94499999, 
        "78": 199803243.836, 
        "79": 129904427.98999999, 
        "80": 293095054.54699999, 
        "81": 172616276.16, 
        "82": 155891355.73699999, 
        "83": 85906664.762999997, 
        "84": 105544529.366, 
        "85": 224134739.79499999, 
        "86": 293726834.125, 
        "87": 182888875.21900001, 
        "88": 238564416.29800001, 
        "89": 255198526.148, 
        "90": 229360352.93099999, 
        "91": 101672390.457, 
        "92": 112060007.32099999, 
        "93": 104773308.515, 
        "94": 218272505.37900001, 
        "95": 370443285.69199997, 
        "96": 197542841.75799999, 
        "97": 122184115.396, 
        "98": 108932897.97499999, 
        "99": 172216008.96799999
    }, 
    "averaged_NPV": 198948457.04624996
}