{
    "std": 72979456.43774423, 
    "raw_results": {
        "0": 434733318.66399997, 
        "1": 279867743.76999998, 
        "2": 239774809.02000001, 
        "3": 180311396.07300001, 
        "4": 202407852.07100001, 
        "5": 210242184.27900001, 
        "6": 196016174.90400001, 
        "7": 185455489.17899999, 
        "8": 153985358.08000001, 
        "9": 77860368.960999995, 
        "10": 143137059.18700001, 
        "11": 167681600.30700001, 
        "12": 112315807.396, 
        "13": 164849994.77000001, 
        "14": 167064191.40099999, 
        "15": 373912720.64700001, 
        "16": 218987835.26300001, 
        "17": 256548649.958, 
        "18": 216690692.456, 
        "19": 205334838.005, 
        "20": 212196400.21900001, 
        "21": 149053449.641, 
        "22": 193356232.917, 
        "23": 316248954.847, 
        "24": 234783525.19299999, 
        "25": 328894464.71100003, 
        "26": 208385458.498, 
        "27": 210655665.94600001, 
        "28": 282130736.76700002, 
        "29": 277466122.73199999, 
        "30": 236929179.99900001, 
        "31": 145129926.537, 
        "32": 256371564.24200001, 
        "33": 139013929.46200001, 
        "34": 135768306.215, 
        "35": 196591492.11000001, 
        "36": 165987646.68200001, 
        "37": 312317531.06099999, 
        "38": 172618654.33700001, 
        "39": 163978495.155, 
        "40": 141359736.41499999, 
        "41": 224406353.546, 
        "42": 195213753.96200001, 
        "43": 147621447.24000001, 
        "44": 112729622.15700001, 
        "45": 237218150.92399999, 
        "46": 199824932.58399999, 
        "47": 155342845.65400001, 
        "48": 130041958.08, 
        "49": 93938318.417999998, 
        "50": 124541214.777, 
        "51": 248580655.79800001, 
        "52": 255675177.93099999, 
        "53": 384866948.49900001, 
        "54": 156719534.854, 
        "55": 252870882.75099999, 
        "56": 162661353.92199999, 
        "57": 316884668.23799998, 
        "58": 336410234.38800001, 
        "59": 274826365.65899998, 
        "60": 208335547.15700001, 
        "61": 135876401.05399999, 
        "62": 183997240.581, 
        "63": 289656247.85100001, 
        "64": 118618202.08400001, 
        "65": 178180559.28200001, 
        "66": 131974560.073, 
        "67": 150938152.53099999, 
        "68": 127536012.125, 
        "69": 113480575.846, 
        "70": 102651900.506, 
        "71": 162092917.09099999, 
        "72": 182568906.94499999, 
        "73": 174245117.21900001, 
        "74": 211814369.729, 
        "75": 234319707.12900001, 
        "76": 107919449.55599999, 
        "77": 330636556.29500002, 
        "78": 199225902.18200001, 
        "79": 129253171.32099999, 
        "80": 292967884.88, 
        "81": 172151076.93399999, 
        "82": 156169491.329, 
        "83": 85403564.621000007, 
        "84": 104829298.506, 
        "85": 223887123.583, 
        "86": 289718613.57800001, 
        "87": 185684293.05399999, 
        "88": 238046298.53299999, 
        "89": 254566758.405, 
        "90": 228903967.29499999, 
        "91": 101567191.517, 
        "92": 111396010.252, 
        "93": 103752083.722, 
        "94": 218195904.28999999, 
        "95": 369133943.59600002, 
        "96": 198865045.57499999, 
        "97": 120002123.46699999, 
        "98": 108662799.42200001, 
        "99": 171124878.39199999
    }, 
    "averaged_NPV": 198851398.24966991
}