{
    "std": 72506893.033288926, 
    "raw_results": {
        "0": 421480935.949, 
        "1": 278638488.69700003, 
        "2": 237897920.83399999, 
        "3": 178887347.75400001, 
        "4": 197726740.82800001, 
        "5": 208983249.567, 
        "6": 194592688.43200001, 
        "7": 184150572.22299999, 
        "8": 153108090.62, 
        "9": 76963379.615999997, 
        "10": 142502575.24599999, 
        "11": 166483372.43099999, 
        "12": 111054490.77599999, 
        "13": 161040587.85100001, 
        "14": 165719424.002, 
        "15": 375410563.72000003, 
        "16": 217705327.06799999, 
        "17": 255256014.87, 
        "18": 215390576.088, 
        "19": 204083976.771, 
        "20": 211238969.95500001, 
        "21": 147861793.44800001, 
        "22": 192090624.727, 
        "23": 315869821.759, 
        "24": 233332868.49700001, 
        "25": 328567881.88599998, 
        "26": 206970232.31400001, 
        "27": 209439823.88, 
        "28": 280705826.68800002, 
        "29": 276567357.18099999, 
        "30": 235415592.32100001, 
        "31": 144272587.18599999, 
        "32": 255223800.90200001, 
        "33": 138020885.21399999, 
        "34": 134018832.07799999, 
        "35": 195056917.54800001, 
        "36": 164779921.38600001, 
        "37": 311131991.23500001, 
        "38": 171094590.535, 
        "39": 162764467.655, 
        "40": 140423288.18700001, 
        "41": 223135060.83899999, 
        "42": 194134193.71799999, 
        "43": 146504881.074, 
        "44": 111979873.088, 
        "45": 236052463.465, 
        "46": 198275879.21200001, 
        "47": 154205910.50999999, 
        "48": 129135902.684, 
        "49": 92993756.084999993, 
        "50": 123473887.971, 
        "51": 246980560.72, 
        "52": 254047952.80399999, 
        "53": 374768029.84799999, 
        "54": 155401229.92500001, 
        "55": 251722803.96700001, 
        "56": 161161141.85499999, 
        "57": 315568002.13200003, 
        "58": 335154956.69999999, 
        "59": 275361324.77999997, 
        "60": 206765209.465, 
        "61": 134609383.35600001, 
        "62": 182509552.30899999, 
        "63": 287818979.764, 
        "64": 117499609.074, 
        "65": 176722309.66800001, 
        "66": 130835203.235, 
        "67": 147187130.405, 
        "68": 126633566.808, 
        "69": 112431007.94, 
        "70": 101208878.124, 
        "71": 160669010.80599999, 
        "72": 181285823.20500001, 
        "73": 172890176.78799999, 
        "74": 210985715.836, 
        "75": 233157852.301, 
        "76": 106177400.11300001, 
        "77": 329317570.79299998, 
        "78": 197735688.868, 
        "79": 128069017.99699999, 
        "80": 291544475.66399997, 
        "81": 170796950.47600001, 
        "82": 154630951.248, 
        "83": 84615300.680999994, 
        "84": 103755779.566, 
        "85": 222042941.845, 
        "86": 289209266.134, 
        "87": 184659114.759, 
        "88": 236718097.14300001, 
        "89": 253866406.44400001, 
        "90": 227417948.794, 
        "91": 99487058.241999999, 
        "92": 110472960.48199999, 
        "93": 102485739.81900001, 
        "94": 216632936.655, 
        "95": 369084658.14700001, 
        "96": 197081210.949, 
        "97": 119117206.30500001, 
        "98": 107816150.301, 
        "99": 169750091.41999999
    }, 
    "averaged_NPV": 197376765.41230991
}