{
    "std": 72523688.645364121, 
    "raw_results": {
        "0": 422465005.75700003, 
        "1": 280413042.03100002, 
        "2": 237329555.13600001, 
        "3": 180141532.90200001, 
        "4": 199400964.21200001, 
        "5": 210036660.94499999, 
        "6": 193820319.42199999, 
        "7": 186674899.61000001, 
        "8": 151303071.852, 
        "9": 78668626.026999995, 
        "10": 142683345.33000001, 
        "11": 167530077.05899999, 
        "12": 112393982.23899999, 
        "13": 163642133.91499999, 
        "14": 167225676.96399999, 
        "15": 376895140.72899997, 
        "16": 218934092.25999999, 
        "17": 256832701.20500001, 
        "18": 213567906.93399999, 
        "19": 205206780.33000001, 
        "20": 213559360.537, 
        "21": 149207835.81400001, 
        "22": 193491463.34799999, 
        "23": 317185811.935, 
        "24": 234987852.23800001, 
        "25": 329930592.89700001, 
        "26": 208102854.18799999, 
        "27": 210561289.32600001, 
        "28": 282279858.54799998, 
        "29": 277846324.43900001, 
        "30": 236587016.83899999, 
        "31": 144787206.68599999, 
        "32": 256843987.359, 
        "33": 140133844.067, 
        "34": 137159234.33199999, 
        "35": 196194687.567, 
        "36": 162588865.116, 
        "37": 312712145.00999999, 
        "38": 172222269.69999999, 
        "39": 164199665.88800001, 
        "40": 141763036.11000001, 
        "41": 224869721.20199999, 
        "42": 193352084.73300001, 
        "43": 149914884.66299999, 
        "44": 112141206.749, 
        "45": 237731651.11500001, 
        "46": 196409126.95899999, 
        "47": 155694861.13699999, 
        "48": 132369920.272, 
        "49": 94429761.444000006, 
        "50": 124097263.21699999, 
        "51": 248556781.896, 
        "52": 256018622.72299999, 
        "53": 376038279.23199999, 
        "54": 157111724.04800001, 
        "55": 252633236.77500001, 
        "56": 162751213.78099999, 
        "57": 317450887.87199998, 
        "58": 336007776.67299998, 
        "59": 276558415.52399999, 
        "60": 209142766.18399999, 
        "61": 137237886.99700001, 
        "62": 180556567.292, 
        "63": 289660006.20499998, 
        "64": 118871421.83400001, 
        "65": 179221611.42699999, 
        "66": 132182114.81900001, 
        "67": 149932950.426, 
        "68": 128934967.414, 
        "69": 113151307.93799999, 
        "70": 102740124.26899999, 
        "71": 162402781.38, 
        "72": 182211669.539, 
        "73": 171910709.88100001, 
        "74": 211931924.55899999, 
        "75": 234331620.65700001, 
        "76": 107356752.198, 
        "77": 331422496.917, 
        "78": 199128060.81999999, 
        "79": 129792395.12199999, 
        "80": 292880956.60500002, 
        "81": 172264671.361, 
        "82": 155681317.17500001, 
        "83": 85723258.038000003, 
        "84": 105134075.277, 
        "85": 223617617.498, 
        "86": 292451957.48900002, 
        "87": 182831656.40599999, 
        "88": 238365278.287, 
        "89": 255196999.12, 
        "90": 229242499.19299999, 
        "91": 101151227.432, 
        "92": 111918443.161, 
        "93": 104302923.484, 
        "94": 217811589.30000001, 
        "95": 370359082.22000003, 
        "96": 196377350.08899999, 
        "97": 122008076.443, 
        "98": 108565489.582, 
        "99": 171342411.83399999
    }, 
    "averaged_NPV": 198609951.5268999
}