{
    "std": 72597823.911851838, 
    "raw_results": {
        "0": 426374086.72299999, 
        "1": 277658957.55500001, 
        "2": 237068739.792, 
        "3": 178353469.93000001, 
        "4": 196920690.12599999, 
        "5": 208523543.479, 
        "6": 193363896.01100001, 
        "7": 184132266.597, 
        "8": 147996844.354, 
        "9": 76719973.375, 
        "10": 139353111.579, 
        "11": 165634160.69800001, 
        "12": 110248378.634, 
        "13": 160326324.12900001, 
        "14": 165072728.873, 
        "15": 377509206.80800003, 
        "16": 217002899.29800001, 
        "17": 254391672.83500001, 
        "18": 214706921.18599999, 
        "19": 203220581.20899999, 
        "20": 210381308.947, 
        "21": 147235293.264, 
        "22": 191307854.833, 
        "23": 313217511.463, 
        "24": 232403467.34200001, 
        "25": 324333905.81300002, 
        "26": 206096920.01499999, 
        "27": 208476032.70300001, 
        "28": 279915190.17199999, 
        "29": 272834830.34399998, 
        "30": 234640948.505, 
        "31": 143629503.458, 
        "32": 253464140.20199999, 
        "33": 136984526.685, 
        "34": 133440970.655, 
        "35": 194251455.90599999, 
        "36": 163855097.43700001, 
        "37": 309664106.49299997, 
        "38": 167729159.324, 
        "39": 162241542.502, 
        "40": 139259704.70300001, 
        "41": 222328051.96700001, 
        "42": 193492545.755, 
        "43": 146156829.711, 
        "44": 111851104.21600001, 
        "45": 235048052.96000001, 
        "46": 197287684.028, 
        "47": 153340035.347, 
        "48": 127773526.936, 
        "49": 92244621.052000001, 
        "50": 122223245.06200001, 
        "51": 246163219.86199999, 
        "52": 253299043.47799999, 
        "53": 382082586.98000002, 
        "54": 154689444.39399999, 
        "55": 250211228.29100001, 
        "56": 160572121.14399999, 
        "57": 313289637.27600002, 
        "58": 331114011.60600001, 
        "59": 272197926.375, 
        "60": 206034139.28999999, 
        "61": 133530521.48800001, 
        "62": 181607062.19299999, 
        "63": 287218571.04299998, 
        "64": 116738139.521, 
        "65": 175593044.391, 
        "66": 130520355.63600001, 
        "67": 146651225.52200001, 
        "68": 123788065.75300001, 
        "69": 111555541.395, 
        "70": 100904070.595, 
        "71": 160127562.19299999, 
        "72": 180582528.50999999, 
        "73": 171803542.086, 
        "74": 208719072.792, 
        "75": 232183662.178, 
        "76": 104186330.942, 
        "77": 326066385.64399999, 
        "78": 197026441.78099999, 
        "79": 127107519.98, 
        "80": 290668373.36699998, 
        "81": 169932145.07100001, 
        "82": 152482038.23100001, 
        "83": 84051879.902999997, 
        "84": 102276405.99699999, 
        "85": 221663964.31799999, 
        "86": 285278309.73000002, 
        "87": 184234585.18900001, 
        "88": 235786548.85600001, 
        "89": 250695667.23500001, 
        "90": 226744294.111, 
        "91": 98463716.869000003, 
        "92": 110149540.485, 
        "93": 101780634.719, 
        "94": 216053529.32600001, 
        "95": 365061172.65100002, 
        "96": 195891086.24900001, 
        "97": 118571134.97400001, 
        "98": 106913560.785, 
        "99": 169127659.493
    }, 
    "averaged_NPV": 196330768.70888999
}