{
    "std": 73019359.850633413, 
    "raw_results": {
        "0": 433766811.66900003, 
        "1": 278142347.764, 
        "2": 237934145.215, 
        "3": 178810127.29800001, 
        "4": 197634748.88499999, 
        "5": 209268832.389, 
        "6": 194221430.95100001, 
        "7": 184429955.35299999, 
        "8": 152595932.87799999, 
        "9": 77185850.119000003, 
        "10": 140000279.972, 
        "11": 166172761.94, 
        "12": 110801718.837, 
        "13": 160898460.51300001, 
        "14": 165636717.05399999, 
        "15": 373024396.64200002, 
        "16": 217257128.64899999, 
        "17": 254920493.86500001, 
        "18": 215407368.82499999, 
        "19": 203779588.514, 
        "20": 211271943.58899999, 
        "21": 148104393.42199999, 
        "22": 191593973.92199999, 
        "23": 315153845.49199998, 
        "24": 233144219.743, 
        "25": 327624988.16000003, 
        "26": 206804605.25600001, 
        "27": 209059707.52200001, 
        "28": 280562218.48299998, 
        "29": 276203285.06800002, 
        "30": 235305154.11500001, 
        "31": 143900824.197, 
        "32": 254788834.417, 
        "33": 137732453.94100001, 
        "34": 134159137.825, 
        "35": 195045412.64700001, 
        "36": 164407629.234, 
        "37": 311004105.78200001, 
        "38": 170994894.96399999, 
        "39": 162772427.92399999, 
        "40": 140080957.93599999, 
        "41": 222630183.243, 
        "42": 194150552.13100001, 
        "43": 146798731.07600001, 
        "44": 112465101.02, 
        "45": 235336872.49000001, 
        "46": 198037809.704, 
        "47": 153960618.93700001, 
        "48": 128777425.92, 
        "49": 92725953.605000004, 
        "50": 123490267.25, 
        "51": 246868600.78, 
        "52": 253861354.91499999, 
        "53": 383730460.97799999, 
        "54": 155149602.572, 
        "55": 251604398.54300001, 
        "56": 161172188.546, 
        "57": 314988700.27100003, 
        "58": 335419430.33600003, 
        "59": 273324823.88, 
        "60": 206554664.72, 
        "61": 134376415.498, 
        "62": 182211704.83899999, 
        "63": 287849618.56400001, 
        "64": 117442225.013, 
        "65": 176495727.00600001, 
        "66": 130870887.92900001, 
        "67": 147388651.882, 
        "68": 124510408.509, 
        "69": 112060895.359, 
        "70": 101126392.905, 
        "71": 160584718.90099999, 
        "72": 181093549.669, 
        "73": 172638128.35499999, 
        "74": 210416856.252, 
        "75": 232851283.20199999, 
        "76": 105138380.69, 
        "77": 328792277.44599998, 
        "78": 197757467.86199999, 
        "79": 127993256.788, 
        "80": 291280466.87199998, 
        "81": 170494667.25999999, 
        "82": 152850216.79899999, 
        "83": 84342860.628999993, 
        "84": 103573496.93000001, 
        "85": 222381576.699, 
        "86": 288099842.29000002, 
        "87": 184879945.12599999, 
        "88": 236246971.53400001, 
        "89": 253189135.706, 
        "90": 227133980.09400001, 
        "91": 98996479.439999998, 
        "92": 110910309.816, 
        "93": 102367613.175, 
        "94": 216783553.74700001, 
        "95": 368116734.903, 
        "96": 197033066.09, 
        "97": 118974198.68000001, 
        "98": 107566629.442, 
        "99": 169884501.76300001
    }, 
    "averaged_NPV": 197293569.45552006
}