{
    "std": 72981122.575997293, 
    "raw_results": {
        "0": 433674154.46600002, 
        "1": 278807255.903, 
        "2": 238275029.132, 
        "3": 178959350.18200001, 
        "4": 197849013.28799999, 
        "5": 208943969.89300001, 
        "6": 194679129.05000001, 
        "7": 184324506.33000001, 
        "8": 153108090.62, 
        "9": 76931433.680000007, 
        "10": 142502575.24599999, 
        "11": 166483372.43099999, 
        "12": 111000467.25399999, 
        "13": 161164724.597, 
        "14": 165883587.516, 
        "15": 373158494.66000003, 
        "16": 217730412.87400001, 
        "17": 255442596.72099999, 
        "18": 215544497.41, 
        "19": 204172655.88100001, 
        "20": 211272555.18900001, 
        "21": 147926296.162, 
        "22": 192380548.98899999, 
        "23": 315014628.824, 
        "24": 233647687.69499999, 
        "25": 327966917.41799998, 
        "26": 206973604.741, 
        "27": 209360521.40000001, 
        "28": 280811194.91399997, 
        "29": 276875823.00400001, 
        "30": 235533783.56200001, 
        "31": 144353928.139, 
        "32": 255505823.236, 
        "33": 138092659.77500001, 
        "34": 134049180.273, 
        "35": 195056917.54800001, 
        "36": 164891377.67300001, 
        "37": 311107765.62599999, 
        "38": 171265037.57800001, 
        "39": 162820702.94499999, 
        "40": 140423288.18700001, 
        "41": 223291335.25600001, 
        "42": 194141178.28200001, 
        "43": 146567487.08899999, 
        "44": 112010511.427, 
        "45": 236038000.55399999, 
        "46": 198470221.62400001, 
        "47": 154230192.94999999, 
        "48": 129214001.811, 
        "49": 93345909.363000005, 
        "50": 123492927.76899999, 
        "51": 247006181.58899999, 
        "52": 254217557.00400001, 
        "53": 383963381.62599999, 
        "54": 155401212.95699999, 
        "55": 251754594.12799999, 
        "56": 161199858.92899999, 
        "57": 315380685.287, 
        "58": 335213678.176, 
        "59": 273466846.01300001, 
        "60": 206999365.236, 
        "61": 134609383.35600001, 
        "62": 182645968.824, 
        "63": 287852041.35000002, 
        "64": 117480392.236, 
        "65": 176722309.66800001, 
        "66": 130894107.10699999, 
        "67": 147241526.90200001, 
        "68": 126652855.626, 
        "69": 112449180.20900001, 
        "70": 101164444.348, 
        "71": 160775510.06400001, 
        "72": 181324796.95500001, 
        "73": 172890176.78799999, 
        "74": 210872815.021, 
        "75": 232993683.16499999, 
        "76": 106274643.79000001, 
        "77": 329580346.10600001, 
        "78": 197867200.53299999, 
        "79": 128160786.75300001, 
        "80": 291487332.73900002, 
        "81": 170924424.17300001, 
        "82": 154683695.55000001, 
        "83": 84636002.329999998, 
        "84": 103697916.869, 
        "85": 222184996.634, 
        "86": 288426251.30900002, 
        "87": 184687594.57100001, 
        "88": 236710135.95100001, 
        "89": 253557876.141, 
        "90": 227808396.03400001, 
        "91": 100587471.493, 
        "92": 110481005.35699999, 
        "93": 102524573.763, 
        "94": 216651074.039, 
        "95": 368220453.52499998, 
        "96": 197081210.949, 
        "97": 119167463.98999999, 
        "98": 107709769.42900001, 
        "99": 169808519.63100001
    }, 
    "averaged_NPV": 197588590.20360011
}