{
    "std": 72991253.310600102, 
    "raw_results": {
        "0": 433662618.03799999, 
        "1": 278761761.59600002, 
        "2": 238197093.414, 
        "3": 178897874.86700001, 
        "4": 197760338.09200001, 
        "5": 208982948.039, 
        "6": 194711110.57100001, 
        "7": 184179396.50600001, 
        "8": 153161497.76100001, 
        "9": 77002871.844999999, 
        "10": 142512436.072, 
        "11": 166437979.63999999, 
        "12": 111104920.983, 
        "13": 161164288.53600001, 
        "14": 165816279.92699999, 
        "15": 373164294.13999999, 
        "16": 217666025.785, 
        "17": 255409506.50999999, 
        "18": 215482531.61300001, 
        "19": 204098677.65700001, 
        "20": 211223232.01100001, 
        "21": 147902681.43200001, 
        "22": 192284727.94100001, 
        "23": 314976183.05299997, 
        "24": 233618181.32800001, 
        "25": 327953299.16799998, 
        "26": 207019449.66800001, 
        "27": 209323863.62799999, 
        "28": 280807458.77600002, 
        "29": 276840479.16600001, 
        "30": 235505145.197, 
        "31": 144365899.54899999, 
        "32": 255439385.45899999, 
        "33": 138122073.12799999, 
        "34": 133993091.28300001, 
        "35": 194990290.382, 
        "36": 164929692.391, 
        "37": 311094471.64700001, 
        "38": 171248947.55899999, 
        "39": 162857558.69100001, 
        "40": 140469241.48800001, 
        "41": 223147138.22, 
        "42": 194131084.68599999, 
        "43": 146601493.49700001, 
        "44": 112001440.271, 
        "45": 235982684.329, 
        "46": 198467324.10299999, 
        "47": 154277394.85800001, 
        "48": 129160476.95200001, 
        "49": 93029321.501000002, 
        "50": 123413476.61, 
        "51": 246998670.10299999, 
        "52": 254184657.183, 
        "53": 383949068.98500001, 
        "54": 155343371.00799999, 
        "55": 251739170.81999999, 
        "56": 161117398.90700001, 
        "57": 315384920.31300002, 
        "58": 335196086.96499997, 
        "59": 273393406.42000002, 
        "60": 206914937.56799999, 
        "61": 134625332.76899999, 
        "62": 182633035.053, 
        "63": 287804925.31, 
        "64": 117519004.792, 
        "65": 176707492.528, 
        "66": 130822640.36, 
        "67": 147156873.333, 
        "68": 126609121.086, 
        "69": 112442910.48899999, 
        "70": 101215878.303, 
        "71": 160737388.20199999, 
        "72": 181311000.92699999, 
        "73": 172899087.829, 
        "74": 210815838.123, 
        "75": 233004301.41499999, 
        "76": 106191396.594, 
        "77": 329584568.222, 
        "78": 197818808.67300001, 
        "79": 128120489.42200001, 
        "80": 291466114.199, 
        "81": 170926793.08199999, 
        "82": 154636996.215, 
        "83": 84613923.613999993, 
        "84": 103784581.574, 
        "85": 222119265.463, 
        "86": 288373648.56300002, 
        "87": 184649524.14700001, 
        "88": 236651047.31400001, 
        "89": 253501072.53299999, 
        "90": 227724817.04899999, 
        "91": 99550762.381999999, 
        "92": 110451522.32700001, 
        "93": 102426137.317, 
        "94": 216581223.493, 
        "95": 368223750.24400002, 
        "96": 197041664.94800001, 
        "97": 119154011.382, 
        "98": 107838045.76899999, 
        "99": 169773905.958
    }, 
    "averaged_NPV": 197550822.28839004
}