{
    "std": 72918163.114900723, 
    "raw_results": {
        "0": 433402410.505, 
        "1": 282842370.60100001, 
        "2": 242143544.28600001, 
        "3": 181283773.56299999, 
        "4": 204576025.713, 
        "5": 211345500.93599999, 
        "6": 198585572.52500001, 
        "7": 186026375.118, 
        "8": 155915545.16800001, 
        "9": 81303275.437999994, 
        "10": 145852695.53600001, 
        "11": 171579324.25999999, 
        "12": 115378576.12, 
        "13": 167665322.405, 
        "14": 168429699.234, 
        "15": 381365957.574, 
        "16": 218917681.16100001, 
        "17": 259576137.62599999, 
        "18": 218896247.46799999, 
        "19": 205133172.567, 
        "20": 212456494.289, 
        "21": 152159901.16100001, 
        "22": 192223433.59200001, 
        "23": 321813544.59600002, 
        "24": 234643471.567, 
        "25": 332670340.26800001, 
        "26": 207105308.24900001, 
        "27": 211074040.921, 
        "28": 285496452.79900002, 
        "29": 280141522.50800002, 
        "30": 236185478.139, 
        "31": 147773882.71599999, 
        "32": 259235702.77500001, 
        "33": 140973699.29699999, 
        "34": 138922363.78999999, 
        "35": 198087382.39500001, 
        "36": 167051474.31999999, 
        "37": 315669466.67699999, 
        "38": 176233798.271, 
        "39": 167095202.56799999, 
        "40": 146479220.597, 
        "41": 227529849.14899999, 
        "42": 196313580.26300001, 
        "43": 151317177.67699999, 
        "44": 114952495.222, 
        "45": 240099521.24200001, 
        "46": 202208052.97299999, 
        "47": 159188131.17899999, 
        "48": 133277639.575, 
        "49": 97716762.588, 
        "50": 127700122.376, 
        "51": 252886200.64500001, 
        "52": 258759589.5, 
        "53": 384427311.90100002, 
        "54": 158246295.76100001, 
        "55": 255267804.38999999, 
        "56": 166144554.95699999, 
        "57": 319529083.24900001, 
        "58": 339698292.97500002, 
        "59": 279709557.63499999, 
        "60": 210764461.523, 
        "61": 138922592.535, 
        "62": 186739906.34, 
        "63": 292933914.495, 
        "64": 122579626.094, 
        "65": 184545419.44, 
        "66": 135172409.345, 
        "67": 152754822.48500001, 
        "68": 129368082.918, 
        "69": 117521289.127, 
        "70": 105310303.90800001, 
        "71": 166424772.76499999, 
        "72": 183743066.70699999, 
        "73": 176971581.55000001, 
        "74": 214410871.088, 
        "75": 233690033.37099999, 
        "76": 110780712.36300001, 
        "77": 334562912.44499999, 
        "78": 202028828.748, 
        "79": 132517523.44499999, 
        "80": 296825344.48199999, 
        "81": 177042402.56900001, 
        "82": 158346677.002, 
        "83": 88196321.414000005, 
        "84": 107918534.271, 
        "85": 225072378.40099999, 
        "86": 288292691.48699999, 
        "87": 186551784.80399999, 
        "88": 240772409.176, 
        "89": 257020617.19800001, 
        "90": 231959882.53999999, 
        "91": 103446326.206, 
        "92": 114657054.265, 
        "93": 106546158.551, 
        "94": 217910651.63800001, 
        "95": 375925202.102, 
        "96": 197964214.764, 
        "97": 122802185.817, 
        "98": 112267565.676, 
        "99": 176143194.046
    }, 
    "averaged_NPV": 201360881.39657009
}