{
    "std": 72675362.543717086, 
    "raw_results": {
        "0": 432702347.86699998, 
        "1": 278160973.03200001, 
        "2": 237952669.111, 
        "3": 178808490.861, 
        "4": 197739715.63, 
        "5": 208863498.25099999, 
        "6": 194732386.82499999, 
        "7": 184187854.972, 
        "8": 153468750.623, 
        "9": 77130506.891000003, 
        "10": 142783947.55599999, 
        "11": 166624389.836, 
        "12": 111004924.917, 
        "13": 161267678.90099999, 
        "14": 165553065.98699999, 
        "15": 371117086.62099999, 
        "16": 217223188.34799999, 
        "17": 254822554.51199999, 
        "18": 215218471.47099999, 
        "19": 203863518.99900001, 
        "20": 211240476.42199999, 
        "21": 147969781.68599999, 
        "22": 192046161.748, 
        "23": 314185347.87, 
        "24": 233227133.05599999, 
        "25": 326478037.292, 
        "26": 206978001.06299999, 
        "27": 209010233.21200001, 
        "28": 280304525.19099998, 
        "29": 275551668.67500001, 
        "30": 235224889.38499999, 
        "31": 144501022.46799999, 
        "32": 255074709.535, 
        "33": 138193431.042, 
        "34": 133994007.288, 
        "35": 195076680.116, 
        "36": 164962711.523, 
        "37": 310453808.0, 
        "38": 171220461.22099999, 
        "39": 162863983.65099999, 
        "40": 140625586.32699999, 
        "41": 222748279.43599999, 
        "42": 193930961.245, 
        "43": 146823449.84999999, 
        "44": 112194859.21699999, 
        "45": 235379517.808, 
        "46": 198381741.92899999, 
        "47": 154379191.785, 
        "48": 129133094.801, 
        "49": 93289427.589000002, 
        "50": 123498785.492, 
        "51": 246734570.91100001, 
        "52": 253570537.09099999, 
        "53": 383537879.82700002, 
        "54": 155497879.94, 
        "55": 251649521.572, 
        "56": 161245479.49900001, 
        "57": 314603133.60799998, 
        "58": 334035746.73100001, 
        "59": 272574144.875, 
        "60": 206818342.405, 
        "61": 134802388.07499999, 
        "62": 182710481.88800001, 
        "63": 287476558.19400001, 
        "64": 117633379.95900001, 
        "65": 176905584.36399999, 
        "66": 130861085.68700001, 
        "67": 147163507.51100001, 
        "68": 126650870.134, 
        "69": 112505465.23199999, 
        "70": 101340491.632, 
        "71": 160591025.09900001, 
        "72": 181260938.044, 
        "73": 173026114.85600001, 
        "74": 209683810.67199999, 
        "75": 232845996.222, 
        "76": 106355903.245, 
        "77": 327997425.73799998, 
        "78": 197588485.73100001, 
        "79": 128084845.787, 
        "80": 291114032.88599998, 
        "81": 170950474.38299999, 
        "82": 154474914.71399999, 
        "83": 83667560.915999994, 
        "84": 103267882.127, 
        "85": 222067091.30700001, 
        "86": 287475826.94999999, 
        "87": 184808549.39300001, 
        "88": 235992026.845, 
        "89": 252231378.34200001, 
        "90": 227171903.56, 
        "91": 99780238.044, 
        "92": 110692135.57700001, 
        "93": 102409344.618, 
        "94": 216442889.16100001, 
        "95": 367982014.91299999, 
        "96": 197273102.454, 
        "97": 119081592.712, 
        "98": 107705538.18000001, 
        "99": 169662280.76100001
    }, 
    "averaged_NPV": 197321703.59506017
}