{
    "std": 72953487.872832447, 
    "raw_results": {
        "0": 435162677.68300003, 
        "1": 280622753.81699997, 
        "2": 237911084.479, 
        "3": 181193184.90799999, 
        "4": 199787331.706, 
        "5": 210873498.77399999, 
        "6": 194682892.38100001, 
        "7": 186866503.109, 
        "8": 152059901.19499999, 
        "9": 79745657.429000005, 
        "10": 143368439.565, 
        "11": 168189706.375, 
        "12": 112977144.92299999, 
        "13": 164541340.32100001, 
        "14": 167874610.109, 
        "15": 374289058.57300001, 
        "16": 219398774.97600001, 
        "17": 257268710.252, 
        "18": 218534608.22999999, 
        "19": 205780642.204, 
        "20": 213875012.86000001, 
        "21": 149902867.627, 
        "22": 193918485.94800001, 
        "23": 316315539.19, 
        "24": 235175296.27000001, 
        "25": 329333187.01099998, 
        "26": 208912289.905, 
        "27": 211152485.68399999, 
        "28": 282642528.77700001, 
        "29": 277988586.91399997, 
        "30": 237134875.65099999, 
        "31": 145469121.85600001, 
        "32": 256997063.10600001, 
        "33": 140687671.30000001, 
        "34": 136276261.19999999, 
        "35": 196919756.07499999, 
        "36": 163499431.55899999, 
        "37": 312955564.57200003, 
        "38": 172727493.477, 
        "39": 165037519.792, 
        "40": 142806638.995, 
        "41": 225190424.73800001, 
        "42": 193624384.32800001, 
        "43": 151036787.07600001, 
        "44": 112912979.616, 
        "45": 237935958.31400001, 
        "46": 197418697.28400001, 
        "47": 156415304.428, 
        "48": 130878434.229, 
        "49": 95099508.589000002, 
        "50": 125259063.457, 
        "51": 249342599.70899999, 
        "52": 256420956.40900001, 
        "53": 385309646.81800002, 
        "54": 157810460.574, 
        "55": 253137326.662, 
        "56": 163441798.037, 
        "57": 317486585.898, 
        "58": 336782888.19800001, 
        "59": 275156594.37199998, 
        "60": 209592520.56900001, 
        "61": 137738773.764, 
        "62": 181228107.42899999, 
        "63": 290087965.884, 
        "64": 119661784.197, 
        "65": 180230889.24399999, 
        "66": 132965964.465, 
        "67": 150396501.787, 
        "68": 127385579.649, 
        "69": 114389897.921, 
        "70": 103337760.669, 
        "71": 163313028.037, 
        "72": 183063085.45899999, 
        "73": 173461877.15599999, 
        "74": 212264282.22999999, 
        "75": 235191452.391, 
        "76": 107729295.87100001, 
        "77": 331514580.06599998, 
        "78": 200067765.38299999, 
        "79": 130131136.086, 
        "80": 293216392.69199997, 
        "81": 172932706.199, 
        "82": 155938064.76499999, 
        "83": 86547837.112000003, 
        "84": 105339023.55400001, 
        "85": 224269917.93799999, 
        "86": 293138366.65399998, 
        "87": 183219465.116, 
        "88": 238716826.67199999, 
        "89": 255064690.58500001, 
        "90": 229510069.89700001, 
        "91": 101131852.04000001, 
        "92": 112105240.8, 
        "93": 104192542.767, 
        "94": 218457953.208, 
        "95": 369479135.22500002, 
        "96": 197690346.91100001, 
        "97": 119993758.911, 
        "98": 109586572.042, 
        "99": 172637693.671
    }, 
    "averaged_NPV": 199284373.0253
}