{
    "std": 72611065.685318902, 
    "raw_results": {
        "0": 426279074.53299999, 
        "1": 277513982.81300002, 
        "2": 236958375.199, 
        "3": 178448675.803, 
        "4": 196916350.63999999, 
        "5": 208526666.01800001, 
        "6": 193378576.28999999, 
        "7": 184195731.419, 
        "8": 148053488.10499999, 
        "9": 76271874.314999998, 
        "10": 139384932.32699999, 
        "11": 165702162.43900001, 
        "12": 110195953.903, 
        "13": 160399870.09400001, 
        "14": 165049624.419, 
        "15": 377487354.949, 
        "16": 216919617.567, 
        "17": 254151097.71900001, 
        "18": 214715866.53799999, 
        "19": 203260920.87400001, 
        "20": 210335343.45300001, 
        "21": 147246782.447, 
        "22": 191351790.21599999, 
        "23": 313165719.50999999, 
        "24": 232231251.766, 
        "25": 324241652.94999999, 
        "26": 206121343.21599999, 
        "27": 208464401.04899999, 
        "28": 279763810.78600001, 
        "29": 272746922.63099998, 
        "30": 234555160.877, 
        "31": 143650099.752, 
        "32": 253442093.96000001, 
        "33": 136990934.623, 
        "34": 133284026.148, 
        "35": 194288360.889, 
        "36": 163949492.551, 
        "37": 309550229.68699998, 
        "38": 167781849.67300001, 
        "39": 162337785.36000001, 
        "40": 139286681.76199999, 
        "41": 222210562.99900001, 
        "42": 193488780.60600001, 
        "43": 146214162.70699999, 
        "44": 111791693.53399999, 
        "45": 234947476.82600001, 
        "46": 197362659.16999999, 
        "47": 153397060.71000001, 
        "48": 127649996.99600001, 
        "49": 91988307.959999993, 
        "50": 122116611.962, 
        "51": 246028759.12, 
        "52": 253130613.69499999, 
        "53": 382002311.73299998, 
        "54": 154729248.676, 
        "55": 250197984.65599999, 
        "56": 160599984.08500001, 
        "57": 313146257.00999999, 
        "58": 331130274.47000003, 
        "59": 272178884.009, 
        "60": 206023656.15599999, 
        "61": 133520986.472, 
        "62": 181688992.428, 
        "63": 287048103.99400002, 
        "64": 116575628.84999999, 
        "65": 175666828.208, 
        "66": 130511746.281, 
        "67": 146619385.04100001, 
        "68": 123688190.013, 
        "69": 111626376.838, 
        "70": 100793153.586, 
        "71": 160176194.993, 
        "72": 180662076.84900001, 
        "73": 171896830.02700001, 
        "74": 208731509.03799999, 
        "75": 232074665.75099999, 
        "76": 104084390.91, 
        "77": 325899444.65499997, 
        "78": 197034681.021, 
        "79": 127088160.148, 
        "80": 290615185.21100003, 
        "81": 169986268.248, 
        "82": 152415659.15900001, 
        "83": 82603455.967999995, 
        "84": 102142475.86300001, 
        "85": 221598020.79699999, 
        "86": 285254736.55599999, 
        "87": 184189129.94100001, 
        "88": 235646345.699, 
        "89": 250546803.40599999, 
        "90": 226636990.49599999, 
        "91": 98188829.523000002, 
        "92": 110080555.462, 
        "93": 101556000.198, 
        "94": 216040748.477, 
        "95": 364929951.13999999, 
        "96": 195930173.06400001, 
        "97": 118487736.912, 
        "98": 106854684.78, 
        "99": 169170871.373
    }, 
    "averaged_NPV": 196271931.83726007
}