{
    "std": 66049443.13166865, 
    "raw_results": {
        "0": 399532311.42199999, 
        "1": 268515485.89499998, 
        "2": 229271963.079, 
        "3": 173482834.55899999, 
        "4": 194307559.65799999, 
        "5": 200797181.54800001, 
        "6": 188066044.44299999, 
        "7": 178733076.169, 
        "8": 149673867.991, 
        "9": 82832510.472000003, 
        "10": 142785804.67899999, 
        "11": 163569343.04800001, 
        "12": 112698164.07099999, 
        "13": 159877952.34999999, 
        "14": 162603837.12599999, 
        "15": 356286666.208, 
        "16": 206837460.80000001, 
        "17": 240595812.086, 
        "18": 209378659.75299999, 
        "19": 195943116.53099999, 
        "20": 202406774.27700001, 
        "21": 148503800.91100001, 
        "22": 184100230.567, 
        "23": 301199806.02899998, 
        "24": 222982540.148, 
        "25": 309730021.75800002, 
        "26": 197757274.23100001, 
        "27": 199822695.30000001, 
        "28": 271311187.16500002, 
        "29": 263592262.03299999, 
        "30": 224204166.46900001, 
        "31": 144138129.59200001, 
        "32": 239337385.09900001, 
        "33": 137980924.118, 
        "34": 136272240.472, 
        "35": 189220293.13999999, 
        "36": 159365021.52700001, 
        "37": 298494034.94099998, 
        "38": 167768495.34, 
        "39": 160277978.23100001, 
        "40": 139339147.45899999, 
        "41": 213324333.963, 
        "42": 186767496.76800001, 
        "43": 146258089.80599999, 
        "44": 114959076.05, 
        "45": 224807875.91800001, 
        "46": 191591368.84599999, 
        "47": 152270415.495, 
        "48": 132087099.92299999, 
        "49": 97574589.119000003, 
        "50": 126719938.273, 
        "51": 234172531.241, 
        "52": 242070091.95899999, 
        "53": 356540805.73000002, 
        "54": 154233213.58199999, 
        "55": 241264482.09799999, 
        "56": 159626563.18599999, 
        "57": 298695087.45700002, 
        "58": 317333849.50300002, 
        "59": 256323553.796, 
        "60": 199997368.16, 
        "61": 134868281.98699999, 
        "62": 176873314.412, 
        "63": 276974448.13200003, 
        "64": 117341417.939, 
        "65": 175264487.36399999, 
        "66": 131686825.507, 
        "67": 148990190.56200001, 
        "68": 128158621.05500001, 
        "69": 115253055.971, 
        "70": 107570432.545, 
        "71": 160012979.09599999, 
        "72": 174763980.41999999, 
        "73": 167973304.604, 
        "74": 200068537.25600001, 
        "75": 221279238.46700001, 
        "76": 108232916.742, 
        "77": 313480330.47100002, 
        "78": 193462032.95500001, 
        "79": 129448825.87, 
        "80": 278989556.51700002, 
        "81": 168368892.62, 
        "82": 153165238.664, 
        "83": 90456736.923999995, 
        "84": 106563879.067, 
        "85": 215395862.77599999, 
        "86": 279178123.80400002, 
        "87": 183064695.60299999, 
        "88": 225570261.979, 
        "89": 237275755.14899999, 
        "90": 216702320.46900001, 
        "91": 103223249.043, 
        "92": 113972112.96699999, 
        "93": 108245767.757, 
        "94": 207165827.264, 
        "95": 352110472.81900001, 
        "96": 191707434.868, 
        "97": 119718801.052, 
        "98": 110594596.15099999, 
        "99": 169157719.433
    }, 
    "averaged_NPV": 191725424.17849004
}