{
    "std": 66016403.360153139, 
    "raw_results": {
        "0": 399610031.27700001, 
        "1": 266566547.127, 
        "2": 232804054.41600001, 
        "3": 173192201.77700001, 
        "4": 194370586.34999999, 
        "5": 199739283.97999999, 
        "6": 187709598.12200001, 
        "7": 178352011.79100001, 
        "8": 149437871.94999999, 
        "9": 82392799.535999998, 
        "10": 142589124.44499999, 
        "11": 163412624.82499999, 
        "12": 112581026.243, 
        "13": 159148180.51699999, 
        "14": 162532494.66600001, 
        "15": 352469678.30699998, 
        "16": 206537468.78200001, 
        "17": 243981056.757, 
        "18": 211739974.903, 
        "19": 195424291.58000001, 
        "20": 201907674.83399999, 
        "21": 148247432.94299999, 
        "22": 183609113.63100001, 
        "23": 300733697.08200002, 
        "24": 226722971.324, 
        "25": 308465355.98000002, 
        "26": 196657257.38999999, 
        "27": 199159950.33899999, 
        "28": 267658361.255, 
        "29": 261907455.83199999, 
        "30": 229190642.44100001, 
        "31": 143939247.68200001, 
        "32": 244004527.574, 
        "33": 137821970.09200001, 
        "34": 136319376.10600001, 
        "35": 188862298.565, 
        "36": 159060586.03999999, 
        "37": 295362195.30800003, 
        "38": 167074870.33399999, 
        "39": 159920269.09299999, 
        "40": 139198503.11199999, 
        "41": 212922341.44600001, 
        "42": 185871968.285, 
        "43": 146012126.248, 
        "44": 114888490.772, 
        "45": 227649996.81200001, 
        "46": 191497013.62099999, 
        "47": 152043993.76699999, 
        "48": 131934158.745, 
        "49": 97348969.939999998, 
        "50": 126642589.392, 
        "51": 238542645.49900001, 
        "52": 245034740.50600001, 
        "53": 355202064.53299999, 
        "54": 154539617.58700001, 
        "55": 241159494.44400001, 
        "56": 159513159.736, 
        "57": 297864528.43800002, 
        "58": 317858723.417, 
        "59": 263895916.917, 
        "60": 199749658.81299999, 
        "61": 134765829.35499999, 
        "62": 177381938.942, 
        "63": 276726269.47799999, 
        "64": 119461370.301, 
        "65": 175338998.69999999, 
        "66": 131568100.713, 
        "67": 148400830.993, 
        "68": 128054307.961, 
        "69": 115046859.351, 
        "70": 106835612.65000001, 
        "71": 159838210.215, 
        "72": 174352291.27599999, 
        "73": 167526837.359, 
        "74": 198939565.565, 
        "75": 224855094.08500001, 
        "76": 109355221.206, 
        "77": 310990986.46100003, 
        "78": 193000990.46000001, 
        "79": 129284954.04799999, 
        "80": 278450645.08200002, 
        "81": 167943085.69499999, 
        "82": 153539715.84999999, 
        "83": 89896546.912, 
        "84": 106157645.484, 
        "85": 218299552.912, 
        "86": 277624417.36400002, 
        "87": 181948839.32600001, 
        "88": 228597026.08000001, 
        "89": 241008682.34799999, 
        "90": 220757425.09599999, 
        "91": 102937907.48800001, 
        "92": 113949870.8, 
        "93": 108208927.523, 
        "94": 210330709.991, 
        "95": 348842333.17199999, 
        "96": 191021195.06, 
        "97": 119578504.241, 
        "98": 110392708.33400001, 
        "99": 169190715.09400001
    }, 
    "averaged_NPV": 191909875.86197007
}