{
    "std": 72548777.254133835, 
    "raw_results": {
        "0": 422917018.09100002, 
        "1": 280309044.42900002, 
        "2": 237887226.14899999, 
        "3": 180796667.671, 
        "4": 199567051.81999999, 
        "5": 210300794.17899999, 
        "6": 194226447.373, 
        "7": 186535083.94299999, 
        "8": 151496534.502, 
        "9": 79059363.350999996, 
        "10": 142889427.44100001, 
        "11": 167773689.296, 
        "12": 112672356.21699999, 
        "13": 163928054.56400001, 
        "14": 167027380.706, 
        "15": 377476510.03600001, 
        "16": 219053260.185, 
        "17": 257115372.736, 
        "18": 218213332.20100001, 
        "19": 205446671.85100001, 
        "20": 213634176.248, 
        "21": 149099942.736, 
        "22": 193514204.331, 
        "23": 317717234.61199999, 
        "24": 234997361.79499999, 
        "25": 330236054.19099998, 
        "26": 208418494.81, 
        "27": 210703163.40000001, 
        "28": 282364719.95200002, 
        "29": 278047891.99400002, 
        "30": 236877385.66299999, 
        "31": 145032334.06, 
        "32": 256868418.97, 
        "33": 140244148.27700001, 
        "34": 137459866.699, 
        "35": 196638238.162, 
        "36": 162873803.51300001, 
        "37": 312844459.78299999, 
        "38": 172314833.683, 
        "39": 164471987.97400001, 
        "40": 142142925.68399999, 
        "41": 224737768.29800001, 
        "42": 193662320.36300001, 
        "43": 150586224.34, 
        "44": 112304914.36, 
        "45": 237394676.449, 
        "46": 197100987.382, 
        "47": 155889720.09400001, 
        "48": 132346596.433, 
        "49": 95442740.431999996, 
        "50": 124363319.84, 
        "51": 248900402.95300001, 
        "52": 256020589.87, 
        "53": 376125086.22799999, 
        "54": 157488839.565, 
        "55": 253254775.792, 
        "56": 163151450.956, 
        "57": 316921573.28299999, 
        "58": 337037150.903, 
        "59": 276912606.241, 
        "60": 209373948.00799999, 
        "61": 134935827.84799999, 
        "62": 180764832.435, 
        "63": 289866365.51599997, 
        "64": 119228792.671, 
        "65": 179831525.30199999, 
        "66": 132595509.12199999, 
        "67": 150071489.97999999, 
        "68": 128661931.63600001, 
        "69": 113479185.14, 
        "70": 103209496.71600001, 
        "71": 162827938.37400001, 
        "72": 182565516.00600001, 
        "73": 172924618.831, 
        "74": 212223325.51100001, 
        "75": 234782801.215, 
        "76": 107458216.87800001, 
        "77": 330813683.35799998, 
        "78": 199723486.01499999, 
        "79": 129855262.479, 
        "80": 293227459.18300003, 
        "81": 172408342.93000001, 
        "82": 155666293.586, 
        "83": 85779983.549999997, 
        "84": 105515863.167, 
        "85": 224202601.63800001, 
        "86": 293678786.56400001, 
        "87": 182911019.09599999, 
        "88": 238118000.972, 
        "89": 255000566.90599999, 
        "90": 229122468.63999999, 
        "91": 101559129.861, 
        "92": 112048499.473, 
        "93": 105115876.45299999, 
        "94": 218312138.21700001, 
        "95": 370753509.954, 
        "96": 197495918.05399999, 
        "97": 121331460.134, 
        "98": 108940007.40000001, 
        "99": 172160058.477
    }, 
    "averaged_NPV": 198893764.1435599
}