{
    "std": 72455375.585487336, 
    "raw_results": {
        "0": 422010643.611, 
        "1": 279619818.07800001, 
        "2": 236934120.85699999, 
        "3": 176235063.83500001, 
        "4": 198421208.28, 
        "5": 210371150.21900001, 
        "6": 193527440.178, 
        "7": 182459690.71000001, 
        "8": 151357831.09599999, 
        "9": 78644888.341000006, 
        "10": 141909207.86899999, 
        "11": 166697735.70699999, 
        "12": 111926792.943, 
        "13": 163635139.389, 
        "14": 166805669.41600001, 
        "15": 376176059.53399998, 
        "16": 218375706.96399999, 
        "17": 256172613.44400001, 
        "18": 213462910.11500001, 
        "19": 204502460.37200001, 
        "20": 207304706.74000001, 
        "21": 148117417.692, 
        "22": 192684099.67300001, 
        "23": 316451465.69099998, 
        "24": 234301212.38100001, 
        "25": 329327362.53600001, 
        "26": 208048711.82600001, 
        "27": 209825955.95899999, 
        "28": 281533597.14600003, 
        "29": 277127877.98299998, 
        "30": 236503722.50299999, 
        "31": 144177317.66499999, 
        "32": 256033163.44999999, 
        "33": 136762620.47, 
        "34": 136085785.0, 
        "35": 195743287.581, 
        "36": 161765818.82699999, 
        "37": 312053640.18400002, 
        "38": 171583860.465, 
        "39": 163233359.11700001, 
        "40": 141783378.96900001, 
        "41": 224075790.09900001, 
        "42": 192586769.23800001, 
        "43": 146979395.007, 
        "44": 112044802.00399999, 
        "45": 236942569.66499999, 
        "46": 196709821.016, 
        "47": 154877028.97, 
        "48": 131045014.13500001, 
        "49": 94013402.343999997, 
        "50": 123842482.728, 
        "51": 248131527.08700001, 
        "52": 255349093.396, 
        "53": 375194471.83700001, 
        "54": 156891857.588, 
        "55": 252122018.16600001, 
        "56": 161845077.01800001, 
        "57": 316637938.06900001, 
        "58": 335615211.76700002, 
        "59": 276006619.75400001, 
        "60": 206073528.537, 
        "61": 134322704.13, 
        "62": 180552665.47, 
        "63": 288885358.06599998, 
        "64": 118593609.521, 
        "65": 178374029.78299999, 
        "66": 131558847.98899999, 
        "67": 149413853.05000001, 
        "68": 125480784.199, 
        "69": 113310904.376, 
        "70": 102373282.095, 
        "71": 161648370.49700001, 
        "72": 182096666.01100001, 
        "73": 172408989.373, 
        "74": 211363616.854, 
        "75": 235293718.47299999, 
        "76": 106853107.837, 
        "77": 330444192.53100002, 
        "78": 198412223.037, 
        "79": 128674828.271, 
        "80": 292149425.22399998, 
        "81": 172164208.523, 
        "82": 154871444.37599999, 
        "83": 84943124.338, 
        "84": 103853197.69599999, 
        "85": 223303163.292, 
        "86": 283152699.55699998, 
        "87": 182612032.47499999, 
        "88": 237635139.46599999, 
        "89": 254513464.69400001, 
        "90": 228468549.13499999, 
        "91": 100789792.15099999, 
        "92": 111484500.344, 
        "93": 104206418.014, 
        "94": 217503429.42199999, 
        "95": 369824148.33399999, 
        "96": 196378629.48800001, 
        "97": 121605367.662, 
        "98": 108187086.90800001, 
        "99": 171153588.963
    }, 
    "averaged_NPV": 197755400.92865998
}