{
    "std": 73148206.780313164, 
    "raw_results": {
        "0": 434304190.514, 
        "1": 277907514.41100001, 
        "2": 236718242.18599999, 
        "3": 177693351.18099999, 
        "4": 196335749.44999999, 
        "5": 208183558.426, 
        "6": 193312984.59999999, 
        "7": 184047253.11000001, 
        "8": 147896951.15200001, 
        "9": 76680709.027999997, 
        "10": 139136012.685, 
        "11": 165309273.69800001, 
        "12": 109991737.53200001, 
        "13": 159983444.03999999, 
        "14": 164868623.74599999, 
        "15": 372021356.41399997, 
        "16": 216569682.19800001, 
        "17": 254286457.94100001, 
        "18": 214205096.35800001, 
        "19": 202981860.949, 
        "20": 209941139.56099999, 
        "21": 147221620.32699999, 
        "22": 191249081.729, 
        "23": 314247067.54299998, 
        "24": 232327554.45199999, 
        "25": 327332127.11400002, 
        "26": 206014759.28299999, 
        "27": 208328138.79800001, 
        "28": 279694668.176, 
        "29": 276255058.741, 
        "30": 234373764.17500001, 
        "31": 143610269.87599999, 
        "32": 254725947.597, 
        "33": 136790240.252, 
        "34": 133022528.45299999, 
        "35": 193807360.97499999, 
        "36": 163557724.18200001, 
        "37": 309985419.14899999, 
        "38": 167511714.90000001, 
        "39": 161710977.30500001, 
        "40": 139061593.89300001, 
        "41": 222249210.09799999, 
        "42": 193581793.64700001, 
        "43": 145816469.12200001, 
        "44": 111805049.353, 
        "45": 235008871.36000001, 
        "46": 197228792.29800001, 
        "47": 153160302.80899999, 
        "48": 127799107.023, 
        "49": 91805480.871000007, 
        "50": 122069533.625, 
        "51": 246190243.89199999, 
        "52": 252970355.50299999, 
        "53": 382930993.66399997, 
        "54": 154382353.333, 
        "55": 250714098.308, 
        "56": 160096784.10299999, 
        "57": 314853383.44800001, 
        "58": 334118652.68400002, 
        "59": 272415481.42000002, 
        "60": 205934393.46900001, 
        "61": 133513071.69599999, 
        "62": 181303278.882, 
        "63": 286826314.778, 
        "64": 116526460.486, 
        "65": 175539774.17199999, 
        "66": 129892274.786, 
        "67": 146259923.53, 
        "68": 123782470.119, 
        "69": 111545407.25300001, 
        "70": 100967063.647, 
        "71": 159740075.43399999, 
        "72": 180137174.12799999, 
        "73": 171475313.03299999, 
        "74": 210005743.27399999, 
        "75": 231966422.153, 
        "76": 104260928.744, 
        "77": 328683490.00300002, 
        "78": 196505367.73100001, 
        "79": 126948785.999, 
        "80": 290591019.43300003, 
        "81": 169579510.058, 
        "82": 152598318.47, 
        "83": 82766693.143999994, 
        "84": 102059824.94400001, 
        "85": 220849792.917, 
        "86": 287307924.53899997, 
        "87": 184248247.998, 
        "88": 235741707.836, 
        "89": 252862249.199, 
        "90": 226676745.15000001, 
        "91": 98101489.025000006, 
        "92": 110110851.48100001, 
        "93": 101714988.208, 
        "94": 215394939.06600001, 
        "95": 367126075.75300002, 
        "96": 195864682.43700001, 
        "97": 118682597.383, 
        "98": 106911943.734, 
        "99": 168837435.28299999
    }, 
    "averaged_NPV": 196422405.32036006
}