{
    "std": 72722409.680320889, 
    "raw_results": {
        "0": 434522754.09299999, 
        "1": 284162341.85500002, 
        "2": 243273925.273, 
        "3": 181980645.544, 
        "4": 205317268.63999999, 
        "5": 212793302.57100001, 
        "6": 200017611.877, 
        "7": 187388534.104, 
        "8": 157662689.16800001, 
        "9": 83545349.182999998, 
        "10": 147707050.35499999, 
        "11": 172720055.35100001, 
        "12": 117018301.73, 
        "13": 169016723.28299999, 
        "14": 171647459.58000001, 
        "15": 382651687.79500002, 
        "16": 219911813.222, 
        "17": 260833028.89399999, 
        "18": 220109983.67899999, 
        "19": 209644801.16100001, 
        "20": 213645937.757, 
        "21": 154321431.43000001, 
        "22": 193299084.85299999, 
        "23": 322933500.12300003, 
        "24": 235928085.89899999, 
        "25": 334142295.21200001, 
        "26": 208246887.838, 
        "27": 216173191.80199999, 
        "28": 286592025.884, 
        "29": 281389673.41900003, 
        "30": 237073639.296, 
        "31": 149593563.50400001, 
        "32": 260435688.86700001, 
        "33": 142332897.61199999, 
        "34": 141513159.743, 
        "35": 198589335.81, 
        "36": 168182451.06, 
        "37": 317064677.93599999, 
        "38": 177592036.63600001, 
        "39": 168370558.53600001, 
        "40": 147511203.26800001, 
        "41": 228550584.42300001, 
        "42": 197541308.963, 
        "43": 152610181.817, 
        "44": 116563123.47400001, 
        "45": 241213117.96000001, 
        "46": 202940121.73199999, 
        "47": 160395314.47600001, 
        "48": 137372509.33199999, 
        "49": 99256628.201000005, 
        "50": 130720541.059, 
        "51": 254072605.81, 
        "52": 259979033.46200001, 
        "53": 385675430.82800001, 
        "54": 159973121.891, 
        "55": 256553217.06600001, 
        "56": 167033058.59799999, 
        "57": 320864231.37199998, 
        "58": 341143019.412, 
        "59": 280585846.847, 
        "60": 211810526.03999999, 
        "61": 140020668.89899999, 
        "62": 188059298.93099999, 
        "63": 294114647.23199999, 
        "64": 123844639.242, 
        "65": 185695089.551, 
        "66": 136384283.09099999, 
        "67": 153322750.301, 
        "68": 133021289.023, 
        "69": 118379670.531, 
        "70": 108952096.847, 
        "71": 167824405.82100001, 
        "72": 184878282.567, 
        "73": 178203713.47099999, 
        "74": 215371330.15599999, 
        "75": 239399731.17399999, 
        "76": 111848894.441, 
        "77": 335959388.80800003, 
        "78": 203132994.62200001, 
        "79": 134312594.139, 
        "80": 298261813.26599997, 
        "81": 177967669.176, 
        "82": 159532025.67500001, 
        "83": 90559231.346000001, 
        "84": 109252546.631, 
        "85": 225297265.32100001, 
        "86": 289458496.61699998, 
        "87": 188409901.65799999, 
        "88": 241907785.197, 
        "89": 258218935.97799999, 
        "90": 232984583.16800001, 
        "91": 105403298.12100001, 
        "92": 115990159.774, 
        "93": 108816885.046, 
        "94": 217974849.26499999, 
        "95": 377234143.60299999, 
        "96": 204355812.60299999, 
        "97": 126252008.40800001, 
        "98": 112982880.29000001, 
        "99": 177608933.33399999
    }, 
    "averaged_NPV": 202929051.69930005
}