{
    "std": 72532068.878845781, 
    "raw_results": {
        "0": 422465005.75700003, 
        "1": 280413042.03100002, 
        "2": 240053708.80000001, 
        "3": 180145082.602, 
        "4": 199483375.602, 
        "5": 210036660.94499999, 
        "6": 193436861.20199999, 
        "7": 186340054.85600001, 
        "8": 155233779.47799999, 
        "9": 78377584.040999994, 
        "10": 142515320.41600001, 
        "11": 167441896.053, 
        "12": 112071889.815, 
        "13": 163334023.248, 
        "14": 167167585.73800001, 
        "15": 376895140.72899997, 
        "16": 218934092.25999999, 
        "17": 256832701.20500001, 
        "18": 217254914.89500001, 
        "19": 205206780.33000001, 
        "20": 213145739.73800001, 
        "21": 148922821.84900001, 
        "22": 193491463.34799999, 
        "23": 317185811.935, 
        "24": 234987852.23800001, 
        "25": 329930592.89700001, 
        "26": 207961287.11300001, 
        "27": 210425334.40900001, 
        "28": 282279858.54799998, 
        "29": 277846324.43900001, 
        "30": 236896221.75999999, 
        "31": 147263554.82800001, 
        "32": 256843987.359, 
        "33": 138925823.396, 
        "34": 136893175.76800001, 
        "35": 196056609.368, 
        "36": 165825215.62200001, 
        "37": 312712145.00999999, 
        "38": 171513703.384, 
        "39": 164208098.36399999, 
        "40": 141332334.35800001, 
        "41": 224869721.20199999, 
        "42": 192766042.086, 
        "43": 149429689.09, 
        "44": 114769062.153, 
        "45": 237731651.11500001, 
        "46": 196206530.884, 
        "47": 155139975.66, 
        "48": 132169957.91, 
        "49": 94312234.181999996, 
        "50": 124103626.33400001, 
        "51": 248556781.896, 
        "52": 256018622.72299999, 
        "53": 376038279.23199999, 
        "54": 156876573.03400001, 
        "55": 252633236.77500001, 
        "56": 162687168.78099999, 
        "57": 317450887.87199998, 
        "58": 336007776.67299998, 
        "59": 276558415.52399999, 
        "60": 208316492.39899999, 
        "61": 136697742.236, 
        "62": 183703607.96700001, 
        "63": 289660006.20499998, 
        "64": 118690757.435, 
        "65": 178475224.0, 
        "66": 132048326.51899999, 
        "67": 149417505.97499999, 
        "68": 128810463.256, 
        "69": 113215104.49600001, 
        "70": 102670105.29899999, 
        "71": 162139499.68599999, 
        "72": 182158396.46900001, 
        "73": 170640270.45899999, 
        "74": 211931924.55899999, 
        "75": 234331620.65700001, 
        "76": 106835127.237, 
        "77": 331422496.917, 
        "78": 198959725.27900001, 
        "79": 129586159.109, 
        "80": 292880956.60500002, 
        "81": 172114396.31799999, 
        "82": 155545914.47299999, 
        "83": 85459379.289000005, 
        "84": 104953936.56999999, 
        "85": 223525049.06400001, 
        "86": 291296084.90499997, 
        "87": 187766805.37099999, 
        "88": 238365278.287, 
        "89": 255196999.12, 
        "90": 229242499.19299999, 
        "91": 100955221.204, 
        "92": 111317656.45200001, 
        "93": 104001204.09199999, 
        "94": 217811589.30000001, 
        "95": 370359082.22000003, 
        "96": 195814869.27500001, 
        "97": 121235502.53, 
        "98": 108576777.83400001, 
        "99": 170996102.14700001
    }, 
    "averaged_NPV": 198697395.49267989
}