{
    "std": 73000725.835303992, 
    "raw_results": {
        "0": 432812851.23199999, 
        "1": 276451955.01599997, 
        "2": 233318729.88699999, 
        "3": 177674079.16600001, 
        "4": 195564614.51199999, 
        "5": 207723469.35299999, 
        "6": 191275288.014, 
        "7": 180369006.81299999, 
        "8": 148492585.60499999, 
        "9": 75663258.994000003, 
        "10": 139474071.995, 
        "11": 164160672.04300001, 
        "12": 109712851.145, 
        "13": 161120755.36000001, 
        "14": 161979080.50799999, 
        "15": 372498794.17500001, 
        "16": 215470811.79899999, 
        "17": 252960840.45300001, 
        "18": 210180272.92399999, 
        "19": 201867412.43200001, 
        "20": 204846958.62099999, 
        "21": 145636688.498, 
        "22": 190317809.31099999, 
        "23": 312981192.227, 
        "24": 230955655.90000001, 
        "25": 326118649.53399998, 
        "26": 205158471.097, 
        "27": 207472132.079, 
        "28": 278379228.324, 
        "29": 275148457.06099999, 
        "30": 233609592.13600001, 
        "31": 142510694.905, 
        "32": 253581032.264, 
        "33": 134716527.95699999, 
        "34": 132058124.18799999, 
        "35": 192837646.581, 
        "36": 159437249.83700001, 
        "37": 308612637.14399999, 
        "38": 169218113.37599999, 
        "39": 160844155.67199999, 
        "40": 139959217.47400001, 
        "41": 221227006.433, 
        "42": 190444889.625, 
        "43": 144513979.18200001, 
        "44": 110206013.53, 
        "45": 233830608.84, 
        "46": 193518922.303, 
        "47": 152944526.50299999, 
        "48": 126584968.90099999, 
        "49": 92059481.405000001, 
        "50": 120664792.833, 
        "51": 245321887.86399999, 
        "52": 251671886.75400001, 
        "53": 381657682.96499997, 
        "54": 154382424.38999999, 
        "55": 249656593.90599999, 
        "56": 159507738.94100001, 
        "57": 313224152.14399999, 
        "58": 332682849.949, 
        "59": 271405563.477, 
        "60": 205880736.99700001, 
        "61": 132678203.35600001, 
        "62": 177620714.22799999, 
        "63": 285487118.63200003, 
        "64": 116605531.493, 
        "65": 176465296.28299999, 
        "66": 129334396.384, 
        "67": 146813739.044, 
        "68": 123206395.43099999, 
        "69": 110853339.14300001, 
        "70": 99953293.986000001, 
        "71": 159242548.64300001, 
        "72": 179330772.69400001, 
        "73": 169903292.248, 
        "74": 208930896.76899999, 
        "75": 231776489.31099999, 
        "76": 104595521.531, 
        "77": 327153849.49199998, 
        "78": 195678934.52599999, 
        "79": 126514094.309, 
        "80": 289269097.16900003, 
        "81": 169514619.56900001, 
        "82": 152669011.755, 
        "83": 82283347.225999996, 
        "84": 101810176.07099999, 
        "85": 219952296.52700001, 
        "86": 289399414.16900003, 
        "87": 179821403.80000001, 
        "88": 234561820.66499999, 
        "89": 251929702.30899999, 
        "90": 225456012.68799999, 
        "91": 97454536.138999999, 
        "92": 109305003.177, 
        "93": 100170200.206, 
        "94": 214441492.61500001, 
        "95": 366191159.472, 
        "96": 193784604.435, 
        "97": 117087479.962, 
        "98": 105917115.649, 
        "99": 168493247.831
    }, 
    "averaged_NPV": 195362145.11491001
}