{
    "std": 13092216.666125838, 
    "raw_results": {
        "0": 41316097.43, 
        "1": 57828607.049000002, 
        "2": 63408659.406000003, 
        "3": 85371123.729000002, 
        "4": 62454335.458999999, 
        "5": 70078591.952999994, 
        "6": 87553230.900999993, 
        "7": 75790784.466999993, 
        "8": 68093836.682999998, 
        "9": 57573125.997000001
    }, 
    "averaged_NPV": 66946839.307400003
}