{
    "std": 13089456.566764174, 
    "raw_results": {
        "0": 43534701.622000001, 
        "1": 60403348.211999997, 
        "2": 67117070.696999997, 
        "3": 87892114.045000002, 
        "4": 65182915.045999996, 
        "5": 72317037.120000005, 
        "6": 90259413.494000003, 
        "7": 78153635.835999995, 
        "8": 71363353.563999996, 
        "9": 60728337.644000001
    }, 
    "averaged_NPV": 69695192.728000015
}