{
    "std": 13182903.168530434, 
    "raw_results": {
        "0": 41605941.339000002, 
        "1": 58068633.745999999, 
        "2": 63489670.344999999, 
        "3": 85817058.506999999, 
        "4": 62564431.917999998, 
        "5": 70427929.781000003, 
        "6": 88049023.142000005, 
        "7": 76177067.197999999, 
        "8": 68481221.393000007, 
        "9": 57698127.671999998
    }, 
    "averaged_NPV": 67237910.50410001
}