{
    "std": 13000830.427226266, 
    "raw_results": {
        "0": 37115439.001999997, 
        "1": 51933148.939999998, 
        "2": 57348284.413000003, 
        "3": 80185502.400999993, 
        "4": 56067147.682999998, 
        "5": 65772495.277000003, 
        "6": 81689197.268999994, 
        "7": 70992350.390000001, 
        "8": 61050221.620999999, 
        "9": 51902711.957999997
    }, 
    "averaged_NPV": 61405649.895400003
}