{
    "std": 13411957.470394857, 
    "raw_results": {
        "0": 38104527.472000003, 
        "1": 55714644.831, 
        "2": 59170532.340000004, 
        "3": 82909243.364999995, 
        "4": 59992124.593000002, 
        "5": 67461164.201000005, 
        "6": 85139927.858999997, 
        "7": 73323601.238000005, 
        "8": 65750727.228, 
        "9": 53330102.560999997
    }, 
    "averaged_NPV": 64089659.56880001
}