{
    "std": 13037005.304428825, 
    "raw_results": {
        "0": 37485440.762000002, 
        "1": 54726564.340999998, 
        "2": 60418359.516999997, 
        "3": 81573998.792999998, 
        "4": 58963085.305, 
        "5": 66233981.009999998, 
        "6": 83278015.700000003, 
        "7": 71652353.673999995, 
        "8": 64703905.928999998, 
        "9": 52369292.045000002
    }, 
    "averaged_NPV": 63140499.707599998
}