{
    "std": 13224068.277640529, 
    "raw_results": {
        "0": 40804051.571000002, 
        "1": 56900147.482000001, 
        "2": 62630295.107000001, 
        "3": 84487235.471000001, 
        "4": 61519212.799999997, 
        "5": 69039076.034999996, 
        "6": 86778136.729000002, 
        "7": 74646808.950000003, 
        "8": 66824669.969999999, 
        "9": 54082981.806999996
    }, 
    "averaged_NPV": 65771261.592199996
}