{
    "std": 13151497.275832254, 
    "raw_results": {
        "0": 41667713.303000003, 
        "1": 58203793.571999997, 
        "2": 63521021.130999997, 
        "3": 85877426.526999995, 
        "4": 62658176.420999996, 
        "5": 70501106.113000005, 
        "6": 88023635.810000002, 
        "7": 76126521.959000006, 
        "8": 68658662.415999994, 
        "9": 57842370.204999998
    }, 
    "averaged_NPV": 67308042.745700017
}