{
    "std": 12990966.842148289, 
    "raw_results": {
        "0": 40054861.479999997, 
        "1": 56655391.993000001, 
        "2": 62275463.993000001, 
        "3": 83527530.078999996, 
        "4": 60970310.410999998, 
        "5": 68285189.419, 
        "6": 85381535.560000002, 
        "7": 73747864.898000002, 
        "8": 66508743.093999997, 
        "9": 53864931.218999997
    }, 
    "averaged_NPV": 65127182.214600004
}