{
    "std": 12939766.121540396, 
    "raw_results": {
        "0": 40103990.138999999, 
        "1": 56886224.678999998, 
        "2": 62507241.186999999, 
        "3": 83222832.282000005, 
        "4": 61146718.050999999, 
        "5": 68308014.002000004, 
        "6": 85493929.967999995, 
        "7": 73974615.339000002, 
        "8": 66745081.612000003, 
        "9": 53971782.484999999
    }, 
    "averaged_NPV": 65236042.974400006
}