{
    "std": 13037220.483452428, 
    "raw_results": {
        "0": 39488222.156999998, 
        "1": 55029143.446000002, 
        "2": 58617177.120999999, 
        "3": 82426172.106999993, 
        "4": 59565868.560999997, 
        "5": 67300582.621000007, 
        "6": 84443355.055999994, 
        "7": 72725683.884000003, 
        "8": 65684640.384999998, 
        "9": 52920704.215999998
    }, 
    "averaged_NPV": 63820154.955400005
}