{
    "std": 13009674.434988433, 
    "raw_results": {
        "0": 41001680.158, 
        "1": 57368787.608999997, 
        "2": 63025231.494999997, 
        "3": 84805392.400000006, 
        "4": 62000728.060000002, 
        "5": 69369194.402999997, 
        "6": 87022084.767000005, 
        "7": 75086679.202999994, 
        "8": 67409176.813999996, 
        "9": 57136121.088
    }, 
    "averaged_NPV": 66422507.599699996
}