{
    "std": 13384310.74072046, 
    "raw_results": {
        "0": 38137613.296999998, 
        "1": 55746993.523999996, 
        "2": 59176525.409000002, 
        "3": 82859516.200000003, 
        "4": 60001175.711000003, 
        "5": 67444146.246999994, 
        "6": 85096321.231000006, 
        "7": 73298747.299999997, 
        "8": 65729244.489, 
        "9": 53361234.487999998
    }, 
    "averaged_NPV": 64085151.7896
}