{
    "std": 13225108.250654278, 
    "raw_results": {
        "0": 40834215.170999996, 
        "1": 55364915.636, 
        "2": 63386268.111000001, 
        "3": 84494932.216999993, 
        "4": 61989471.104000002, 
        "5": 68994301.092999995, 
        "6": 86627103.079999998, 
        "7": 74532079.481000006, 
        "8": 68217639.055999994, 
        "9": 54795740.677000001
    }, 
    "averaged_NPV": 65923666.562599994
}