{
    "std": 13037174.090015752, 
    "raw_results": {
        "0": 41344921.199000001, 
        "1": 57783770.159999996, 
        "2": 63348829.906999998, 
        "3": 85167307.077999994, 
        "4": 62280337.836000003, 
        "5": 69771764.127000004, 
        "6": 87499340.886000007, 
        "7": 75524219.920000002, 
        "8": 67862630.469999999, 
        "9": 57515849.93
    }, 
    "averaged_NPV": 66809897.151299998
}