{
    "std": 13025096.176060736, 
    "raw_results": {
        "0": 43485021.207000002, 
        "1": 60180547.252999999, 
        "2": 66570637.365000002, 
        "3": 87554864.832000002, 
        "4": 65075832.873999998, 
        "5": 72143856.684, 
        "6": 89950792.324000001, 
        "7": 77980057.601999998, 
        "8": 71183413.422999993, 
        "9": 60622859.0
    }, 
    "averaged_NPV": 69474788.256400004
}