{
    "std": 13200407.779447354, 
    "raw_results": {
        "0": 41667836.526000001, 
        "1": 58140670.990999997, 
        "2": 63643035.310999997, 
        "3": 85757095.748999998, 
        "4": 62690190.178000003, 
        "5": 70540159.988000005, 
        "6": 88287971.187000006, 
        "7": 76326727.736000001, 
        "8": 68587875.871000007, 
        "9": 57698127.671999998
    }, 
    "averaged_NPV": 67333969.12090002
}