{
    "std": 13316881.80210215, 
    "raw_results": {
        "0": 37919987.535999998, 
        "1": 55261505.32, 
        "2": 58753958.403999999, 
        "3": 82377404.463, 
        "4": 59785361.708999999, 
        "5": 67352011.313999996, 
        "6": 84582759.859999999, 
        "7": 72844328.415000007, 
        "8": 65797054.625, 
        "9": 53137533.008000001
    }, 
    "averaged_NPV": 63781190.465400003
}