{
    "std": 13163067.678263189, 
    "raw_results": {
        "0": 42622975.571000002, 
        "1": 59464691.079000004, 
        "2": 64980111.892999999, 
        "3": 86716758.069999993, 
        "4": 64137593.759999998, 
        "5": 71652295.833000004, 
        "6": 89299396.689999998, 
        "7": 77490680.588, 
        "8": 70206913.466999993, 
        "9": 58915544.781999998
    }, 
    "averaged_NPV": 68548696.173299998
}