{
    "std": 13036635.994222466, 
    "raw_results": {
        "0": 41922733.443000004, 
        "1": 58706639.428999998, 
        "2": 64610163.461999997, 
        "3": 85371278.412, 
        "4": 63261269.623000003, 
        "5": 70028181.158999994, 
        "6": 87608526.866999999, 
        "7": 75753740.619000003, 
        "8": 69464694.973000005, 
        "9": 55656257.136
    }, 
    "averaged_NPV": 67238348.5123
}