{
    "std": 13132966.76388661, 
    "raw_results": {
        "0": 40701475.659000002, 
        "1": 56902786.588, 
        "2": 62530160.571999997, 
        "3": 84174821.843999997, 
        "4": 61519212.799999997, 
        "5": 68929226.245000005, 
        "6": 86398490.076000005, 
        "7": 74568251.930999994, 
        "8": 66824669.969999999, 
        "9": 54088279.513999999
    }, 
    "averaged_NPV": 65663737.519900009
}