{
    "std": 12903067.140634432, 
    "raw_results": {
        "0": 43284144.721000001, 
        "1": 60759988.608999997, 
        "2": 66847793.158, 
        "3": 87163675.922999993, 
        "4": 65411650.627999999, 
        "5": 71984972.392000005, 
        "6": 89561759.291999996, 
        "7": 77704220.537, 
        "8": 71575411.019999996, 
        "9": 60267899.042999998
    }, 
    "averaged_NPV": 69456151.532299995
}