{
    "std": 13121108.405481512, 
    "raw_results": {
        "0": 39758839.450000003, 
        "1": 55664689.691, 
        "2": 59158269.417999998, 
        "3": 82941352.877000004, 
        "4": 59957341.287, 
        "5": 67484312.606000006, 
        "6": 85174394.724999994, 
        "7": 73344537.213, 
        "8": 65768885.149999999, 
        "9": 53246257.162
    }, 
    "averaged_NPV": 64249887.957900003
}