{
    "std": 12964315.198971575, 
    "raw_results": {
        "0": 41834110.398000002, 
        "1": 58807779.449000001, 
        "2": 65033355.566, 
        "3": 85817058.506999999, 
        "4": 63230978.656999998, 
        "5": 70427929.781000003, 
        "6": 88049023.142000005, 
        "7": 76177067.197999999, 
        "8": 69260496.75, 
        "9": 58672411.049999997
    }, 
    "averaged_NPV": 67731021.049799994
}