{
    "std": 13114228.575539032, 
    "raw_results": {
        "0": 41825194.887000002, 
        "1": 58759081.539999999, 
        "2": 64727896.545999996, 
        "3": 85450216.356999993, 
        "4": 63329725.541000001, 
        "5": 70234156.150999993, 
        "6": 87944797.356000006, 
        "7": 75825370.100999996, 
        "8": 69365664.434, 
        "9": 55709276.108000003
    }, 
    "averaged_NPV": 67317137.902099997
}