{
    "std": 13120719.716135345, 
    "raw_results": {
        "0": 41863354.636, 
        "1": 58771280.928999998, 
        "2": 64727896.545999996, 
        "3": 85548981.932999998, 
        "4": 63329725.541000001, 
        "5": 70262214.393000007, 
        "6": 87944797.356000006, 
        "7": 75848147.309, 
        "8": 69365664.434, 
        "9": 55721515.876000002
    }, 
    "averaged_NPV": 67338357.895300001
}