{
    "std": 13078595.338071106, 
    "raw_results": {
        "0": 40930401.920999996, 
        "1": 57957968.348999999, 
        "2": 63798181.758000001, 
        "3": 84598263.278999999, 
        "4": 62236781.800999999, 
        "5": 69512051.377000004, 
        "6": 86811562.329999998, 
        "7": 74968628.931999996, 
        "8": 68489045.393000007, 
        "9": 54947767.254000001
    }, 
    "averaged_NPV": 66425065.239399992
}