{
    "std": 13296575.108568728, 
    "raw_results": {
        "0": 36802749.748000003, 
        "1": 52085631.803000003, 
        "2": 57241801.612000003, 
        "3": 80399208.472000003, 
        "4": 56240823.670999996, 
        "5": 66243342.111000001, 
        "6": 82342053.393000007, 
        "7": 71656146.805999994, 
        "8": 61600304.229999997, 
        "9": 51182606.219999999
    }, 
    "averaged_NPV": 61579466.806599997
}