{
    "std": 13056763.617709804, 
    "raw_results": {
        "0": 41303762.104999997, 
        "1": 57796080.620999999, 
        "2": 63373808.512000002, 
        "3": 85203932.919, 
        "4": 62304002.693999998, 
        "5": 69813737.959999993, 
        "6": 87527397.091000006, 
        "7": 75580319.947999999, 
        "8": 67909223.604000002, 
        "9": 57527241.597999997
    }, 
    "averaged_NPV": 66833950.705200002
}