{
    "std": 13140683.326310635, 
    "raw_results": {
        "0": 40788834.357000001, 
        "1": 56894222.811999999, 
        "2": 62600329.516000003, 
        "3": 84286251.437000006, 
        "4": 61556985.692000002, 
        "5": 68960697.986000001, 
        "6": 86476398.838, 
        "7": 74626539.055000007, 
        "8": 66970498.112999998, 
        "9": 54173100.535999998
    }, 
    "averaged_NPV": 65733385.834200002
}