{
    "std": 13076437.645370634, 
    "raw_results": {
        "0": 42248046.277999997, 
        "1": 59264294.090000004, 
        "2": 65125751.055, 
        "3": 85934672.841000006, 
        "4": 63694409.445, 
        "5": 70502633.697999999, 
        "6": 88161429.497999996, 
        "7": 76169303.010000005, 
        "8": 69798272.746000007, 
        "9": 56161456.156999998
    }, 
    "averaged_NPV": 67706026.881799996
}