{
    "std": 12701493.131856175, 
    "raw_results": {
        "0": 21761403.916999999, 
        "1": 35682674.906999998, 
        "2": 38878469.408, 
        "3": 62827500.644000001, 
        "4": 38562458.354000002, 
        "5": 48141009.016000003, 
        "6": 64585526.078000002, 
        "7": 52013528.847000003, 
        "8": 42542662.034000002, 
        "9": 32482252.84
    }, 
    "averaged_NPV": 43747748.604499996
}