{
    "std": 13060457.87501746, 
    "raw_results": {
        "0": 43869492.582999997, 
        "1": 60509770.059, 
        "2": 66989665.953000002, 
        "3": 87894630.902999997, 
        "4": 65467030.267999999, 
        "5": 72571189.136000007, 
        "6": 90549968.915999994, 
        "7": 78348726.575000003, 
        "8": 71617165.067000002, 
        "9": 60945483.546999998
    }, 
    "averaged_NPV": 69876312.300700009
}