{
    "std": 12543308.656866657, 
    "raw_results": {
        "0": 23582344.969999999, 
        "1": 37107508.097000003, 
        "2": 40065672.401000001, 
        "3": 64222468.465000004, 
        "4": 39905008.748999998, 
        "5": 49243196.351000004, 
        "6": 66000179.114, 
        "7": 53630416.963, 
        "8": 43736475.741999999, 
        "9": 35095158.031999998
    }, 
    "averaged_NPV": 45258842.888400003
}