{
    "std": 13166536.766607963, 
    "raw_results": {
        "0": 41951027.163000003, 
        "1": 58441422.215000004, 
        "2": 63794616.092, 
        "3": 86092890.148000002, 
        "4": 62886449.439000003, 
        "5": 70612562.498999998, 
        "6": 88446030.327999994, 
        "7": 76358674.591999993, 
        "8": 68855919.199000001, 
        "9": 58047821.943999998
    }, 
    "averaged_NPV": 67548741.361900002
}