{
    "std": 12950627.364056686, 
    "raw_results": {
        "0": 41962345.001000002, 
        "1": 58982848.990999997, 
        "2": 65067716.593999997, 
        "3": 85934672.841000006, 
        "4": 63610098.707999997, 
        "5": 70376695.606000006, 
        "6": 88161429.497999996, 
        "7": 76169303.010000005, 
        "8": 69872131.886999995, 
        "9": 58718097.954999998
    }, 
    "averaged_NPV": 67885534.00909999
}