{
    "std": 13144826.35466185, 
    "raw_results": {
        "0": 40852895.807999998, 
        "1": 57031568.696999997, 
        "2": 62729963.25, 
        "3": 84353537.138999999, 
        "4": 61711530.457000002, 
        "5": 69034852.836999997, 
        "6": 86627287.555000007, 
        "7": 74719821.285999998, 
        "8": 67097172.281000003, 
        "9": 54276993.280000001
    }, 
    "averaged_NPV": 65843562.259000003
}