{
    "std": 13130865.265268473, 
    "raw_results": {
        "0": 41458236.601000004, 
        "1": 58349650.074000001, 
        "2": 64121675.450999998, 
        "3": 85258100.603, 
        "4": 62603048.906000003, 
        "5": 69651237.909999996, 
        "6": 87427428.534999996, 
        "7": 75332839.680000007, 
        "8": 68844607.310000002, 
        "9": 55203032.869999997
    }, 
    "averaged_NPV": 66824985.793999992
}