{
    "std": 12977348.519076474, 
    "raw_results": {
        "0": 39567660.167999998, 
        "1": 56321332.006999999, 
        "2": 61877247.083999999, 
        "3": 83016532.715000004, 
        "4": 60241056.634999998, 
        "5": 67708310.886000007, 
        "6": 84931638.868000001, 
        "7": 73280379.003000006, 
        "8": 65929613.677000001, 
        "9": 53498702.662
    }, 
    "averaged_NPV": 64637247.370500013
}