{
    "std": 13071274.701861039, 
    "raw_results": {
        "0": 41285933.295000002, 
        "1": 57674351.806000002, 
        "2": 63243092.479999997, 
        "3": 85256299.713, 
        "4": 62227497.077, 
        "5": 69763029.996000007, 
        "6": 87460139.431999996, 
        "7": 75505624.364999995, 
        "8": 67793196.964000002, 
        "9": 57431946.223999999
    }, 
    "averaged_NPV": 66764111.135199986
}