{
    "std": 13074021.22387455, 
    "raw_results": {
        "0": 39447180.990999997, 
        "1": 55095834.359999999, 
        "2": 58704214.185999997, 
        "3": 82427565.275000006, 
        "4": 59712981.030000001, 
        "5": 67381528.772, 
        "6": 84644156.518999994, 
        "7": 72864207.863000005, 
        "8": 65818152.726000004, 
        "9": 52965120.346000001
    }, 
    "averaged_NPV": 63906094.206799999
}