{
    "std": 13100473.619384615, 
    "raw_results": {
        "0": 40490434.263999999, 
        "1": 55154796.68, 
        "2": 63071702.034999996, 
        "3": 83792318.780000001, 
        "4": 61542886.299999997, 
        "5": 68461334.908999994, 
        "6": 85911828.693000004, 
        "7": 74062762.805999994, 
        "8": 67715700.827000007, 
        "9": 54367432.038999997
    }, 
    "averaged_NPV": 65457119.733300008
}