{
    "std": 13302283.259895289, 
    "raw_results": {
        "0": 36754479.965999998, 
        "1": 52116140.098999999, 
        "2": 57188701.354999997, 
        "3": 80395269.140000001, 
        "4": 56191060.697999999, 
        "5": 66211734.267999999, 
        "6": 82342053.393000007, 
        "7": 71641042.469999999, 
        "8": 61552367.719999999, 
        "9": 51208859.461000003
    }, 
    "averaged_NPV": 61560170.857000008
}