{
    "std": 13055476.067280581, 
    "raw_results": {
        "0": 40454593.427000001, 
        "1": 56678540.414999999, 
        "2": 62422749.68, 
        "3": 83742903.812999994, 
        "4": 61092076.482000001, 
        "5": 68529299.922000006, 
        "6": 85946493.156000003, 
        "7": 74172614.584999993, 
        "8": 66532792.890000001, 
        "9": 53907950.780000001
    }, 
    "averaged_NPV": 65348001.515000001
}