{
    "std": 13391336.570235161, 
    "raw_results": {
        "0": 36497541.718000002, 
        "1": 52236503.487999998, 
        "2": 57529899.873999998, 
        "3": 80584756.207000002, 
        "4": 56328846.375, 
        "5": 66293733.387000002, 
        "6": 82750220.283999994, 
        "7": 71621448.773000002, 
        "8": 61602749.181999996, 
        "9": 51549853.379000001
    }, 
    "averaged_NPV": 61699555.266699992
}