{
    "std": 13136745.264331022, 
    "raw_results": {
        "0": 38838504.002999999, 
        "1": 52725090.704000004, 
        "2": 58043894.303000003, 
        "3": 81486440.378000006, 
        "4": 56782042.086999997, 
        "5": 66638402.825999998, 
        "6": 83450272.150999993, 
        "7": 71987927.452000007, 
        "8": 62189415.479000002, 
        "9": 51954249.906000003
    }, 
    "averaged_NPV": 62409623.928900003
}