{
    "std": 13034885.860805122, 
    "raw_results": {
        "0": 40158532.038000003, 
        "1": 56231622.185999997, 
        "2": 62135722.843000002, 
        "3": 83405830.964000002, 
        "4": 60749696.247000001, 
        "5": 68138877.651999995, 
        "6": 85605983.621999994, 
        "7": 73789531.647, 
        "8": 66144140.090999998, 
        "9": 53729130.858999997
    }, 
    "averaged_NPV": 65008906.814899996
}