{
    "std": 13351718.940485556, 
    "raw_results": {
        "0": 39236573.283, 
        "1": 54394431.402999997, 
        "2": 58928991.828000002, 
        "3": 82648419.277999997, 
        "4": 58290030.689000003, 
        "5": 68308373.542999998, 
        "6": 85078894.125, 
        "7": 73097526.281000003, 
        "8": 66596350.399999999, 
        "9": 53103694.585000001
    }, 
    "averaged_NPV": 63968328.54150001
}