{
    "std": 12988545.771657953, 
    "raw_results": {
        "0": 41436510.184, 
        "1": 58249909.755999997, 
        "2": 64157059.361000001, 
        "3": 84776951.555999994, 
        "4": 62664323.582999997, 
        "5": 69702514.464000002, 
        "6": 86961476.233999997, 
        "7": 75256696.996999994, 
        "8": 69038384.828999996, 
        "9": 55313634.559
    }, 
    "averaged_NPV": 66755746.1523
}