{
    "std": 12812673.112567926, 
    "raw_results": {
        "0": 22116912.561000001, 
        "1": 36406066.416000001, 
        "2": 39808937.211000003, 
        "3": 63654382.127999999, 
        "4": 39474679.618000001, 
        "5": 48485182.905000001, 
        "6": 65976724.767999999, 
        "7": 53314642.115000002, 
        "8": 43101540.376000002, 
        "9": 34279516.829999998
    }, 
    "averaged_NPV": 44661858.492799997
}