{
    "std": 13165606.841860246, 
    "raw_results": {
        "0": 42207097.145999998, 
        "1": 59278003.074000001, 
        "2": 65078198.079000004, 
        "3": 86072420.215000004, 
        "4": 63672680.478, 
        "5": 70433825.577999994, 
        "6": 88446030.327999994, 
        "7": 76249841.810000002, 
        "8": 69859758.872999996, 
        "9": 56027400.302000001
    }, 
    "averaged_NPV": 67732525.588300005
}