{
    "std": 13110256.845572662, 
    "raw_results": {
        "0": 35947527.344999999, 
        "1": 50943767.686999999, 
        "2": 56095381.715000004, 
        "3": 78840649.564999998, 
        "4": 54732218.960000001, 
        "5": 64773644.898999996, 
        "6": 80232534.816, 
        "7": 69501673.182999998, 
        "8": 60563835.103, 
        "9": 48272084.383000001
    }, 
    "averaged_NPV": 59990331.765600003
}