{
    "std": 13603326.999218224, 
    "raw_results": {
        "0": 43528729.405000001, 
        "1": 58481439.155000001, 
        "2": 64199584.784000002, 
        "3": 88147364.428000003, 
        "4": 65448774.082999997, 
        "5": 72332821.246999994, 
        "6": 90515755.547000006, 
        "7": 78215463.266000003, 
        "8": 72182855.743000001, 
        "9": 58053124.362000003
    }, 
    "averaged_NPV": 69110591.201999992
}