{
    "std": 13068380.780712662, 
    "raw_results": {
        "0": 42568110.741999999, 
        "1": 59350894.799000002, 
        "2": 65801993.413999997, 
        "3": 86867929.386999995, 
        "4": 63933982.869000003, 
        "5": 71227651.75, 
        "6": 89081938.362000003, 
        "7": 76949273.994000003, 
        "8": 70049644.319000006, 
        "9": 59482786.07
    }, 
    "averaged_NPV": 68531420.570600003
}