{
    "std": 13140611.168690754, 
    "raw_results": {
        "0": 42034607.865000002, 
        "1": 58664374.409000002, 
        "2": 64164360.673, 
        "3": 85975746.428000003, 
        "4": 63301851.372000001, 
        "5": 70987442.222000003, 
        "6": 88611816.320999995, 
        "7": 76737134.817000002, 
        "8": 69220384.072999999, 
        "9": 58289415.377999999
    }, 
    "averaged_NPV": 67798713.355800003
}