{
    "std": 13155186.401383199, 
    "raw_results": {
        "0": 39228539.678999998, 
        "1": 52581699.162, 
        "2": 58106360.361000001, 
        "3": 82036593.349999994, 
        "4": 59012614.108000003, 
        "5": 66680570.348999999, 
        "6": 84034678.879999995, 
        "7": 72256869.841999993, 
        "8": 65276160.421999998, 
        "9": 52598990.512999997
    }, 
    "averaged_NPV": 63181307.666600004
}