{
    "std": 13072887.122452984, 
    "raw_results": {
        "0": 38518562.159999996, 
        "1": 52497151.737999998, 
        "2": 57701882.379000001, 
        "3": 80891679.922999993, 
        "4": 56456716.923, 
        "5": 66507257.660999998, 
        "6": 82804166.768000007, 
        "7": 71839533.106000006, 
        "8": 61865429.794, 
        "9": 51450615.306999996
    }, 
    "averaged_NPV": 62053299.575900003
}