{
    "std": 13409188.733816123, 
    "raw_results": {
        "0": 36934775.928999998, 
        "1": 52828884.450999998, 
        "2": 59898962.060999997, 
        "3": 80855746.224999994, 
        "4": 56949863.799000002, 
        "5": 66155821.568000004, 
        "6": 83480958.328999996, 
        "7": 72388919.699000001, 
        "8": 64826616.276000001, 
        "9": 51556651.987000003
    }, 
    "averaged_NPV": 62587720.032399997
}