{
    "std": 12842292.111297633, 
    "raw_results": {
        "0": 39384826.623000003, 
        "1": 55101418.806000002, 
        "2": 60789378.774999999, 
        "3": 82040467.133000001, 
        "4": 59375563.244000003, 
        "5": 66784822.208999999, 
        "6": 84034678.879999995, 
        "7": 72262041.986000001, 
        "8": 64808316.185999997, 
        "9": 52610020.038000003
    }, 
    "averaged_NPV": 63719153.387999997
}