{
    "std": 13180251.007898225, 
    "raw_results": {
        "0": 40550883.722999997, 
        "1": 55154796.68, 
        "2": 63078929.603, 
        "3": 84184247.866999999, 
        "4": 61547563.145999998, 
        "5": 68585464.966999993, 
        "6": 86131538.322999999, 
        "7": 74113101.338, 
        "8": 67733475.696999997, 
        "9": 54418729.696000002
    }, 
    "averaged_NPV": 65549873.103999995
}