{
    "std": 13238667.919978172, 
    "raw_results": {
        "0": 39310744.173, 
        "1": 54074493.013999999, 
        "2": 58575793.821999997, 
        "3": 82605299.920000002, 
        "4": 58076278.784999996, 
        "5": 67889216.754999995, 
        "6": 84337321.850999996, 
        "7": 72768880.606999993, 
        "8": 66302812.857000001, 
        "9": 52865844.718000002
    }, 
    "averaged_NPV": 63680668.650200009
}