{
    "std": 13003541.279821958, 
    "raw_results": {
        "0": 39973334.197999999, 
        "1": 56655391.993000001, 
        "2": 62278373.582999997, 
        "3": 83527530.078999996, 
        "4": 60970310.410999998, 
        "5": 68285189.419, 
        "6": 85381535.560000002, 
        "7": 73747864.898000002, 
        "8": 66508743.093999997, 
        "9": 53900921.68
    }, 
    "averaged_NPV": 65122919.491499998
}