{
    "std": 13092123.115682591, 
    "raw_results": {
        "0": 41655220.402000003, 
        "1": 58251204.305, 
        "2": 63393704.744999997, 
        "3": 85541294.605000004, 
        "4": 62487782.667000003, 
        "5": 70225959.956, 
        "6": 87964549.778999999, 
        "7": 75901405.769999996, 
        "8": 68406958.103, 
        "9": 57668189.726999998
    }, 
    "averaged_NPV": 67149627.005899996
}