{
    "std": 13456380.683229864, 
    "raw_results": {
        "0": 36888712.0, 
        "1": 52891801.564999998, 
        "2": 59848347.601999998, 
        "3": 80853413.133000001, 
        "4": 57062899.622000001, 
        "5": 66601533.483999997, 
        "6": 83592658.283000007, 
        "7": 72440922.128000006, 
        "8": 65106611.284999996, 
        "9": 51454224.706
    }, 
    "averaged_NPV": 62674112.380799994
}