{
    "std": 12812521.743859742, 
    "raw_results": {
        "0": 21834820.434999999, 
        "1": 35866635.700999998, 
        "2": 39296196.957000002, 
        "3": 62972403.012999997, 
        "4": 38848261.618000001, 
        "5": 48303059.914999999, 
        "6": 65222339.618000001, 
        "7": 52638278.987999998, 
        "8": 42774980.669, 
        "9": 32575090.633000001
    }, 
    "averaged_NPV": 44033206.75469999
}