{
    "std": 13105374.540055731, 
    "raw_results": {
        "0": 43234742.273999996, 
        "1": 60073553.670999996, 
        "2": 66654878.467, 
        "3": 87508574.244000003, 
        "4": 64951597.493000001, 
        "5": 71973776.986000001, 
        "6": 90050976.405000001, 
        "7": 77791470.483999997, 
        "8": 70896938.287, 
        "9": 60182501.079000004
    }, 
    "averaged_NPV": 69331900.93900001
}