{
    "std": 13324029.705519233, 
    "raw_results": {
        "0": 38942236.137000002, 
        "1": 53799800.482000001, 
        "2": 58322658.976999998, 
        "3": 82211611.472000003, 
        "4": 57696381.338, 
        "5": 67880187.359999999, 
        "6": 84508018.247999996, 
        "7": 72837083.177000001, 
        "8": 63005241.001999997, 
        "9": 52516558.295999996
    }, 
    "averaged_NPV": 63171977.64890001
}