{
    "std": 12621157.960788997, 
    "raw_results": {
        "0": 23470672.714000002, 
        "1": 36648715.626999997, 
        "2": 39871843.148000002, 
        "3": 64008014.748000003, 
        "4": 39572866.295999996, 
        "5": 49093434.630000003, 
        "6": 65149486.193000004, 
        "7": 55893564.887000002, 
        "8": 43517285.941, 
        "9": 35024812.446000002
    }, 
    "averaged_NPV": 45225069.663000003
}