{
    "std": 13091103.551442238, 
    "raw_results": {
        "0": 39739982.109999999, 
        "1": 55568013.623999998, 
        "2": 59039551.119000003, 
        "3": 82788559.979000002, 
        "4": 59833845.604999997, 
        "5": 67371180.738999993, 
        "6": 85002775.984999999, 
        "7": 73216051.924999997, 
        "8": 65637827.505000003, 
        "9": 53081470.892999999
    }, 
    "averaged_NPV": 64127925.948400006
}