{
    "std": 13214883.334492067, 
    "raw_results": {
        "0": 41462608.450999998, 
        "1": 55932923.556000002, 
        "2": 64045537.229999997, 
        "3": 85063476.566, 
        "4": 62592570.534999996, 
        "5": 69565674.776999995, 
        "6": 87089325.274000004, 
        "7": 75211954.797999993, 
        "8": 68919744.518000007, 
        "9": 55238038.873999998
    }, 
    "averaged_NPV": 66512185.457899988
}