{
    "std": 13376015.755612517, 
    "raw_results": {
        "0": 37665310.908, 
        "1": 52565905.075999998, 
        "2": 58068016.755999997, 
        "3": 81933181.107999995, 
        "4": 59030159.365999997, 
        "5": 66565866.137000002, 
        "6": 83784365.763999999, 
        "7": 72085368.247999996, 
        "8": 65168284.449000001, 
        "9": 52608239.535999998
    }, 
    "averaged_NPV": 62947469.734800003
}