{
    "std": 13017422.225580875, 
    "raw_results": {
        "0": 40528879.167000003, 
        "1": 56628652.112000003, 
        "2": 62369553.843000002, 
        "3": 83732902.747999996, 
        "4": 61118565.215999998, 
        "5": 68477963.546000004, 
        "6": 85810760.206, 
        "7": 74153961.861000001, 
        "8": 66649368.229000002, 
        "9": 53946519.262000002
    }, 
    "averaged_NPV": 65341712.619000003
}