{
    "std": 12708607.026268013, 
    "raw_results": {
        "0": 22469677.888999999, 
        "1": 37150583.112000003, 
        "2": 40261981.199000001, 
        "3": 63912914.215000004, 
        "4": 40004154.050999999, 
        "5": 48930925.071000002, 
        "6": 65053821.373999998, 
        "7": 56100367.706, 
        "8": 43430496.615000002, 
        "9": 35098210.498000003
    }, 
    "averaged_NPV": 45241313.173
}