{
    "std": 13248114.267356459, 
    "raw_results": {
        "0": 40677711.619999997, 
        "1": 56902786.588, 
        "2": 62630295.107000001, 
        "3": 84487235.471000001, 
        "4": 61519212.799999997, 
        "5": 69039076.034999996, 
        "6": 86778136.729000002, 
        "7": 74658776.927000001, 
        "8": 66824669.969999999, 
        "9": 54088279.513999999
    }, 
    "averaged_NPV": 65760618.076099992
}