{
    "std": 13102496.334125143, 
    "raw_results": {
        "0": 41624025.743000001, 
        "1": 58251204.305, 
        "2": 63393704.744999997, 
        "3": 85551002.343999997, 
        "4": 62487782.667000003, 
        "5": 70225959.956, 
        "6": 87983001.841999993, 
        "7": 75901405.769999996, 
        "8": 68406958.103, 
        "9": 57668189.726999998
    }, 
    "averaged_NPV": 67149323.520199999
}