{
    "std": 13008692.225820312, 
    "raw_results": {
        "0": 41453954.785999998, 
        "1": 57873407.149999999, 
        "2": 63381029.607000001, 
        "3": 85197702.451000005, 
        "4": 62326179.023000002, 
        "5": 69848995.100999996, 
        "6": 87526571.621000007, 
        "7": 75492376.445999995, 
        "8": 68040760.907000005, 
        "9": 57632093.811999999
    }, 
    "averaged_NPV": 66877307.090400003
}