{
    "std": 13151398.609610798, 
    "raw_results": {
        "0": 37296332.927000001, 
        "1": 52207631.921999998, 
        "2": 57716485.792000003, 
        "3": 80793302.244000003, 
        "4": 56319263.806000002, 
        "5": 66222573.174999997, 
        "6": 82465565.656000003, 
        "7": 71392478.430000007, 
        "8": 61418913.756999999, 
        "9": 52265542.673
    }, 
    "averaged_NPV": 61809809.038199998
}