{
    "std": 13005733.979774501, 
    "raw_results": {
        "0": 40507667.582000002, 
        "1": 56655043.277999997, 
        "2": 62352817.170000002, 
        "3": 83692915.818000004, 
        "4": 61101938.126999997, 
        "5": 68446221.806999996, 
        "6": 85782749.084999993, 
        "7": 74113885.357999995, 
        "8": 66611964.842, 
        "9": 53957839.541000001
    }, 
    "averaged_NPV": 65322304.260799989
}