{
    "std": 13063907.636875, 
    "raw_results": {
        "0": 35848123.899999999, 
        "1": 50539218.335000001, 
        "2": 55614436.902000003, 
        "3": 78390872.724999994, 
        "4": 54648051.744000003, 
        "5": 64826349.818000004, 
        "6": 80824132.451000005, 
        "7": 69629513.817000002, 
        "8": 59921410.971000001, 
        "9": 50096655.920000002
    }, 
    "averaged_NPV": 60033876.658299997
}