{
    "std": 13042250.241605448, 
    "raw_results": {
        "0": 40553153.325999998, 
        "1": 56765282.085000001, 
        "2": 62503483.972999997, 
        "3": 83862957.865999997, 
        "4": 61202448.213, 
        "5": 68575223.572999999, 
        "6": 85983496.386000007, 
        "7": 74228174.341000006, 
        "8": 66726207.949000001, 
        "9": 54053131.491999999
    }, 
    "averaged_NPV": 65445355.920400009
}