{
    "std": 12986099.788657296, 
    "raw_results": {
        "0": 39642275.387999997, 
        "1": 55148290.902999997, 
        "2": 58672386.897, 
        "3": 82426172.106999993, 
        "4": 59628974.667999998, 
        "5": 67308650.105000004, 
        "6": 84446125.151999995, 
        "7": 72725683.884000003, 
        "8": 65707851.651000001, 
        "9": 53053239.582999997
    }, 
    "averaged_NPV": 63875965.033799991
}