{
    "std": 13007749.147190705, 
    "raw_results": {
        "0": 40844516.675999999, 
        "1": 57465438.210000001, 
        "2": 62975295.401000001, 
        "3": 84815160.427000001, 
        "4": 61988384.082999997, 
        "5": 69397100.283999994, 
        "6": 86920301.115999997, 
        "7": 74940496.25, 
        "8": 67412739.552000001, 
        "9": 57193138.119999997
    }, 
    "averaged_NPV": 66395257.011900008
}