{
    "std": 13348105.464872533, 
    "raw_results": {
        "0": 38710785.648999996, 
        "1": 53847715.428000003, 
        "2": 58386575.567000002, 
        "3": 82211611.472000003, 
        "4": 57735647.897, 
        "5": 67884528.592999995, 
        "6": 84508018.247999996, 
        "7": 72837083.177000001, 
        "8": 63012708.784000002, 
        "9": 52655699.469999999
    }, 
    "averaged_NPV": 63179037.428499997
}