{
    "std": 13104326.494316865, 
    "raw_results": {
        "0": 39115644.200999998, 
        "1": 53002383.420999996, 
        "2": 58529978.752999999, 
        "3": 81843701.435000002, 
        "4": 59673719.649999999, 
        "5": 67125993.261999995, 
        "6": 83972685.333000004, 
        "7": 72628078.684, 
        "8": 65809512.476999998, 
        "9": 52743584.085000001
    }, 
    "averaged_NPV": 63444528.130100012
}