{
    "std": 12913222.415271992, 
    "raw_results": {
        "0": 41964719.327, 
        "1": 59005993.972999997, 
        "2": 65110816.531000003, 
        "3": 85817058.506999999, 
        "4": 63647370.045000002, 
        "5": 70427929.781000003, 
        "6": 88049023.142000005, 
        "7": 76177067.197999999, 
        "8": 69924526.096000001, 
        "9": 58740014.256999999
    }, 
    "averaged_NPV": 67886451.885700002
}