{
    "std": 13108933.662050301, 
    "raw_results": {
        "0": 40612920.491999999, 
        "1": 54922154.443999998, 
        "2": 63214637.953000002, 
        "3": 83742765.577999994, 
        "4": 61554117.931000002, 
        "5": 68429028.253999993, 
        "6": 85946493.156000003, 
        "7": 74178332.322999999, 
        "8": 67898488.362000003, 
        "9": 54279798.482000001
    }, 
    "averaged_NPV": 65477873.697500005
}