{
    "std": 13130756.377088601, 
    "raw_results": {
        "0": 39741484.458999999, 
        "1": 55607619.960000001, 
        "2": 59136516.505999997, 
        "3": 82941352.877000004, 
        "4": 59923087.421999998, 
        "5": 67478989.709000006, 
        "6": 85174394.724999994, 
        "7": 73344537.213, 
        "8": 65765268.469999999, 
        "9": 53235828.756999999
    }, 
    "averaged_NPV": 64234908.009799995
}