{
    "std": 13387516.315647196, 
    "raw_results": {
        "0": 37721997.994999997, 
        "1": 52683114.256999999, 
        "2": 58207382.68, 
        "3": 81958546.415999994, 
        "4": 59135041.534999996, 
        "5": 66685501.994000003, 
        "6": 83958784.656000003, 
        "7": 72234499.450000003, 
        "8": 65293840.883000001, 
        "9": 52697148.777000003
    }, 
    "averaged_NPV": 63057585.864299998
}