{
    "std": 13002658.138146892, 
    "raw_results": {
        "0": 40806596.273000002, 
        "1": 57455617.693999998, 
        "2": 62975295.401000001, 
        "3": 84797228.677000001, 
        "4": 61985490.895999998, 
        "5": 69397100.283999994, 
        "6": 86861668.502000004, 
        "7": 74913817.700000003, 
        "8": 67412739.552000001, 
        "9": 57190041.310999997
    }, 
    "averaged_NPV": 66379559.629000008
}