{
    "std": 13188468.588856295, 
    "raw_results": {
        "0": 41966314.196000002, 
        "1": 58567972.283, 
        "2": 63986534.700000003, 
        "3": 86343067.709999993, 
        "4": 63066891.088, 
        "5": 70931149.251000002, 
        "6": 88453798.145999998, 
        "7": 76534158.385000005, 
        "8": 68990702.687999994, 
        "9": 58210397.545999996
    }, 
    "averaged_NPV": 67705098.599299997
}