{
    "std": 13071784.681851406, 
    "raw_results": {
        "0": 38741553.816, 
        "1": 52789437.471000001, 
        "2": 58102872.625, 
        "3": 81330188.008000001, 
        "4": 56769348.292999998, 
        "5": 66571353.972000003, 
        "6": 83332621.517000005, 
        "7": 71917572.331, 
        "8": 62200956.181999996, 
        "9": 52304915.541000001
    }, 
    "averaged_NPV": 62406081.975600004
}