{
    "std": 12960736.109802766, 
    "raw_results": {
        "0": 42467264.708999999, 
        "1": 59929292.625, 
        "2": 65622277.785999998, 
        "3": 86480518.239999995, 
        "4": 64164237.339000002, 
        "5": 70864939.294, 
        "6": 88795811.268000007, 
        "7": 76680471.513999999, 
        "8": 70435861.237000003, 
        "9": 59006989.093999997
    }, 
    "averaged_NPV": 68444766.310600013
}