{
    "std": 13196654.114691472, 
    "raw_results": {
        "0": 39077909.116999999, 
        "1": 53589504.994999997, 
        "2": 58083797.042000003, 
        "3": 82335386.765000001, 
        "4": 57572908.472999997, 
        "5": 67604973.774000004, 
        "6": 83737369.863999993, 
        "7": 72509733.370000005, 
        "8": 62628305.060000002, 
        "9": 52444756.364
    }, 
    "averaged_NPV": 62958464.4824
}