{
    "std": 13157086.071762102, 
    "raw_results": {
        "0": 41681326.335000001, 
        "1": 58722300.055, 
        "2": 64670520.112000003, 
        "3": 85450216.356999993, 
        "4": 63258292.351000004, 
        "5": 70107078.282000005, 
        "6": 87944797.356000006, 
        "7": 75825370.100999996, 
        "8": 69436044.674999997, 
        "9": 55587018.916000001
    }, 
    "averaged_NPV": 67268296.453999996
}