{
    "std": 12211588.553099044, 
    "raw_results": {
        "0": 21579378.846000001, 
        "1": 35818499.177000001, 
        "2": 38984293.844999999, 
        "3": 62782690.713, 
        "4": 38447238.019000001, 
        "5": 47933385.358999997, 
        "6": 61182518.567000002, 
        "7": 52139990.424999997, 
        "8": 42478904.784000002, 
        "9": 32268843.583999999
    }, 
    "averaged_NPV": 43361574.331900001
}