{
    "std": 13023909.285006646, 
    "raw_results": {
        "0": 44069786.531000003, 
        "1": 61883943.969999999, 
        "2": 67776570.281000003, 
        "3": 88603646.457000002, 
        "4": 66296179.388999999, 
        "5": 72863905.725999996, 
        "6": 90750335.675999999, 
        "7": 78572613.544, 
        "8": 72864578.181999996, 
        "9": 61325258.975000001
    }, 
    "averaged_NPV": 70500681.873100013
}