{
    "std": 13131293.120372072, 
    "raw_results": {
        "0": 42023930.292000003, 
        "1": 58622750.519000001, 
        "2": 64094738.835000001, 
        "3": 86153634.611000001, 
        "4": 63184191.807999998, 
        "5": 70901212.116999999, 
        "6": 88452595.990999997, 
        "7": 76561747.069000006, 
        "8": 69104780.197999999, 
        "9": 58355309.583999999
    }, 
    "averaged_NPV": 67745489.10239999
}