{
    "std": 13285816.677092096, 
    "raw_results": {
        "0": 40808007.932999998, 
        "1": 55517726.208999999, 
        "2": 63561184.866999999, 
        "3": 84739966.647, 
        "4": 62248515.213, 
        "5": 69281000.946999997, 
        "6": 86778186.046000004, 
        "7": 74827492.033999994, 
        "8": 68449677.299999997, 
        "9": 54904594.670000002
    }, 
    "averaged_NPV": 66111635.186599992
}