{
    "std": 12884583.276088882, 
    "raw_results": {
        "0": 41042396.442000002, 
        "1": 57533110.215999998, 
        "2": 63175319.829999998, 
        "3": 84396394.408999994, 
        "4": 62182103.526000001, 
        "5": 69457076.131999999, 
        "6": 86817982.513999999, 
        "7": 75112222.623999998, 
        "8": 67704569.333000004, 
        "9": 57309096.535999998
    }, 
    "averaged_NPV": 66473027.156200007
}