{
    "std": 12908610.238755677, 
    "raw_results": {
        "0": 39858327.618000001, 
        "1": 56163929.747000001, 
        "2": 61972191.659000002, 
        "3": 82855055.555999994, 
        "4": 60291557.685999997, 
        "5": 67659423.718999997, 
        "6": 84910643.371999994, 
        "7": 73445018.736000001, 
        "8": 66008384.028999999, 
        "9": 53543806.762999997
    }, 
    "averaged_NPV": 64670833.888499998
}