{
    "std": 13061569.04462065, 
    "raw_results": {
        "0": 39521005.206, 
        "1": 55120174.752999999, 
        "2": 58664381.829000004, 
        "3": 82427565.275000006, 
        "4": 59665363.689999998, 
        "5": 67368529.324000001, 
        "6": 84644156.518999994, 
        "7": 72864207.863000005, 
        "8": 65798272.539999999, 
        "9": 52959271.274999999
    }, 
    "averaged_NPV": 63903292.827399991
}