{
    "std": 12997346.920995157, 
    "raw_results": {
        "0": 42811424.623999998, 
        "1": 60461873.787, 
        "2": 66244624.332999997, 
        "3": 87087057.732999995, 
        "4": 64878247.707999997, 
        "5": 71534432.626000002, 
        "6": 89327170.713, 
        "7": 77242153.238000005, 
        "8": 71149455.885000005, 
        "9": 59689026.387000002
    }, 
    "averaged_NPV": 69042546.703399986
}