{
    "std": 13335838.382368412, 
    "raw_results": {
        "0": 40092757.895999998, 
        "1": 55090335.669, 
        "2": 59599541.056000002, 
        "3": 83948117.577999994, 
        "4": 59000674.641999997, 
        "5": 68636363.665999994, 
        "6": 85570034.763999999, 
        "7": 73783292.941, 
        "8": 67286224.128000006, 
        "9": 54147694.678000003
    }, 
    "averaged_NPV": 64715503.701800004
}