{
    "std": 13336972.463826278, 
    "raw_results": {
        "0": 36350351.681000002, 
        "1": 51943832.648999996, 
        "2": 56688808.651000001, 
        "3": 80083659.540999994, 
        "4": 55909992.222999997, 
        "5": 65872715.439999998, 
        "6": 82194931.917999998, 
        "7": 71353661.063999996, 
        "8": 61093204.976000004, 
        "9": 50956493.409999996
    }, 
    "averaged_NPV": 61244765.155299999
}