{
    "std": 13297976.372706819, 
    "raw_results": {
        "0": 42864137.431000002, 
        "1": 59802301.188000001, 
        "2": 65399442.664999999, 
        "3": 87448738.547000006, 
        "4": 64456635.662, 
        "5": 72029969.915999994, 
        "6": 89850480.616999999, 
        "7": 77890509.788000003, 
        "8": 70672399.413000003, 
        "9": 58950241.255999997
    }, 
    "averaged_NPV": 68936485.648300007
}