{
    "std": 13203110.550707437, 
    "raw_results": {
        "0": 39754617.299999997, 
        "1": 54463750.226999998, 
        "2": 59169747.420000002, 
        "3": 82921396.357999995, 
        "4": 58615074.803000003, 
        "5": 67651303.243000001, 
        "6": 84918671.496000007, 
        "7": 73165259.453999996, 
        "8": 66632655.171999998, 
        "9": 53403425.936999999
    }, 
    "averaged_NPV": 64069590.14100001
}