{
    "std": 12648827.449596263, 
    "raw_results": {
        "0": 22741483.677000001, 
        "1": 37347331.147, 
        "2": 40480950.781999998, 
        "3": 64247109.405000001, 
        "4": 40186166.322999999, 
        "5": 49275528.822999999, 
        "6": 66028384.438000001, 
        "7": 53834085.303000003, 
        "8": 43805163.806999996, 
        "9": 35355028.961999997
    }, 
    "averaged_NPV": 45330123.2667
}