{
    "std": 12524560.65040726, 
    "raw_results": {
        "0": 23327514.52, 
        "1": 36515681.767999999, 
        "2": 39730946.023000002, 
        "3": 63473690.678000003, 
        "4": 39854646.528999999, 
        "5": 48650688.619999997, 
        "6": 65769369.137000002, 
        "7": 53521238.174999997, 
        "8": 43193439.792000003, 
        "9": 34459233.531000003
    }, 
    "averaged_NPV": 44849644.877300009
}