{
    "std": 12919961.264336748, 
    "raw_results": {
        "0": 36387268.769000001, 
        "1": 51011199.789999999, 
        "2": 56552746.754000001, 
        "3": 79246105.408999994, 
        "4": 55072191.883000001, 
        "5": 65207283.818000004, 
        "6": 80558164.644999996, 
        "7": 69833705.902999997, 
        "8": 60678328.873999998, 
        "9": 51027454.454999998
    }, 
    "averaged_NPV": 60557445.030000009
}