{
    "std": 13215757.710646698, 
    "raw_results": {
        "0": 41614966.556999996, 
        "1": 58170130.351000004, 
        "2": 63687524.07, 
        "3": 85789316.123999998, 
        "4": 62730949.530000001, 
        "5": 70575315.613000005, 
        "6": 88302897.182999998, 
        "7": 76372952.541999996, 
        "8": 68621398.767000005, 
        "9": 57717408.071000002
    }, 
    "averaged_NPV": 67358285.880799994
}