{
    "std": 13275853.329185363, 
    "raw_results": {
        "0": 40811830.148999996, 
        "1": 55541090.579000004, 
        "2": 63593506.239, 
        "3": 84712338.482999995, 
        "4": 62283993.079999998, 
        "5": 69333540.282000005, 
        "6": 86749148.783000007, 
        "7": 74870536.312999994, 
        "8": 68469875.140000001, 
        "9": 54925747.906000003
    }, 
    "averaged_NPV": 66129160.6954
}