{
    "std": 13155244.245727569, 
    "raw_results": {
        "0": 40533587.162, 
        "1": 57069535.873000003, 
        "2": 62634723.273999996, 
        "3": 84347518.842999995, 
        "4": 61618859.267999999, 
        "5": 69052774.739999995, 
        "6": 86363570.488999993, 
        "7": 74520485.512999997, 
        "8": 67011422.192000002, 
        "9": 54243111.774999999
    }, 
    "averaged_NPV": 65739558.912899993
}