{
    "std": 13004055.232442249, 
    "raw_results": {
        "0": 43202337.296999998, 
        "1": 60742350.854000002, 
        "2": 66713204.414999999, 
        "3": 87432995.693000004, 
        "4": 65255759.370999999, 
        "5": 71913215.628999993, 
        "6": 89778545.503999993, 
        "7": 77726578.645999998, 
        "8": 71661611.540000007, 
        "9": 60224283.844999999
    }, 
    "averaged_NPV": 69465088.279400006
}