{
    "std": 13253445.714782663, 
    "raw_results": {
        "0": 41980571.983000003, 
        "1": 58499546.472999997, 
        "2": 64071960.762000002, 
        "3": 86260929.606000006, 
        "4": 63135885.057999998, 
        "5": 70968961.219999999, 
        "6": 88800784.099999994, 
        "7": 76810379.965000004, 
        "8": 69091192.013999999, 
        "9": 58155601.544
    }, 
    "averaged_NPV": 67777581.272500008
}