{
    "std": 12975307.522031106, 
    "raw_results": {
        "0": 39655182.965999998, 
        "1": 55194825.997000001, 
        "2": 58689606.365999997, 
        "3": 82426172.106999993, 
        "4": 59655156.759000003, 
        "5": 67312358.924999997, 
        "6": 84446125.151999995, 
        "7": 72725683.884000003, 
        "8": 65711201.494000003, 
        "9": 53099583.116999999
    }, 
    "averaged_NPV": 63891589.676699996
}