{
    "std": 12136376.325788621, 
    "raw_results": {
        "0": 21911067.037, 
        "1": 35726232.340999998, 
        "2": 39038764.515000001, 
        "3": 62782690.713, 
        "4": 38626590.607000001, 
        "5": 47974326.710000001, 
        "6": 61182518.567000002, 
        "7": 52139990.424999997, 
        "8": 42624134.887999997, 
        "9": 32416063.934
    }, 
    "averaged_NPV": 43442237.973700002
}