{
    "std": 13067685.944025645, 
    "raw_results": {
        "0": 40147565.582000002, 
        "1": 56752241.614, 
        "2": 62448318.641999997, 
        "3": 83444645.864999995, 
        "4": 61232365.082000002, 
        "5": 68562879.464000002, 
        "6": 85957763.496000007, 
        "7": 74231722.202000007, 
        "8": 66707470.011, 
        "9": 53946519.262000002
    }, 
    "averaged_NPV": 65343149.122000001
}