{
    "std": 13060825.423130762, 
    "raw_results": {
        "0": 40496603.397, 
        "1": 56688203.633000001, 
        "2": 62441531.247000001, 
        "3": 83778761.364999995, 
        "4": 61108536.402000003, 
        "5": 68553158.715000004, 
        "6": 85988020.733999997, 
        "7": 74213996.645999998, 
        "8": 66558559.438000001, 
        "9": 53910960.655000001
    }, 
    "averaged_NPV": 65373833.223200001
}