{
    "std": 12912986.982264543, 
    "raw_results": {
        "0": 43289861.943999998, 
        "1": 60724770.115999997, 
        "2": 66818941.278999999, 
        "3": 87165473.340000004, 
        "4": 65385601.555, 
        "5": 71995116.024000004, 
        "6": 89581384.768999994, 
        "7": 77715624.340000004, 
        "8": 71582255.984999999, 
        "9": 60226510.457999997
    }, 
    "averaged_NPV": 69448553.980999991
}