{
    "std": 13235368.646832012, 
    "raw_results": {
        "0": 40749085.370999999, 
        "1": 56894524.965000004, 
        "2": 62630295.107000001, 
        "3": 84487235.471000001, 
        "4": 61519212.799999997, 
        "5": 69039076.034999996, 
        "6": 86778136.729000002, 
        "7": 74646808.950000003, 
        "8": 66824669.969999999, 
        "9": 54076868.528999999
    }, 
    "averaged_NPV": 65764591.392699994
}