{
    "std": 13359848.577690981, 
    "raw_results": {
        "0": 39270892.386, 
        "1": 54394431.402999997, 
        "2": 58957470.160999998, 
        "3": 82706196.816, 
        "4": 58294089.332000002, 
        "5": 68326583.884000003, 
        "6": 85145698.163000003, 
        "7": 73118484.796000004, 
        "8": 66613128.324000001, 
        "9": 53168637.016000003
    }, 
    "averaged_NPV": 63999561.228100002
}