{
    "std": 13222051.413978128, 
    "raw_results": {
        "0": 42706851.332000002, 
        "1": 59431475.983000003, 
        "2": 64953702.723999999, 
        "3": 87002831.820999995, 
        "4": 64106442.340999998, 
        "5": 71733163.090000004, 
        "6": 89463277.822999999, 
        "7": 77509573.269999996, 
        "8": 70219059.327000007, 
        "9": 58880803.748000003
    }, 
    "averaged_NPV": 68600718.145900011
}