{
    "std": 13130344.987358291, 
    "raw_results": {
        "0": 38950349.776000001, 
        "1": 52911273.809, 
        "2": 58486796.505999997, 
        "3": 81883989.856000006, 
        "4": 59633001.0, 
        "5": 66973353.785999998, 
        "6": 83826364.549999997, 
        "7": 72624000.098000005, 
        "8": 65830212.582999997, 
        "9": 52662938.306000002
    }, 
    "averaged_NPV": 63378228.026999995
}