{
    "std": 13046442.984563453, 
    "raw_results": {
        "0": 40496603.397, 
        "1": 56688203.633000001, 
        "2": 62422749.68, 
        "3": 83742903.812999994, 
        "4": 61095764.213, 
        "5": 68529299.922000006, 
        "6": 85946493.156000003, 
        "7": 74172614.584999993, 
        "8": 66532792.890000001, 
        "9": 53910960.655000001
    }, 
    "averaged_NPV": 65353838.594400004
}