{
    "std": 12771575.978674883, 
    "raw_results": {
        "0": 39605028.822999999, 
        "1": 55680949.843000002, 
        "2": 61701659.193999998, 
        "3": 82644187.702999994, 
        "4": 60199238.693999998, 
        "5": 67709875.076000005, 
        "6": 84721450.236000001, 
        "7": 73269934.466999993, 
        "8": 65975267.552000001, 
        "9": 55545640.645999998
    }, 
    "averaged_NPV": 64705323.223400012
}