{
    "std": 13000515.485988613, 
    "raw_results": {
        "0": 42838751.615000002, 
        "1": 60422516.538999997, 
        "2": 66270783.957000002, 
        "3": 87093886.415000007, 
        "4": 64893541.173, 
        "5": 71574068.378999993, 
        "6": 89324515.057999998, 
        "7": 77299230.321999997, 
        "8": 71183755.471000001, 
        "9": 59665979.463
    }, 
    "averaged_NPV": 69056702.83919999
}