{
    "std": 12733248.543241752, 
    "raw_results": {
        "0": 39228892.549999997, 
        "1": 54837651.204000004, 
        "2": 60579800.666000001, 
        "3": 81606007.658000007, 
        "4": 59061478.089000002, 
        "5": 66353712.825000003, 
        "6": 83495963.613000005, 
        "7": 71778801.626000002, 
        "8": 64825883.112000003, 
        "9": 52410982.806000002
    }, 
    "averaged_NPV": 63417917.414900005
}