{
    "std": 12717857.673742028, 
    "raw_results": {
        "0": 22169595.697000001, 
        "1": 36274955.568999998, 
        "2": 39693442.155000001, 
        "3": 63964549.417999998, 
        "4": 39299168.968000002, 
        "5": 48915149.063000001, 
        "6": 64998072.579999998, 
        "7": 53244012.160999998, 
        "8": 43247818.798, 
        "9": 34275166.004000001
    }, 
    "averaged_NPV": 44608193.041299999
}