{
    "std": 13006243.27081155, 
    "raw_results": {
        "0": 40491552.115999997, 
        "1": 56674466.274999999, 
        "2": 62352817.170000002, 
        "3": 83692789.682999998, 
        "4": 61105397.533, 
        "5": 68446221.806999996, 
        "6": 85782749.084999993, 
        "7": 74119611.986000001, 
        "8": 66611964.842, 
        "9": 53975367.483999997
    }, 
    "averaged_NPV": 65325293.798099995
}