{
    "std": 13381607.188689046, 
    "raw_results": {
        "0": 36191777.409000002, 
        "1": 51498756.501999997, 
        "2": 56941258.028999999, 
        "3": 80204533.187999994, 
        "4": 55829083.715000004, 
        "5": 65852908.137999997, 
        "6": 82130754.753000006, 
        "7": 71221536.680000007, 
        "8": 61039386.581, 
        "9": 51061463.663999997
    }, 
    "averaged_NPV": 61197145.865900002
}