{
    "std": 13155350.364666743, 
    "raw_results": {
        "0": 40403469.449000001, 
        "1": 56995329.244999997, 
        "2": 62676317.104000002, 
        "3": 84210526.131999999, 
        "4": 61648057.270000003, 
        "5": 69125435.348000005, 
        "6": 86232501.567000002, 
        "7": 74565734.709999993, 
        "8": 67070920.015000001, 
        "9": 54169637.347000003
    }, 
    "averaged_NPV": 65709792.818700001
}