{
    "std": 13311992.15815248, 
    "raw_results": {
        "0": 36214452.619999997, 
        "1": 51549612.934, 
        "2": 57040657.816, 
        "3": 79953561.699000001, 
        "4": 55931526.707999997, 
        "5": 65807258.131999999, 
        "6": 82021377.076000005, 
        "7": 71236283.833000004, 
        "8": 61129361.517999999, 
        "9": 51078617.960000001
    }, 
    "averaged_NPV": 61196271.029600002
}