{
    "std": 13197577.1266689, 
    "raw_results": {
        "0": 41954713.298, 
        "1": 58504444.901000001, 
        "2": 63922887.402000003, 
        "3": 86194889.479000002, 
        "4": 63003085.813000001, 
        "5": 70849627.501000002, 
        "6": 88563103.039000005, 
        "7": 76528016.834000006, 
        "8": 68986542.802000001, 
        "9": 58148695.501000002
    }, 
    "averaged_NPV": 67665600.657000005
}