{
    "std": 13326916.502183205, 
    "raw_results": {
        "0": 42898582.533, 
        "1": 59768931.700000003, 
        "2": 65360060.181999996, 
        "3": 87544106.069999993, 
        "4": 64410799.050999999, 
        "5": 71998161.870000005, 
        "6": 89950792.324000001, 
        "7": 77894640.092999995, 
        "8": 70641504.891000003, 
        "9": 58916312.861000001
    }, 
    "averaged_NPV": 68938389.157499999
}