{
    "std": 13146344.621200819, 
    "raw_results": {
        "0": 40750529.656999998, 
        "1": 56903298.843000002, 
        "2": 62600329.516000003, 
        "3": 84286251.437000006, 
        "4": 61556985.692000002, 
        "5": 68960697.986000001, 
        "6": 86476398.838, 
        "7": 74626539.055000007, 
        "8": 66970498.112999998, 
        "9": 54184518.947999999
    }, 
    "averaged_NPV": 65731604.808499992
}