{
    "std": 13009726.230653234, 
    "raw_results": {
        "0": 42457145.945, 
        "1": 59625299.737000003, 
        "2": 65553991.556000002, 
        "3": 86548812.436000004, 
        "4": 64129545.956, 
        "5": 70999172.172999993, 
        "6": 88937939.709000006, 
        "7": 76710022.202999994, 
        "8": 70228156.137999997, 
        "9": 59135223.405000001
    }, 
    "averaged_NPV": 68432530.925799996
}