{
    "std": 13147064.386039158, 
    "raw_results": {
        "0": 41617954.079999998, 
        "1": 58735643.089000002, 
        "2": 64712681.347000003, 
        "3": 85400742.283000007, 
        "4": 63295004.288999997, 
        "5": 70142600.336999997, 
        "6": 87848555.269999996, 
        "7": 75853338.194000006, 
        "8": 69469369.128999993, 
        "9": 55595822.605999999
    }, 
    "averaged_NPV": 67267171.062399983
}