{
    "std": 12999876.598181317, 
    "raw_results": {
        "0": 40855628.744999997, 
        "1": 57465866.651000001, 
        "2": 63014042.711999997, 
        "3": 84780160.703999996, 
        "4": 62014954.387000002, 
        "5": 69440833.697999999, 
        "6": 86908612.835999995, 
        "7": 74980024.192000002, 
        "8": 67458091.648000002, 
        "9": 57206201.017999999
    }, 
    "averaged_NPV": 66412441.659100011
}