{
    "std": 12997499.752100216, 
    "raw_results": {
        "0": 40774661.386, 
        "1": 57394613.561999999, 
        "2": 62913946.851999998, 
        "3": 84745523.784999996, 
        "4": 61884963.566, 
        "5": 69325327.598000005, 
        "6": 86780494.655000001, 
        "7": 74854181.721000001, 
        "8": 67277561.157000005, 
        "9": 57103625.115000002
    }, 
    "averaged_NPV": 66305489.939700007
}