{
    "std": 12991673.925500868, 
    "raw_results": {
        "0": 36288042.945, 
        "1": 51031545.351999998, 
        "2": 56572224.538000003, 
        "3": 79335060.204999998, 
        "4": 55110571.711999997, 
        "5": 65289723.737999998, 
        "6": 80766138.085999995, 
        "7": 69888170.020999998, 
        "8": 60692751.938000001, 
        "9": 50961269.200000003
    }, 
    "averaged_NPV": 60593549.773500003
}