{
    "std": 13200049.472740687, 
    "raw_results": {
        "0": 37349083.090999998, 
        "1": 52647179.175999999, 
        "2": 57949275.491999999, 
        "3": 80864500.974000007, 
        "4": 56511676.589000002, 
        "5": 66485974.417999998, 
        "6": 83043069.885000005, 
        "7": 71753431.886000007, 
        "8": 61772523.376000002, 
        "9": 52679789.517999999
    }, 
    "averaged_NPV": 62105650.440500006
}