{
    "std": 13239007.436255395, 
    "raw_results": {
        "0": 39635641.123999998, 
        "1": 54795287.120999999, 
        "2": 59383236.566, 
        "3": 83042128.645999998, 
        "4": 58737463.553000003, 
        "5": 68094418.307999998, 
        "6": 84918671.496000007, 
        "7": 73557188.284999996, 
        "8": 67084693.997000001, 
        "9": 53590913.016000003
    }, 
    "averaged_NPV": 64283964.211199999
}