{
    "std": 13017785.288894979, 
    "raw_results": {
        "0": 40179642.461000003, 
        "1": 56360252.721000001, 
        "2": 62240595.277000003, 
        "3": 83402905.171000004, 
        "4": 60803922.783, 
        "5": 68242779.099999994, 
        "6": 85599137.077999994, 
        "7": 73878210.713, 
        "8": 66258391.111000001, 
        "9": 53825917.983999997
    }, 
    "averaged_NPV": 65079175.439899996
}