{
    "std": 12949917.410894005, 
    "raw_results": {
        "0": 44051229.420000002, 
        "1": 60866096.501999997, 
        "2": 67416160.539000005, 
        "3": 88020526.247999996, 
        "4": 65724632.737999998, 
        "5": 72574013.466999993, 
        "6": 90351859.971000001, 
        "7": 78327996.409999996, 
        "8": 71862427.638999999, 
        "9": 61230022.068000004
    }, 
    "averaged_NPV": 70042496.500200003
}