{
    "std": 13063285.008907005, 
    "raw_results": {
        "0": 40496521.833999999, 
        "1": 56802640.480999999, 
        "2": 62456204.780000001, 
        "3": 83824798.135000005, 
        "4": 61239070.052000001, 
        "5": 68648957.743000001, 
        "6": 86036301.693000004, 
        "7": 74261104.834000006, 
        "8": 66707470.011, 
        "9": 53984070.377999999
    }, 
    "averaged_NPV": 65445713.994099997
}