{
    "std": 13208943.353721496, 
    "raw_results": {
        "0": 42344897.273000002, 
        "1": 58992686.973999999, 
        "2": 64532713.585000001, 
        "3": 86609981.525000006, 
        "4": 63673926.588, 
        "5": 71337431.794, 
        "6": 89082981.928000003, 
        "7": 77143771.112000003, 
        "8": 69716977.662, 
        "9": 58691788.465000004
    }, 
    "averaged_NPV": 68212715.690600008
}