{
    "std": 13152817.931925453, 
    "raw_results": {
        "0": 41316097.43, 
        "1": 57894882.234999999, 
        "2": 63538874.284000002, 
        "3": 85377861.076000005, 
        "4": 62522077.251000002, 
        "5": 70199819.758000001, 
        "6": 87920733.525999993, 
        "7": 75921235.133000001, 
        "8": 68126126.644999996, 
        "9": 57573125.997000001
    }, 
    "averaged_NPV": 67039083.333500005
}