{
    "std": 13104389.888071405, 
    "raw_results": {
        "0": 41987396.152000003, 
        "1": 58622750.519000001, 
        "2": 64027796.806999996, 
        "3": 85965643.535999998, 
        "4": 63136247.873000003, 
        "5": 70822650.694000006, 
        "6": 88434806.305999994, 
        "7": 76468264.746000007, 
        "8": 69071697.407000005, 
        "9": 58355309.583999999
    }, 
    "averaged_NPV": 67689256.362399995
}