{
    "std": 13012060.225578012, 
    "raw_results": {
        "0": 39229020.542000003, 
        "1": 55715669.350000001, 
        "2": 59132763.718999997, 
        "3": 82389125.277999997, 
        "4": 60037519.920000002, 
        "5": 67586906.107999995, 
        "6": 84413161.113000005, 
        "7": 73152133.244000003, 
        "8": 65770605.338, 
        "9": 53186472.152999997
    }, 
    "averaged_NPV": 64061337.6765
}