{
    "std": 13105572.551303294, 
    "raw_results": {
        "0": 41860064.608999997, 
        "1": 58771280.928999998, 
        "2": 64727896.545999996, 
        "3": 85450216.356999993, 
        "4": 63329725.541000001, 
        "5": 70234156.150999993, 
        "6": 87944797.356000006, 
        "7": 75825370.100999996, 
        "8": 69365664.434, 
        "9": 55721515.876000002
    }, 
    "averaged_NPV": 67323068.790000007
}