{
    "std": 13263483.125528013, 
    "raw_results": {
        "0": 40939803.936999999, 
        "1": 55914263.140000001, 
        "2": 63517958.844999999, 
        "3": 84563813.825000003, 
        "4": 59972527.605999999, 
        "5": 69369247.714000002, 
        "6": 86624415.554000005, 
        "7": 74907953.747999996, 
        "8": 68682587.270999998, 
        "9": 55086262.210000001
    }, 
    "averaged_NPV": 65957883.385000005
}