{
    "std": 13178418.304306269, 
    "raw_results": {
        "0": 40654033.901000001, 
        "1": 56896355.870999999, 
        "2": 62624690.862000003, 
        "3": 84323282.731000006, 
        "4": 61580321.640000001, 
        "5": 69003222.108999997, 
        "6": 86512825.020999998, 
        "7": 74651654.974000007, 
        "8": 67003555.350000001, 
        "9": 54178342.813000001
    }, 
    "averaged_NPV": 65742828.527199998
}