{
    "std": 13023640.540428482, 
    "raw_results": {
        "0": 42246034.365000002, 
        "1": 59276521.229999997, 
        "2": 65583402.534999996, 
        "3": 86237630.627000004, 
        "4": 63667031.226999998, 
        "5": 70921207.725999996, 
        "6": 88784473.662, 
        "7": 76766937.280000001, 
        "8": 69744912.817000002, 
        "9": 59074798.776000001
    }, 
    "averaged_NPV": 68230295.024499997
}