{
    "std": 12988816.800832305, 
    "raw_results": {
        "0": 35706503.142999999, 
        "1": 50582960.975000001, 
        "2": 55833043.134999998, 
        "3": 78121296.174999997, 
        "4": 54229745.821000002, 
        "5": 64140866.158, 
        "6": 79833245.189999998, 
        "7": 68905885.467999995, 
        "8": 60185069.259000003, 
        "9": 48115842.162
    }, 
    "averaged_NPV": 59565445.748599984
}