{
    "std": 13166512.379976824, 
    "raw_results": {
        "0": 36788000.376999997, 
        "1": 51864893.612000003, 
        "2": 57376567.832999997, 
        "3": 80165315.378000006, 
        "4": 56100099.240000002, 
        "5": 65899118.780000001, 
        "6": 82096767.294, 
        "7": 71210678.006999999, 
        "8": 61152385.244000003, 
        "9": 51623170.351000004
    }, 
    "averaged_NPV": 61427699.611599997
}