{
    "std": 13104174.031830277, 
    "raw_results": {
        "0": 40256928.560999997, 
        "1": 56874702.835000001, 
        "2": 62547778.059, 
        "3": 83871872.623999998, 
        "4": 61278120.861000001, 
        "5": 68667533.895999998, 
        "6": 85948272.419, 
        "7": 74261386.355000004, 
        "8": 66897752.914999999, 
        "9": 53895514.840000004
    }, 
    "averaged_NPV": 65449986.336500004
}