{
    "std": 12983648.227597447, 
    "raw_results": {
        "0": 40884265.739, 
        "1": 57995394.152999997, 
        "2": 63615502.236000001, 
        "3": 84333405.938999996, 
        "4": 62296515.969999999, 
        "5": 69301587.011999995, 
        "6": 86464775.900000006, 
        "7": 74869417.653999999, 
        "8": 68632101.854000002, 
        "9": 54990692.592
    }, 
    "averaged_NPV": 66338365.904899992
}