{
    "std": 13185771.465939721, 
    "raw_results": {
        "0": 42312273.372000001, 
        "1": 58928542.100000001, 
        "2": 64417650.302000001, 
        "3": 86603856.618000001, 
        "4": 63553662.700999998, 
        "5": 71180284.799999997, 
        "6": 88923429.099000007, 
        "7": 76992636.310000002, 
        "8": 69575205.284999996, 
        "9": 58690100.660999998
    }, 
    "averaged_NPV": 68117764.124799997
}