{
    "std": 12939509.803707967, 
    "raw_results": {
        "0": 39638807.788000003, 
        "1": 56244447.299000002, 
        "2": 62044813.450999998, 
        "3": 82739703.854000002, 
        "4": 60413223.222999997, 
        "5": 67690887.135000005, 
        "6": 84952508.143999994, 
        "7": 73555796.603, 
        "8": 66127422.722999997, 
        "9": 53550110.097999997
    }, 
    "averaged_NPV": 64695772.031800009
}