{
    "std": 13199111.31022748, 
    "raw_results": {
        "0": 41627921.711999997, 
        "1": 58188399.645999998, 
        "2": 63706143.647, 
        "3": 85767747.781000003, 
        "4": 62750671.847000003, 
        "5": 70573528.737000003, 
        "6": 88257615.859999999, 
        "7": 76375558.390000001, 
        "8": 68626262.794, 
        "9": 57739983.050999999
    }, 
    "averaged_NPV": 67361383.346500009
}