{
    "std": 13149517.311077747, 
    "raw_results": {
        "0": 41710925.439000003, 
        "1": 58226303.376000002, 
        "2": 63559173.605999999, 
        "3": 85908509.804000005, 
        "4": 62660622.729999997, 
        "5": 70546893.605000004, 
        "6": 88046898.919, 
        "7": 76152680.141000003, 
        "8": 68671902.834000006, 
        "9": 57868387.063000001
    }, 
    "averaged_NPV": 67335229.751700014
}