{
    "std": 13092368.447240721, 
    "raw_results": {
        "0": 41688034.233999997, 
        "1": 58237068.975000001, 
        "2": 63557973.737000003, 
        "3": 85730570.971000001, 
        "4": 62691325.993000001, 
        "5": 70464048.619000003, 
        "6": 87931398.165999994, 
        "7": 76118594.089000002, 
        "8": 68638618.703999996, 
        "9": 58035088.370999999
    }, 
    "averaged_NPV": 67309272.185900003
}