{
    "std": 13311903.198883275, 
    "raw_results": {
        "0": 36427252.431999996, 
        "1": 51175290.876000002, 
        "2": 56580838.402000003, 
        "3": 79888233.357999995, 
        "4": 55340123.149999999, 
        "5": 65473367.370999999, 
        "6": 81370774.544, 
        "7": 70119556.407000005, 
        "8": 60732310.234999999, 
        "9": 48884597.693999998
    }, 
    "averaged_NPV": 60599234.446899995
}