{
    "std": 12966682.942979155, 
    "raw_results": {
        "0": 39656233.770000003, 
        "1": 55148290.902999997, 
        "2": 58668715.548, 
        "3": 82374391.915999994, 
        "4": 59625186.391000003, 
        "5": 67294939.969999999, 
        "6": 84399853.628999993, 
        "7": 72700669.795000002, 
        "8": 65687237.419, 
        "9": 53053239.582999997
    }, 
    "averaged_NPV": 63860875.892400004
}