{
    "std": 13136436.22889773, 
    "raw_results": {
        "0": 40806942.726999998, 
        "1": 56894222.811999999, 
        "2": 62600329.516000003, 
        "3": 84286251.437000006, 
        "4": 61556985.692000002, 
        "5": 68960697.986000001, 
        "6": 86476398.838, 
        "7": 74614559.490999997, 
        "8": 66970498.112999998, 
        "9": 54173100.535999998
    }, 
    "averaged_NPV": 65733998.7148
}