{
    "std": 13170797.62579835, 
    "raw_results": {
        "0": 40376187.733999997, 
        "1": 56881837.772, 
        "2": 62478588.552000001, 
        "3": 84261152.222000003, 
        "4": 61496782.667999998, 
        "5": 68989874.643999994, 
        "6": 86208886.900000006, 
        "7": 74449885.322999999, 
        "8": 66919436.097999997, 
        "9": 54138802.620999999
    }, 
    "averaged_NPV": 65620143.453400001
}