{
    "std": 13198463.090319293, 
    "raw_results": {
        "0": 40571199.917000003, 
        "1": 55512947.502999999, 
        "2": 63104593.854000002, 
        "3": 84064123.373999998, 
        "4": 59392920.608999997, 
        "5": 69032876.140000001, 
        "6": 85946493.156000003, 
        "7": 74267215.422000006, 
        "8": 67941283.635000005, 
        "9": 54553757.693999998
    }, 
    "averaged_NPV": 65438741.130400002
}