{
    "std": 13082086.700216072, 
    "raw_results": {
        "0": 37339967.597000003, 
        "1": 52193110.700999998, 
        "2": 57659127.800999999, 
        "3": 80623864.995000005, 
        "4": 56269846.158, 
        "5": 66143700.634000003, 
        "6": 82264593.247999996, 
        "7": 71315359.253999993, 
        "8": 61337290.138999999, 
        "9": 52293954.854000002
    }, 
    "averaged_NPV": 61744081.538100004
}