{
    "std": 13322229.666841775, 
    "raw_results": {
        "0": 40149211.641000003, 
        "1": 55090335.669, 
        "2": 59602450.645999998, 
        "3": 83948117.577999994, 
        "4": 59000674.641999997, 
        "5": 68636363.665999994, 
        "6": 85570034.763999999, 
        "7": 73783292.941, 
        "8": 67286224.128000006, 
        "9": 54186572.147
    }, 
    "averaged_NPV": 64725327.782199994
}