{
    "std": 12925992.063831231, 
    "raw_results": {
        "0": 36353837.527000003, 
        "1": 51591509.884000003, 
        "2": 56605200.491999999, 
        "3": 79242202.635000005, 
        "4": 55756120.740999997, 
        "5": 62977276.601000004, 
        "6": 82141142.413000003, 
        "7": 67852166.790999994, 
        "8": 61533499.630000003, 
        "9": 51019892.133000001
    }, 
    "averaged_NPV": 60507284.8847
}