{
    "std": 13304268.696197445, 
    "raw_results": {
        "0": 43278094.214000002, 
        "1": 60442944.196000002, 
        "2": 66816362.501000002, 
        "3": 87839997.453999996, 
        "4": 64860555.664999999, 
        "5": 71868363.672999993, 
        "6": 90136384.566, 
        "7": 77774450.647, 
        "8": 71111108.747999996, 
        "9": 57938696.170999996
    }, 
    "averaged_NPV": 69206695.783500001
}