{
    "std": 13130504.581615062, 
    "raw_results": {
        "0": 40701475.659000002, 
        "1": 56902786.588, 
        "2": 62530160.571999997, 
        "3": 84162154.375, 
        "4": 61519212.799999997, 
        "5": 68929226.245000005, 
        "6": 86398490.076000005, 
        "7": 74558263.386999995, 
        "8": 66824669.969999999, 
        "9": 54088279.513999999
    }, 
    "averaged_NPV": 65661471.918600008
}