{
    "std": 13129804.642331876, 
    "raw_results": {
        "0": 36940264.943000004, 
        "1": 51866869.717, 
        "2": 57324336.504000001, 
        "3": 80373714.244000003, 
        "4": 56063794.707000002, 
        "5": 65856301.332000002, 
        "6": 81922256.667999998, 
        "7": 71126477.355000004, 
        "8": 61097926.357000001, 
        "9": 51706649.387000002
    }, 
    "averaged_NPV": 61427859.121399999
}