{
    "std": 12866696.818124518, 
    "raw_results": {
        "0": 36482775.071999997, 
        "1": 51288560.561999999, 
        "2": 56592557.120999999, 
        "3": 79246105.408999994, 
        "4": 55121917.049000002, 
        "5": 65225756.067000002, 
        "6": 80558164.644999996, 
        "7": 69837189.449000001, 
        "8": 60697600.126999997, 
        "9": 51199240.313000001
    }, 
    "averaged_NPV": 60624986.581399992
}