{
    "std": 13229196.678596135, 
    "raw_results": {
        "0": 40464189.700000003, 
        "1": 54861206.603, 
        "2": 63109401.520000003, 
        "3": 84084496.072999999, 
        "4": 61277941.075000003, 
        "5": 68426267.545000002, 
        "6": 86131538.322999999, 
        "7": 74113101.338, 
        "8": 67559410.009000003, 
        "9": 54158366.004000001
    }, 
    "averaged_NPV": 65418591.819000006
}