{
    "std": 13139280.524306826, 
    "raw_results": {
        "0": 39031965.079000004, 
        "1": 52953781.783, 
        "2": 58553594.593999997, 
        "3": 81894767.471000001, 
        "4": 59678187.968000002, 
        "5": 67092725.806000002, 
        "6": 84037124.708000004, 
        "7": 72679984.122999996, 
        "8": 65653192.115000002, 
        "9": 52752231.166000001
    }, 
    "averaged_NPV": 63432755.481299996
}