{
    "std": 13323416.99689329, 
    "raw_results": {
        "0": 37454626.359999999, 
        "1": 52394042.391000003, 
        "2": 57876397.497000001, 
        "3": 81552103.356999993, 
        "4": 56121475.421999998, 
        "5": 66188901.906000003, 
        "6": 83239779.802000001, 
        "7": 71374728.711999997, 
        "8": 61617692.244999997, 
        "9": 52521417.93
    }, 
    "averaged_NPV": 62034116.562199995
}