{
    "std": 13530525.354007842, 
    "raw_results": {
        "0": 36945479.527000003, 
        "1": 52757622.377999999, 
        "2": 57501253.050999999, 
        "3": 81311905.696999997, 
        "4": 57010798.829000004, 
        "5": 67018291.935000002, 
        "6": 83413872.125, 
        "7": 72534029.729000002, 
        "8": 62138628.408, 
        "9": 51735576.891999997
    }, 
    "averaged_NPV": 62236745.857099995
}