{
    "std": 13143362.871890733, 
    "raw_results": {
        "0": 41916622.239, 
        "1": 58441422.215000004, 
        "2": 63794616.092, 
        "3": 85916406.807999998, 
        "4": 62886449.439000003, 
        "5": 70580133.662, 
        "6": 88428952.022, 
        "7": 76334463.104000002, 
        "8": 68855919.199000001, 
        "9": 58047821.943999998
    }, 
    "averaged_NPV": 67520280.672399998
}