{
    "std": 13254661.376548633, 
    "raw_results": {
        "0": 42633337.398000002, 
        "1": 59355484.265000001, 
        "2": 64955747.887000002, 
        "3": 87030745.854000002, 
        "4": 64063659.483999997, 
        "5": 71728268.618000001, 
        "6": 89461187.503999993, 
        "7": 77570298.160999998, 
        "8": 70164008.577999994, 
        "9": 58817477.692000002
    }, 
    "averaged_NPV": 68578021.544100001
}