{
    "std": 13291909.621964157, 
    "raw_results": {
        "0": 42890045.244000003, 
        "1": 59802301.188000001, 
        "2": 65399442.664999999, 
        "3": 87448738.547000006, 
        "4": 64456635.662, 
        "5": 72029969.915999994, 
        "6": 89844196.326000005, 
        "7": 77890509.788000003, 
        "8": 70672399.413000003, 
        "9": 58950241.255999997
    }, 
    "averaged_NPV": 68938448.000499994
}