{
    "std": 13396552.209911043, 
    "raw_results": {
        "0": 36747501.549999997, 
        "1": 52510702.710000001, 
        "2": 57733571.197999999, 
        "3": 80836088.354000002, 
        "4": 56432717.524999999, 
        "5": 66539132.938000001, 
        "6": 82968800.209000006, 
        "7": 71787970.076000005, 
        "8": 61941461.976000004, 
        "9": 51660067.902999997
    }, 
    "averaged_NPV": 61915801.443900004
}