{
    "std": 12156339.071186993, 
    "raw_results": {
        "0": 21595767.188000001, 
        "1": 35886854.630000003, 
        "2": 39131914.266000003, 
        "3": 62735934.409000002, 
        "4": 38880236.509000003, 
        "5": 48289163.134000003, 
        "6": 61072128.078000002, 
        "7": 52482425.169, 
        "8": 42953613.001000002, 
        "9": 32687058.447000001
    }, 
    "averaged_NPV": 43571509.483100004
}