{
    "std": 13003060.290311482, 
    "raw_results": {
        "0": 44467393.637000002, 
        "1": 62107717.619000003, 
        "2": 68148598.800999999, 
        "3": 88868799.324000001, 
        "4": 66599563.420999996, 
        "5": 73049042.857999995, 
        "6": 91176410.062999994, 
        "7": 78836757.687999994, 
        "8": 73043977.113999993, 
        "9": 61811187.891000003
    }, 
    "averaged_NPV": 70810944.841599986
}