{
    "std": 13086736.187435756, 
    "raw_results": {
        "0": 36591691.788999997, 
        "1": 51169522.063000001, 
        "2": 56701176.078000002, 
        "3": 79896199.578999996, 
        "4": 55433751.979000002, 
        "5": 65518530.104000002, 
        "6": 81370774.544, 
        "7": 70146290.553000003, 
        "8": 60811601.923, 
        "9": 51266685.479000002
    }, 
    "averaged_NPV": 60890622.409099996
}