{
    "std": 13163248.155361125, 
    "raw_results": {
        "0": 41936568.202, 
        "1": 58535843.785999998, 
        "2": 63962863.577, 
        "3": 86112072.503000006, 
        "4": 63041850.745999999, 
        "5": 70884713.078999996, 
        "6": 88436961.770999998, 
        "7": 76521930.322999999, 
        "8": 69001492.341000006, 
        "9": 58179681.233999997
    }, 
    "averaged_NPV": 67661397.756199986
}