{
    "std": 13004943.887346344, 
    "raw_results": {
        "0": 42851822.578000002, 
        "1": 60389544.549000002, 
        "2": 66239377.623999998, 
        "3": 87063893.001000002, 
        "4": 64869336.538999997, 
        "5": 71581251.736000001, 
        "6": 89362678.013999999, 
        "7": 77282512.184, 
        "8": 71188414.083000004, 
        "9": 59631893.009999998
    }, 
    "averaged_NPV": 69046072.331799984
}