{
    "std": 13046150.823846629, 
    "raw_results": {
        "0": 39833600.145999998, 
        "1": 55650259.239, 
        "2": 59066748.894000001, 
        "3": 82757463.658000007, 
        "4": 59876606.965999998, 
        "5": 67358852.483999997, 
        "6": 84965572.730000004, 
        "7": 73191268.510000005, 
        "8": 65622923.379000001, 
        "9": 53165931.791000001
    }, 
    "averaged_NPV": 64148922.779699996
}