{
    "std": 13399493.86395124, 
    "raw_results": {
        "0": 37750612.314999998, 
        "1": 52960558.401000001, 
        "2": 58576275.925999999, 
        "3": 82065430.317000002, 
        "4": 59740920.908, 
        "5": 67059668.818000004, 
        "6": 84250693.789000005, 
        "7": 72661180.680999994, 
        "8": 65690783.810999997, 
        "9": 53183617.880999997
    }, 
    "averaged_NPV": 63393974.284699999
}