{
    "std": 13006576.052266933, 
    "raw_results": {
        "0": 41080381.927000001, 
        "1": 57489772.336000003, 
        "2": 63121428.163000003, 
        "3": 84844835.479000002, 
        "4": 62105397.796999998, 
        "5": 69653510.599000007, 
        "6": 87013035.272, 
        "7": 75356926.893000007, 
        "8": 67622148.937000006, 
        "9": 57188833.501000002
    }, 
    "averaged_NPV": 66547627.090400018
}