{
    "std": 13160901.610142082, 
    "raw_results": {
        "0": 40396836.321999997, 
        "1": 56912973.229999997, 
        "2": 62494437.745999999, 
        "3": 84261152.222000003, 
        "4": 61515149.957000002, 
        "5": 68989874.643999994, 
        "6": 86208886.900000006, 
        "7": 74449885.322999999, 
        "8": 66922706.167999998, 
        "9": 54172693.037
    }, 
    "averaged_NPV": 65632459.554900005
}