{
    "std": 13015959.451992529, 
    "raw_results": {
        "0": 37046826.438000001, 
        "1": 51933148.939999998, 
        "2": 57337469.255000003, 
        "3": 80185502.400999993, 
        "4": 56067147.682999998, 
        "5": 65772495.277000003, 
        "6": 81689197.268999994, 
        "7": 70992350.390000001, 
        "8": 61050221.620999999, 
        "9": 51875842.347999997
    }, 
    "averaged_NPV": 61395020.162200011
}