{
    "std": 12962638.533607218, 
    "raw_results": {
        "0": 42936906.148000002, 
        "1": 60141782.173, 
        "2": 66183650.741999999, 
        "3": 86944313.868000001, 
        "4": 64811467.354999997, 
        "5": 71486326.886999995, 
        "6": 89305691.761999995, 
        "7": 77164445.799999997, 
        "8": 71010734.413000003, 
        "9": 59733024.773000002
    }, 
    "averaged_NPV": 68971834.392099991
}