{
    "std": 12999741.837799156, 
    "raw_results": {
        "0": 43731336.931999996, 
        "1": 60925940.432999998, 
        "2": 67137023.078999996, 
        "3": 87867184.539000005, 
        "4": 65657963.280000001, 
        "5": 72280150.092999995, 
        "6": 90248303.994000003, 
        "7": 78076060.765000001, 
        "8": 72035864.960999995, 
        "9": 60678494.060999997
    }, 
    "averaged_NPV": 69863832.213699996
}