{
    "std": 13155810.261469936, 
    "raw_results": {
        "0": 40544673.928000003, 
        "1": 57051701.848999999, 
        "2": 62634723.273999996, 
        "3": 84347518.842999995, 
        "4": 61614949.865999997, 
        "5": 69052774.739999995, 
        "6": 86363570.488999993, 
        "7": 74520485.512999997, 
        "8": 67011422.192000002, 
        "9": 54227205.57
    }, 
    "averaged_NPV": 65736902.626400009
}