{
    "std": 13300986.479793552, 
    "raw_results": {
        "0": 42613785.0, 
        "1": 59285069.259999998, 
        "2": 64852170.561999999, 
        "3": 87205453.974000007, 
        "4": 63922438.399999999, 
        "5": 71633027.349999994, 
        "6": 89566477.182999998, 
        "7": 77406072.141000003, 
        "8": 69976299.258000001, 
        "9": 58758772.215999998
    }, 
    "averaged_NPV": 68521956.534400001
}