{
    "std": 13105062.393685587, 
    "raw_results": {
        "0": 35489777.210000001, 
        "1": 50687137.436999999, 
        "2": 55491765.946999997, 
        "3": 78452464.871999994, 
        "4": 54598446.234999999, 
        "5": 64879584.651000001, 
        "6": 80786083.691, 
        "7": 69445195.612000003, 
        "8": 60237211.497000001, 
        "9": 50262288.158
    }, 
    "averaged_NPV": 60032995.530999996
}