{
    "std": 12971578.830344947, 
    "raw_results": {
        "0": 39489815.761, 
        "1": 55588244.439999998, 
        "2": 59002689.636, 
        "3": 82395812.475999996, 
        "4": 59941677.634000003, 
        "5": 67571983.648000002, 
        "6": 84415909.883000001, 
        "7": 73044864.988000005, 
        "8": 65729763.667000003, 
        "9": 53187679.761
    }, 
    "averaged_NPV": 64036844.189400017
}