{
    "std": 13022096.003564285, 
    "raw_results": {
        "0": 42898242.237000003, 
        "1": 59662363.265000001, 
        "2": 65953174.343999997, 
        "3": 86928653.893999994, 
        "4": 64586673.634999998, 
        "5": 71331897.319999993, 
        "6": 89305691.761999995, 
        "7": 77106958.559, 
        "8": 70885967.708000004, 
        "9": 59494120.203000002
    }, 
    "averaged_NPV": 68815374.292699993
}