{
    "std": 12906456.063272294, 
    "raw_results": {
        "0": 40272597.343999997, 
        "1": 56892076.435000002, 
        "2": 62507241.186999999, 
        "3": 83222832.282000005, 
        "4": 61146718.050999999, 
        "5": 68308014.002000004, 
        "6": 85493929.967999995, 
        "7": 73974615.339000002, 
        "8": 66745081.612000003, 
        "9": 53974539.380999997
    }, 
    "averaged_NPV": 65253764.560100004
}