{
    "std": 13039105.505917292, 
    "raw_results": {
        "0": 41222246.020999998, 
        "1": 57799123.700000003, 
        "2": 63271902.707000002, 
        "3": 85152591.040999994, 
        "4": 62224563.068999998, 
        "5": 69819085.489999995, 
        "6": 87400552.432999998, 
        "7": 75406234.540000007, 
        "8": 67855761.607999995, 
        "9": 57522240.338
    }, 
    "averaged_NPV": 66767430.094700001
}