{
    "std": 13335203.527521743, 
    "raw_results": {
        "0": 36114657.375, 
        "1": 51835879.615999997, 
        "2": 56852731.708999999, 
        "3": 80008755.952000007, 
        "4": 55920806.751000002, 
        "5": 65780774.916000001, 
        "6": 82083637.505999997, 
        "7": 71240991.952999994, 
        "8": 61068270.715999998, 
        "9": 51059542.832999997
    }, 
    "averaged_NPV": 61196604.932699993
}