{
    "std": 13006471.356958818, 
    "raw_results": {
        "0": 40809683.663999997, 
        "1": 57465866.651000001, 
        "2": 63014042.711999997, 
        "3": 84767623.627000004, 
        "4": 62014954.387000002, 
        "5": 69440833.697999999, 
        "6": 86908612.835999995, 
        "7": 74969828.248999998, 
        "8": 67458091.648000002, 
        "9": 57206201.017999999
    }, 
    "averaged_NPV": 66405573.848999999
}