{
    "std": 13057319.644745542, 
    "raw_results": {
        "0": 41509331.682999998, 
        "1": 58312407.147, 
        "2": 64243355.967, 
        "3": 85002228.829999998, 
        "4": 62862676.825999998, 
        "5": 69724127.493000001, 
        "6": 87246213.109999999, 
        "7": 75383639.089000002, 
        "8": 68975081.211999997, 
        "9": 55184045.722000003
    }, 
    "averaged_NPV": 66844310.707900003
}