{
    "std": 13095482.558413366, 
    "raw_results": {
        "0": 39790651.796999998, 
        "1": 55711390.233000003, 
        "2": 59157230.983000003, 
        "3": 82909243.364999995, 
        "4": 59971255.162, 
        "5": 67461164.201000005, 
        "6": 85139927.858999997, 
        "7": 73323601.238000005, 
        "8": 65747559.590000004, 
        "9": 53292620.612999998
    }, 
    "averaged_NPV": 64250464.50410001
}