{
    "std": 12474090.295065226, 
    "raw_results": {
        "0": 23578923.708000001, 
        "1": 37177709.406000003, 
        "2": 40158720.368000001, 
        "3": 63712201.994000003, 
        "4": 39965460.211000003, 
        "5": 49009082.564000003, 
        "6": 65040313.347000003, 
        "7": 55945759.984999999, 
        "8": 43554914.519000001, 
        "9": 35075360.533
    }, 
    "averaged_NPV": 45321844.663500004
}