{
    "std": 13136055.816240873, 
    "raw_results": {
        "0": 41495249.237000003, 
        "1": 58328775.557999998, 
        "2": 64084523.509999998, 
        "3": 85318692.006999999, 
        "4": 62572478.802000001, 
        "5": 69600279.770999998, 
        "6": 87445703.590000004, 
        "7": 75302595.996000007, 
        "8": 68801200.456, 
        "9": 55185521.740000002
    }, 
    "averaged_NPV": 66813502.066700004
}