{
    "std": 13140907.124919957, 
    "raw_results": {
        "0": 40473827.623999998, 
        "1": 56594363.408, 
        "2": 62344117.200000003, 
        "3": 84084496.072999999, 
        "4": 60993636.816, 
        "5": 68517839.362000003, 
        "6": 86131538.322999999, 
        "7": 74113101.338, 
        "8": 66404930.395999998, 
        "9": 53837296.598999999
    }, 
    "averaged_NPV": 65349514.713899992
}