{
    "std": 13154748.248141013, 
    "raw_results": {
        "0": 40709896.285999998, 
        "1": 56900659.736000001, 
        "2": 62600329.516000003, 
        "3": 84286251.437000006, 
        "4": 61556985.692000002, 
        "5": 68960697.986000001, 
        "6": 86476398.838, 
        "7": 74626539.055000007, 
        "8": 66970498.112999998, 
        "9": 54178800.331
    }, 
    "averaged_NPV": 65726705.699000001
}