{
    "std": 13162154.196744381, 
    "raw_results": {
        "0": 40155039.321000002, 
        "1": 54885582.597000003, 
        "2": 59751008.688000001, 
        "3": 83417933.424999997, 
        "4": 61347283.520999998, 
        "5": 68152092.789000005, 
        "6": 85506287.214000002, 
        "7": 73722526.649000004, 
        "8": 67388038.834000006, 
        "9": 54009854.256999999
    }, 
    "averaged_NPV": 64833564.729500011
}