{
    "std": 13185167.046387816, 
    "raw_results": {
        "0": 43391571.645999998, 
        "1": 60019273.914999999, 
        "2": 66097749.909999996, 
        "3": 87862225.533000007, 
        "4": 64967464.773000002, 
        "5": 72275170.325000003, 
        "6": 90246031.512999997, 
        "7": 78087322.489999995, 
        "8": 70978406.877000004, 
        "9": 60351959.031999998
    }, 
    "averaged_NPV": 69427717.601399988
}