{
    "std": 13129615.625116404, 
    "raw_results": {
        "0": 42019439.799000002, 
        "1": 58598371.931000002, 
        "2": 64054319.994999997, 
        "3": 86125659.356999993, 
        "4": 63139426.832999997, 
        "5": 70875848.993000001, 
        "6": 88431770.064999998, 
        "7": 76549623.443000004, 
        "8": 69077184.673999995, 
        "9": 58327608.817000002
    }, 
    "averaged_NPV": 67719925.390700012
}