{
    "std": 13130353.554020634, 
    "raw_results": {
        "0": 41572893.723999999, 
        "1": 58079306.159999996, 
        "2": 63284661.247000001, 
        "3": 85677712.122999996, 
        "4": 62354309.840000004, 
        "5": 70038689.105000004, 
        "6": 87885297.131999999, 
        "7": 75831997.826000005, 
        "8": 68215700.787, 
        "9": 57575696.616999999
    }, 
    "averaged_NPV": 67051626.456100002
}