{
    "std": 13124739.710583152, 
    "raw_results": {
        "0": 38741553.816, 
        "1": 52917893.597000003, 
        "2": 58170776.674000002, 
        "3": 81439559.611000001, 
        "4": 56917284.935000002, 
        "5": 66806260.383000001, 
        "6": 83595958.479000002, 
        "7": 71991036.388999999, 
        "8": 62200874.262999997, 
        "9": 52304915.541000001
    }, 
    "averaged_NPV": 62508611.368799999
}