{
    "std": 12987883.119713927, 
    "raw_results": {
        "0": 39681337.461999997, 
        "1": 56259749.677000001, 
        "2": 62044813.450999998, 
        "3": 83018380.599999994, 
        "4": 60419115.229000002, 
        "5": 67753023.306999996, 
        "6": 85062492.427000001, 
        "7": 73577580.378999993, 
        "8": 66127422.722999997, 
        "9": 53566011.266999997
    }, 
    "averaged_NPV": 64750992.652199998
}