{
    "std": 13035121.20663693, 
    "raw_results": {
        "0": 39955094.728, 
        "1": 56260188.288000003, 
        "2": 62150278.552000001, 
        "3": 83285390.465000004, 
        "4": 60790087.916000001, 
        "5": 68206222.863999993, 
        "6": 85414885.847000003, 
        "7": 73835101.636999995, 
        "8": 66353011.193000004, 
        "9": 53669685.142999999
    }, 
    "averaged_NPV": 64991994.663299993
}