{
    "std": 12988114.294565558, 
    "raw_results": {
        "0": 35550852.932999998, 
        "1": 50747475.276000001, 
        "2": 55846702.241999999, 
        "3": 78255970.442000002, 
        "4": 54115079.362000003, 
        "5": 60839940.983999997, 
        "6": 79957585.173999995, 
        "7": 68810654.062999994, 
        "8": 60013975.739, 
        "9": 47826394.009000003
    }, 
    "averaged_NPV": 59196463.022399999
}