{
    "std": 13103063.125450492, 
    "raw_results": {
        "0": 39794720.342, 
        "1": 55664689.691, 
        "2": 59139371.377999999, 
        "3": 82909243.364999995, 
        "4": 59944831.652000003, 
        "5": 67456502.716000006, 
        "6": 85139927.858999997, 
        "7": 73323601.238000005, 
        "8": 65744168.957999997, 
        "9": 53246257.162
    }, 
    "averaged_NPV": 64236331.436100006
}