{
    "std": 13047741.695412327, 
    "raw_results": {
        "0": 41349924.044, 
        "1": 57796080.620999999, 
        "2": 63373808.512000002, 
        "3": 85203932.919, 
        "4": 62304002.693999998, 
        "5": 69813737.959999993, 
        "6": 87527397.091000006, 
        "7": 75580319.947999999, 
        "8": 67909223.604000002, 
        "9": 57527241.597999997
    }, 
    "averaged_NPV": 66838566.899099991
}