{
    "std": 13069866.159992915, 
    "raw_results": {
        "0": 40100403.946000002, 
        "1": 56201720.061999999, 
        "2": 62069187.620999999, 
        "3": 83621886.598000005, 
        "4": 60554361.953000002, 
        "5": 68098710.797000006, 
        "6": 85570034.763999999, 
        "7": 73642631.952999994, 
        "8": 66046271.281000003, 
        "9": 53722494.398999996
    }, 
    "averaged_NPV": 64962770.337400004
}