{
    "std": 13269171.518111346, 
    "raw_results": {
        "0": 40058551.938000001, 
        "1": 54846308.384999998, 
        "2": 59637913.133000001, 
        "3": 83440270.443000004, 
        "4": 58817597.048, 
        "5": 68046202.518000007, 
        "6": 85481360.047999993, 
        "7": 73637307.305999994, 
        "8": 67230170.188999996, 
        "9": 53929669.75
    }, 
    "averaged_NPV": 64512535.075799987
}