{
    "std": 13421963.519365529, 
    "raw_results": {
        "0": 36431325.998999998, 
        "1": 52177422.942000002, 
        "2": 57480568.854000002, 
        "3": 80584756.207000002, 
        "4": 56281204.033, 
        "5": 66282102.200999998, 
        "6": 82750220.283999994, 
        "7": 71621448.773000002, 
        "8": 61583385.648999996, 
        "9": 51406086.219999999
    }, 
    "averaged_NPV": 61659852.116200007
}