{
    "std": 13258025.331167493, 
    "raw_results": {
        "0": 36079290.026000001, 
        "1": 51159629.085000001, 
        "2": 56626235.218000002, 
        "3": 79536089.803000003, 
        "4": 55441623.086000003, 
        "5": 65683277.901000001, 
        "6": 81644107.542999998, 
        "7": 70641420.524000004, 
        "8": 60643114.875, 
        "9": 50733685.572999999
    }, 
    "averaged_NPV": 60818847.363399997
}