{
    "std": 13048606.053753089, 
    "raw_results": {
        "0": 41329754.954000004, 
        "1": 57674351.806000002, 
        "2": 63243092.479999997, 
        "3": 85179071.393999994, 
        "4": 62227497.077, 
        "5": 69743839.406000003, 
        "6": 87449970.782000005, 
        "7": 75488247.335999995, 
        "8": 67793196.964000002, 
        "9": 57431946.223999999
    }, 
    "averaged_NPV": 66756096.842299998
}