{
    "std": 13061480.551286872, 
    "raw_results": {
        "0": 43709649.717, 
        "1": 61278324.494999997, 
        "2": 67383460.397, 
        "3": 88156539.355000004, 
        "4": 65909088.181000002, 
        "5": 72607369.200000003, 
        "6": 90515755.547000006, 
        "7": 78237994.066, 
        "8": 72051178.162, 
        "9": 60737237.366999999
    }, 
    "averaged_NPV": 70058659.648699984
}