{
    "std": 13233002.964367881, 
    "raw_results": {
        "0": 42659492.909999996, 
        "1": 59464691.079000004, 
        "2": 64992421.809, 
        "3": 87032209.658000007, 
        "4": 64151525.588, 
        "5": 71764286.531000003, 
        "6": 89473396.814999998, 
        "7": 77544031.356000006, 
        "8": 70249340.437000006, 
        "9": 58915544.781999998
    }, 
    "averaged_NPV": 68624694.096500009
}