{
    "std": 12951792.232124375, 
    "raw_results": {
        "0": 36648567.373999998, 
        "1": 51540437.827, 
        "2": 56781058.586999997, 
        "3": 79702227.532000005, 
        "4": 55494818.098999999, 
        "5": 65446002.534999996, 
        "6": 81127264.980000004, 
        "7": 70087854.321999997, 
        "8": 60839823.302000001, 
        "9": 51528469.276000001
    }, 
    "averaged_NPV": 60919652.383400008
}