{
    "std": 13276096.469040066, 
    "raw_results": {
        "0": 37661278.861000001, 
        "1": 52897501.071999997, 
        "2": 58431587.857000001, 
        "3": 81427136.906000003, 
        "4": 56836969.924999997, 
        "5": 66707558.847000003, 
        "6": 83608809.897, 
        "7": 71980026.103, 
        "8": 62126658.604000002, 
        "9": 52843594.376999997
    }, 
    "averaged_NPV": 62452112.244900003
}