{
    "std": 13370893.234309291, 
    "raw_results": {
        "0": 38096106.527000003, 
        "1": 55682610.575999998, 
        "2": 59076705.208999999, 
        "3": 82757463.658000007, 
        "4": 59890190.053000003, 
        "5": 67358852.483999997, 
        "6": 84965572.730000004, 
        "7": 73191268.510000005, 
        "8": 65622923.379000001, 
        "9": 53197336.125
    }, 
    "averaged_NPV": 63983902.925099991
}