{
    "std": 13031891.983223058, 
    "raw_results": {
        "0": 41229693.566, 
        "1": 57799123.700000003, 
        "2": 63271902.707000002, 
        "3": 85119233.978, 
        "4": 62224563.068999998, 
        "5": 69819085.489999995, 
        "6": 87400552.432999998, 
        "7": 75390327.483999997, 
        "8": 67855761.607999995, 
        "9": 57522240.338
    }, 
    "averaged_NPV": 66763248.437299989
}