{
    "std": 13089509.676364787, 
    "raw_results": {
        "0": 40209017.934, 
        "1": 56701399.838, 
        "2": 62487643.090000004, 
        "3": 83740410.648000002, 
        "4": 61192559.103, 
        "5": 68575223.572999999, 
        "6": 85923585.118000001, 
        "7": 74208825.054000005, 
        "8": 66726207.949000001, 
        "9": 54002721.68
    }, 
    "averaged_NPV": 65376759.398699999
}