{
    "std": 13034438.77697444, 
    "raw_results": {
        "0": 41276430.568000004, 
        "1": 58252750.855999999, 
        "2": 64277987.795999996, 
        "3": 84795579.899000004, 
        "4": 62897885.509000003, 
        "5": 69646179.802000001, 
        "6": 87072765.103, 
        "7": 75339672.745000005, 
        "8": 69094794.724999994, 
        "9": 55321665.623999998
    }, 
    "averaged_NPV": 66797571.262699999
}