{
    "std": 13168173.592667188, 
    "raw_results": {
        "0": 42325800.441, 
        "1": 58993314.524999999, 
        "2": 64442012.248000003, 
        "3": 86613234.778999999, 
        "4": 63585938.840000004, 
        "5": 71186041.706, 
        "6": 88913400.011999995, 
        "7": 76937348.136999995, 
        "8": 69575355.273000002, 
        "9": 58757430.600000001
    }, 
    "averaged_NPV": 68132987.65609999
}