{
    "std": 12947283.698701637, 
    "raw_results": {
        "0": 36723624.935000002, 
        "1": 51974907.075999998, 
        "2": 56760471.678000003, 
        "3": 79769227.359999999, 
        "4": 56004000.219999999, 
        "5": 66297690.214000002, 
        "6": 81923504.984999999, 
        "7": 68399461.866999999, 
        "8": 61343299.355999999, 
        "9": 51532477.843000002
    }, 
    "averaged_NPV": 61072866.553400002
}