{
    "std": 13143648.183686698, 
    "raw_results": {
        "0": 39221537.93, 
        "1": 53646202.217, 
        "2": 58015271.938000001, 
        "3": 82280989.266000003, 
        "4": 57609028.068000004, 
        "5": 67517192.912, 
        "6": 83784365.763999999, 
        "7": 72564650.181999996, 
        "8": 62673679.439999998, 
        "9": 52753245.751999997
    }, 
    "averaged_NPV": 63006616.346900001
}