{
    "std": 13089531.477704978, 
    "raw_results": {
        "0": 42592577.491999999, 
        "1": 59655620.218999997, 
        "2": 65905949.237999998, 
        "3": 86879636.476999998, 
        "4": 64102385.472000003, 
        "5": 71380507.332000002, 
        "6": 89285796.400999993, 
        "7": 77133765.562000006, 
        "8": 70335243.085999995, 
        "9": 59439228.957000002
    }, 
    "averaged_NPV": 68671071.023600012
}