{
    "std": 13386019.198384721, 
    "raw_results": {
        "0": 36461819.388999999, 
        "1": 52107963.240000002, 
        "2": 57297288.347999997, 
        "3": 80515707.919, 
        "4": 56134937.559, 
        "5": 66165795.023000002, 
        "6": 82610485.424999997, 
        "7": 71523927.380999997, 
        "8": 61481886.799000002, 
        "9": 51457782.239
    }, 
    "averaged_NPV": 61575759.332199991
}