{
    "std": 13036848.017884959, 
    "raw_results": {
        "0": 40169774.972000003, 
        "1": 56296728.359999999, 
        "2": 62239254.810999997, 
        "3": 83433132.488000005, 
        "4": 60798530.234999999, 
        "5": 68278292.613000005, 
        "6": 85614834.817000002, 
        "7": 73882465.378000006, 
        "8": 66288542.364, 
        "9": 53773445.414999999
    }, 
    "averaged_NPV": 65077500.145299993
}