{
    "std": 13028519.745046679, 
    "raw_results": {
        "0": 40527542.984999999, 
        "1": 56774164.362000003, 
        "2": 62478941.07, 
        "3": 83812810.855000004, 
        "4": 61179559.787, 
        "5": 68533224.375, 
        "6": 85931919.199000001, 
        "7": 74191529.788000003, 
        "8": 66693418.886, 
        "9": 54056926.494000003
    }, 
    "averaged_NPV": 65418003.780100003
}