{
    "std": 13170701.200948728, 
    "raw_results": {
        "0": 42317227.061999999, 
        "1": 58986983.398000002, 
        "2": 64442012.248000003, 
        "3": 86613234.778999999, 
        "4": 63585938.840000004, 
        "5": 71186041.706, 
        "6": 88913400.011999995, 
        "7": 76937348.136999995, 
        "8": 69575355.273000002, 
        "9": 58751702.870999999
    }, 
    "averaged_NPV": 68130924.432599992
}