{
    "std": 13099499.728648594, 
    "raw_results": {
        "0": 40133056.561999999, 
        "1": 56678053.387000002, 
        "2": 62499529.821999997, 
        "3": 83723880.468999997, 
        "4": 61198961.077, 
        "5": 68615492.547999993, 
        "6": 85870585.915999994, 
        "7": 74217735.099999994, 
        "8": 66767980.495999999, 
        "9": 53969577.158
    }, 
    "averaged_NPV": 65367485.253500007
}