{
    "std": 13120023.815979639, 
    "raw_results": {
        "0": 43380321.175999999, 
        "1": 60112232.016999997, 
        "2": 66429611.480999999, 
        "3": 87839997.453999996, 
        "4": 64975371.781999998, 
        "5": 72112130.897, 
        "6": 90136384.566, 
        "7": 77787253.913000003, 
        "8": 71110358.677000001, 
        "9": 60510637.060000002
    }, 
    "averaged_NPV": 69439429.9023
}