{
    "std": 13310943.716927899, 
    "raw_results": {
        "0": 39498804.18, 
        "1": 54722590.204000004, 
        "2": 59055580.324000001, 
        "3": 83359335.850999996, 
        "4": 58503811.619999997, 
        "5": 68101510.803000003, 
        "6": 84863259.809, 
        "7": 73221577.696999997, 
        "8": 66710517.186999999, 
        "9": 53429909.211999997
    }, 
    "averaged_NPV": 64146689.688700005
}