{
    "std": 13074066.589927303, 
    "raw_results": {
        "0": 40454593.427000001, 
        "1": 56678540.414999999, 
        "2": 62441531.247000001, 
        "3": 83793709.894999996, 
        "4": 61105709.685000002, 
        "5": 68553158.715000004, 
        "6": 86001529.677000001, 
        "7": 74213996.645999998, 
        "8": 66558559.438000001, 
        "9": 53907950.780000001
    }, 
    "averaged_NPV": 65370927.992499992
}