{
    "std": 13167800.017761935, 
    "raw_results": {
        "0": 36763931.450999998, 
        "1": 51848228.905000001, 
        "2": 57456690.851999998, 
        "3": 80165315.378000006, 
        "4": 56049851.266999997, 
        "5": 65876206.177000001, 
        "6": 82096767.294, 
        "7": 71210678.006999999, 
        "8": 61132264.508000001, 
        "9": 51667579.865000002
    }, 
    "averaged_NPV": 61426751.370399997
}