{
    "std": 13443395.555826919, 
    "raw_results": {
        "0": 37600140.520000003, 
        "1": 53773274.497000001, 
        "2": 58275219.141000003, 
        "3": 82170637.246000007, 
        "4": 57778433.291000001, 
        "5": 67566735.261999995, 
        "6": 83958784.656000003, 
        "7": 72646952.877000004, 
        "8": 62809267.619000003, 
        "9": 52670804.542000003
    }, 
    "averaged_NPV": 62925024.965100005
}