{
    "std": 13135765.887749534, 
    "raw_results": {
        "0": 40719261.126000002, 
        "1": 56898283.388999999, 
        "2": 62584826.151000001, 
        "3": 84231465.441, 
        "4": 61536892.482000001, 
        "5": 68928472.572999999, 
        "6": 86431783.342999995, 
        "7": 74585780.294, 
        "8": 66932737.348999999, 
        "9": 54175313.717
    }, 
    "averaged_NPV": 65702481.586500004
}