{
    "std": 12682481.023006428, 
    "raw_results": {
        "0": 22668814.704999998, 
        "1": 37220223.034000002, 
        "2": 40323248.130999997, 
        "3": 64247109.405000001, 
        "4": 40165994.895000003, 
        "5": 49263629.754000001, 
        "6": 66028384.438000001, 
        "7": 53834085.303000003, 
        "8": 43792885.100000001, 
        "9": 35279736.175999999
    }, 
    "averaged_NPV": 45282411.094100013
}