{
    "std": 12255336.004932208, 
    "raw_results": {
        "0": 22405751.124000002, 
        "1": 36419008.803999998, 
        "2": 39735902.737000003, 
        "3": 63403279.522, 
        "4": 39500985.226999998, 
        "5": 48967096.744000003, 
        "6": 62085015.623999998, 
        "7": 53374528.943000004, 
        "8": 43403265.236000001, 
        "9": 32876492.517999999
    }, 
    "averaged_NPV": 44217132.6479
}