{
    "std": 13047473.896225357, 
    "raw_results": {
        "0": 39495292.575999998, 
        "1": 55158146.392999999, 
        "2": 58722280.711000003, 
        "3": 82408106.959999993, 
        "4": 59733056.579999998, 
        "5": 67359955.751000002, 
        "6": 84619497.039000005, 
        "7": 72868768.743000001, 
        "8": 65811383.399999999, 
        "9": 53024487.480999999
    }, 
    "averaged_NPV": 63920097.563399993
}