{
    "std": 13217657.949267644, 
    "raw_results": {
        "0": 41966685.001999997, 
        "1": 58499546.472999997, 
        "2": 64071960.762000002, 
        "3": 86165140.816, 
        "4": 63135885.057999998, 
        "5": 70956963.158999994, 
        "6": 88660595.576000005, 
        "7": 76773797.326000005, 
        "8": 69076751.960999995, 
        "9": 58155601.544
    }, 
    "averaged_NPV": 67746292.767699987
}