{
    "std": 13349316.154798096, 
    "raw_results": {
        "0": 36965960.256999999, 
        "1": 52397137.005999997, 
        "2": 57444699.324000001, 
        "3": 80275432.897, 
        "4": 56607024.258000001, 
        "5": 66819502.773999996, 
        "6": 83163758.225999996, 
        "7": 71900362.596000001, 
        "8": 61653080.909000002, 
        "9": 51502884.991999999
    }, 
    "averaged_NPV": 61872984.323900007
}