{
    "std": 13088435.813564865, 
    "raw_results": {
        "0": 41561342.877999999, 
        "1": 58340126.292000003, 
        "2": 64249160.287, 
        "3": 85110940.850999996, 
        "4": 62740125.067000002, 
        "5": 69787833.941, 
        "6": 87467811.248999998, 
        "7": 75384154.864999995, 
        "8": 68996982.121999994, 
        "9": 55322860.987000003
    }, 
    "averaged_NPV": 66896133.853899993
}