{
    "std": 13077971.979718436, 
    "raw_results": {
        "0": 40164808.142999999, 
        "1": 56170671.030000001, 
        "2": 62067132.185000002, 
        "3": 83672412.927000001, 
        "4": 60552669.788999997, 
        "5": 68115609.694999993, 
        "6": 85614204.098000005, 
        "7": 73667880.355000004, 
        "8": 66067983.535999998, 
        "9": 53702689.332999997
    }, 
    "averaged_NPV": 64979606.109099999
}