{
    "std": 13176166.339700708, 
    "raw_results": {
        "0": 40454593.427000001, 
        "1": 56678540.414999999, 
        "2": 62441531.247000001, 
        "3": 84165999.968999997, 
        "4": 61105709.685000002, 
        "5": 68641832.658000007, 
        "6": 86291041.658999994, 
        "7": 74236794.452999994, 
        "8": 66558559.438000001, 
        "9": 53907950.780000001
    }, 
    "averaged_NPV": 65448255.373099998
}