{
    "std": 13078002.109760212, 
    "raw_results": {
        "0": 37318714.380000003, 
        "1": 52226082.295999996, 
        "2": 57669481.550999999, 
        "3": 80623864.995000005, 
        "4": 56286323.910999998, 
        "5": 66143700.634000003, 
        "6": 82264593.247999996, 
        "7": 71315359.253999993, 
        "8": 61340263.251999997, 
        "9": 52358163.508000001
    }, 
    "averaged_NPV": 61754654.702900007
}