{
    "std": 13130644.2457694, 
    "raw_results": {
        "0": 37357498.685999997, 
        "1": 52250147.239, 
        "2": 57734267.840999998, 
        "3": 80793302.244000003, 
        "4": 56340861.659999996, 
        "5": 66225652.082000002, 
        "6": 82465565.656000003, 
        "7": 71404535.391000003, 
        "8": 61422108.965999998, 
        "9": 52345142.990000002
    }, 
    "averaged_NPV": 61833908.2755
}