{
    "std": 12899078.757946242, 
    "raw_results": {
        "0": 43239025.358000003, 
        "1": 60762741.847000003, 
        "2": 66801622.310999997, 
        "3": 87123789.706, 
        "4": 65379169.855999999, 
        "5": 71924900.980000004, 
        "6": 89543782.377000004, 
        "7": 77615903.497999996, 
        "8": 71521918.225999996, 
        "9": 60253186.428999998
    }, 
    "averaged_NPV": 69416604.058800012
}