{
    "std": 12963295.961039221, 
    "raw_results": {
        "0": 42814101.501000002, 
        "1": 60389544.549000002, 
        "2": 66239377.623999998, 
        "3": 86842904.613000005, 
        "4": 64869336.538999997, 
        "5": 71514173.704999998, 
        "6": 89250106.333000004, 
        "7": 77284813.640000001, 
        "8": 71188414.083000004, 
        "9": 59631893.009999998
    }, 
    "averaged_NPV": 69002466.559700012
}