{
    "std": 13223426.945309084, 
    "raw_results": {
        "0": 42433726.598999999, 
        "1": 58960020.207000002, 
        "2": 64510320.465999998, 
        "3": 86656384.231999993, 
        "4": 63630792.630999997, 
        "5": 71318160.800999999, 
        "6": 89204445.555999994, 
        "7": 77145632.218999997, 
        "8": 69701251.284999996, 
        "9": 58660620.097999997
    }, 
    "averaged_NPV": 68222135.409400001
}