{
    "std": 12589619.017698476, 
    "raw_results": {
        "0": 22169595.697000001, 
        "1": 36274955.568999998, 
        "2": 39693442.155000001, 
        "3": 63630962.950999998, 
        "4": 39299168.968000002, 
        "5": 48915513.370999999, 
        "6": 64674013.633000001, 
        "7": 52862941.480999999, 
        "8": 43247818.798, 
        "9": 34275166.004000001
    }, 
    "averaged_NPV": 44504357.8627
}