{
    "std": 12930087.996091016, 
    "raw_results": {
        "0": 40884331.476999998, 
        "1": 57482092.761, 
        "2": 63175075.836000003, 
        "3": 84398827.708000004, 
        "4": 62153384.446000002, 
        "5": 69381238.413000003, 
        "6": 86839285.501000002, 
        "7": 75147208.172000006, 
        "8": 67593393.143999994, 
        "9": 57217458.412
    }, 
    "averaged_NPV": 66427229.58699999
}