{
    "std": 13262180.848208714, 
    "raw_results": {
        "0": 40095299.519000001, 
        "1": 55083219.042000003, 
        "2": 59596883.414999999, 
        "3": 83561011.622999996, 
        "4": 59000674.641999997, 
        "5": 68532343.180000007, 
        "6": 85481360.047999993, 
        "7": 73757147.630999997, 
        "8": 67286224.128000006, 
        "9": 54142158.340000004
    }, 
    "averaged_NPV": 64653632.156799994
}