{
    "std": 13211642.149587182, 
    "raw_results": {
        "0": 37327659.351999998, 
        "1": 52605072.044, 
        "2": 57934500.454000004, 
        "3": 80864500.974000007, 
        "4": 56489898.105999999, 
        "5": 66482853.564000003, 
        "6": 83043069.885000005, 
        "7": 71753431.886000007, 
        "8": 61769292.270999998, 
        "9": 52634142.645000003
    }, 
    "averaged_NPV": 62090442.118100002
}