{
    "std": 13302305.319143906, 
    "raw_results": {
        "0": 37622583.358999997, 
        "1": 52771750.681000002, 
        "2": 58282259.439999998, 
        "3": 81581247.346000001, 
        "4": 56640239.112999998, 
        "5": 66588063.101000004, 
        "6": 83545284.834999993, 
        "7": 71740392.556999996, 
        "8": 61937312.730999999, 
        "9": 52769524.987999998
    }, 
    "averaged_NPV": 62347865.815099992
}