{
    "std": 13018474.447892619, 
    "raw_results": {
        "0": 39808552.270999998, 
        "1": 55597113.425999999, 
        "2": 59061117.655000001, 
        "3": 82735541.172000006, 
        "4": 59971682.093999997, 
        "5": 67427837.428000003, 
        "6": 84783309.899000004, 
        "7": 73256240.121000007, 
        "8": 65895526.75, 
        "9": 53290259.908
    }, 
    "averaged_NPV": 64182718.072399996
}