{
    "std": 13141414.893403299, 
    "raw_results": {
        "0": 40660427.199000001, 
        "1": 56900147.482000001, 
        "2": 62530160.571999997, 
        "3": 84174821.843999997, 
        "4": 61519212.799999997, 
        "5": 68929226.245000005, 
        "6": 86398490.076000005, 
        "7": 74568251.930999994, 
        "8": 66824669.969999999, 
        "9": 54082981.806999996
    }, 
    "averaged_NPV": 65658838.992600009
}