{
    "std": 13025304.386490772, 
    "raw_results": {
        "0": 39222167.034999996, 
        "1": 52439652.667000003, 
        "2": 57899833.098999999, 
        "3": 81566765.842999995, 
        "4": 56270023.064999998, 
        "5": 66305309.134999998, 
        "6": 83408515.103, 
        "7": 71482230.241999999, 
        "8": 61743482.045999996, 
        "9": 52624901.794
    }, 
    "averaged_NPV": 62296288.002899989
}