{
    "std": 12867548.654916368, 
    "raw_results": {
        "0": 39937811.417999998, 
        "1": 56048234.226999998, 
        "2": 61916374.950000003, 
        "3": 83268955.717999995, 
        "4": 60712754.626000002, 
        "5": 68241313.732999995, 
        "6": 85362545.972000003, 
        "7": 73843960.616999999, 
        "8": 66389920.428999998, 
        "9": 56007837.002999999
    }, 
    "averaged_NPV": 65172970.869299993
}