{
    "std": 13002912.319366725, 
    "raw_results": {
        "0": 40188591.159000002, 
        "1": 56314538.971000001, 
        "2": 62135060.131999999, 
        "3": 83370529.303000003, 
        "4": 60750276.197999999, 
        "5": 68111981.518000007, 
        "6": 85565047.773000002, 
        "7": 73748726.185000002, 
        "8": 66118273.509999998, 
        "9": 53794008.596000001
    }, 
    "averaged_NPV": 65009703.3345
}