{
    "std": 13133341.703512892, 
    "raw_results": {
        "0": 41224679.060999997, 
        "1": 58243796.598999999, 
        "2": 64180523.104999997, 
        "3": 85042840.459999993, 
        "4": 62669302.601999998, 
        "5": 69747890.832000002, 
        "6": 87360349.812000006, 
        "7": 75436305.322999999, 
        "8": 68295400.484999999, 
        "9": 55284712.766999997
    }, 
    "averaged_NPV": 66748580.10459999
}