{
    "std": 13009740.409372166, 
    "raw_results": {
        "0": 37115439.001999997, 
        "1": 51933148.939999998, 
        "2": 57348284.413000003, 
        "3": 80219372.588, 
        "4": 56067147.682999998, 
        "5": 65772495.277000003, 
        "6": 81710809.276999995, 
        "7": 71001079.590000004, 
        "8": 61050221.620999999, 
        "9": 51902711.957999997
    }, 
    "averaged_NPV": 61412071.03490001
}