{
    "std": 13020659.375243288, 
    "raw_results": {
        "0": 40892356.155000001, 
        "1": 57472274.983999997, 
        "2": 63175075.836000003, 
        "3": 84800725.968999997, 
        "4": 62150491.259000003, 
        "5": 69448428.822999999, 
        "6": 87041934.613999993, 
        "7": 75169015.061000004, 
        "8": 67593393.143999994, 
        "9": 57214361.603
    }, 
    "averaged_NPV": 66495805.744800009
}