{
    "std": 13032526.344960304, 
    "raw_results": {
        "0": 39861144.792000003, 
        "1": 56109264.447999999, 
        "2": 62059331.994999997, 
        "3": 83160343.519999996, 
        "4": 60665234.880000003, 
        "5": 68107990.461999997, 
        "6": 85296849.868000001, 
        "7": 73723502.461999997, 
        "8": 66238154.015000001, 
        "9": 53549182.549999997
    }, 
    "averaged_NPV": 64877099.8992
}