{
    "std": 13126021.444211716, 
    "raw_results": {
        "0": 39018181.155000001, 
        "1": 53002383.420999996, 
        "2": 58526983.763999999, 
        "3": 81843701.435000002, 
        "4": 59673719.649999999, 
        "5": 67125993.261999995, 
        "6": 83972685.333000004, 
        "7": 72628078.684, 
        "8": 65809512.476999998, 
        "9": 52701082.327
    }, 
    "averaged_NPV": 63430232.150800005
}