{
    "std": 12995540.461712012, 
    "raw_results": {
        "0": 42217496.729000002, 
        "1": 59305719.148000002, 
        "2": 65627942.615000002, 
        "3": 86165140.816, 
        "4": 63708479.729999997, 
        "5": 70956963.158999994, 
        "6": 88660595.576000005, 
        "7": 76773797.326000005, 
        "8": 69779118.510000005, 
        "9": 59096452.945
    }, 
    "averaged_NPV": 68229170.655400008
}