{
    "std": 13078013.973660748, 
    "raw_results": {
        "0": 43992125.439000003, 
        "1": 60886941.468999997, 
        "2": 67686624.788000003, 
        "3": 88200486.046000004, 
        "4": 66172891.761, 
        "5": 72724208.535999998, 
        "6": 90799987.437999994, 
        "7": 78619971.118000001, 
        "8": 72557098.664000005, 
        "9": 61085378.762999997
    }, 
    "averaged_NPV": 70272571.402200013
}