{
    "std": 13032178.108689263, 
    "raw_results": {
        "0": 41320226.097999997, 
        "1": 57789565.435000002, 
        "2": 63232252.872000001, 
        "3": 85211090.592999995, 
        "4": 62194758.182999998, 
        "5": 69774690.751000002, 
        "6": 87421591.163000003, 
        "7": 75376553.620000005, 
        "8": 67809836.996999994, 
        "9": 57504733.700999998
    }, 
    "averaged_NPV": 66763529.94129999
}