{
    "std": 13043094.802192483, 
    "raw_results": {
        "0": 43872488.964000002, 
        "1": 60545118.079999998, 
        "2": 66951316.228, 
        "3": 88020526.247999996, 
        "4": 65452826.732000001, 
        "5": 72574013.466999993, 
        "6": 90351859.971000001, 
        "7": 78327996.409999996, 
        "8": 71597106.615999997, 
        "9": 60948736.700000003
    }, 
    "averaged_NPV": 69864198.94160001
}