{
    "std": 13353468.021952653, 
    "raw_results": {
        "0": 36449099.998000003, 
        "1": 51829044.785999998, 
        "2": 56581831.379000001, 
        "3": 80126417.283000007, 
        "4": 55854294.813000001, 
        "5": 65820809.402000003, 
        "6": 82223656.252000004, 
        "7": 71333626.731999993, 
        "8": 60984343.571000002, 
        "9": 50782081.071999997
    }, 
    "averaged_NPV": 61198520.528800011
}