{
    "std": 13152187.084816976, 
    "raw_results": {
        "0": 41551202.067000002, 
        "1": 58694800.285999998, 
        "2": 64647123.740000002, 
        "3": 85400742.283000007, 
        "4": 63104756.818999998, 
        "5": 70142600.336999997, 
        "6": 87848555.269999996, 
        "7": 75853338.194000006, 
        "8": 68781715.783999994, 
        "9": 55682599.196000002
    }, 
    "averaged_NPV": 67170743.39760001
}