{
    "std": 13136610.317991856, 
    "raw_results": {
        "0": 40472279.272, 
        "1": 57026023.839000002, 
        "2": 62690866.943000004, 
        "3": 84210526.131999999, 
        "4": 61665610.387999997, 
        "5": 69125435.348000005, 
        "6": 86232501.567000002, 
        "7": 74565734.709999993, 
        "8": 67074190.085000001, 
        "9": 54199616.560999997
    }, 
    "averaged_NPV": 65726278.484499991
}