{
    "std": 13072437.77300353, 
    "raw_results": {
        "0": 40440909.873999998, 
        "1": 56678540.414999999, 
        "2": 62441531.247000001, 
        "3": 83778761.364999995, 
        "4": 61105709.685000002, 
        "5": 68553158.715000004, 
        "6": 85988020.733999997, 
        "7": 74213996.645999998, 
        "8": 66558559.438000001, 
        "9": 53907950.780000001
    }, 
    "averaged_NPV": 65366713.889899991
}