{
    "std": 13035997.324553845, 
    "raw_results": {
        "0": 43240029.616999999, 
        "1": 60708776.266000003, 
        "2": 66669645.958999999, 
        "3": 87541828.854000002, 
        "4": 65217921.505999997, 
        "5": 71877046.773000002, 
        "6": 89894158.835999995, 
        "7": 77734119.653999999, 
        "8": 71644407.598000005, 
        "9": 60189650.169
    }, 
    "averaged_NPV": 69471758.523200005
}