{
    "std": 12991703.280844601, 
    "raw_results": {
        "0": 42838751.615000002, 
        "1": 60422516.538999997, 
        "2": 66270783.957000002, 
        "3": 87041094.355000004, 
        "4": 64893541.173, 
        "5": 71574068.378999993, 
        "6": 89324515.057999998, 
        "7": 77275644.873999998, 
        "8": 71183755.471000001, 
        "9": 59665979.463
    }, 
    "averaged_NPV": 69049065.088399976
}