{
    "std": 13210454.681242405, 
    "raw_results": {
        "0": 42348630.726999998, 
        "1": 58895858.865999997, 
        "2": 64395223.273000002, 
        "3": 86650251.231999993, 
        "4": 63513079.381999999, 
        "5": 71161012.591999993, 
        "6": 89045015.206, 
        "7": 76994506.934, 
        "8": 69559434.178000003, 
        "9": 58658912.850000001
    }, 
    "averaged_NPV": 68122192.524000004
}