{
    "std": 12942548.149462145, 
    "raw_results": {
        "0": 42511234.579999998, 
        "1": 59463215.998000003, 
        "2": 65530979.287, 
        "3": 86237630.627000004, 
        "4": 64011983.873000003, 
        "5": 70921207.725999996, 
        "6": 88784473.662, 
        "7": 76766937.280000001, 
        "8": 69789792.018000007, 
        "9": 59148876.004000001
    }, 
    "averaged_NPV": 68316633.105499998
}