{
    "std": 13009417.960877672, 
    "raw_results": {
        "0": 35841303.755999997, 
        "1": 50780567.358000003, 
        "2": 55878000.197999999, 
        "3": 79008324.832000002, 
        "4": 54633703.020999998, 
        "5": 64689439.226000004, 
        "6": 80458536.724999994, 
        "7": 69337825.159999996, 
        "8": 60319542.925999999, 
        "9": 50561120.806999996
    }, 
    "averaged_NPV": 60150836.400899991
}