{
    "std": 13437208.000259705, 
    "raw_results": {
        "0": 37646295.019000001, 
        "1": 52560196.035999998, 
        "2": 58141349.446999997, 
        "3": 82009519.921000004, 
        "4": 59060328.995999999, 
        "5": 66683344.468000002, 
        "6": 84001699.294, 
        "7": 72259179.745000005, 
        "8": 65276045.883000001, 
        "9": 52619642.269000001
    }, 
    "averaged_NPV": 63025760.107800007
}