{
    "std": 12980464.599643894, 
    "raw_results": {
        "0": 42988943.714000002, 
        "1": 60033472.273999996, 
        "2": 66642540.487000003, 
        "3": 87054082.392000005, 
        "4": 64963191.229000002, 
        "5": 71811236.675999999, 
        "6": 89496980.916999996, 
        "7": 77587086.017000005, 
        "8": 70912546.540999994, 
        "9": 60336507.877999999
    }, 
    "averaged_NPV": 69182658.812500015
}