{
    "std": 13073935.819226924, 
    "raw_results": {
        "0": 40470731.140000001, 
        "1": 56659114.891999997, 
        "2": 62441531.247000001, 
        "3": 83793709.894999996, 
        "4": 61102250.280000001, 
        "5": 68553158.715000004, 
        "6": 86001529.677000001, 
        "7": 74213996.645999998, 
        "8": 66558559.438000001, 
        "9": 53890421.533
    }, 
    "averaged_NPV": 65368500.346299991
}