{
    "std": 12978240.071321944, 
    "raw_results": {
        "0": 41036256.463, 
        "1": 57357586.284000002, 
        "2": 63000138.960000001, 
        "3": 84698193.498999998, 
        "4": 61977472.202, 
        "5": 69310067.540000007, 
        "6": 86980959.721000001, 
        "7": 75018930.478, 
        "8": 67375714.093999997, 
        "9": 57124235.722999997
    }, 
    "averaged_NPV": 66387955.496400014
}