{
    "std": 13106161.023312191, 
    "raw_results": {
        "0": 41687751.441, 
        "1": 58216957.090000004, 
        "2": 63553545.181000002, 
        "3": 85730570.971000001, 
        "4": 62694768.597000003, 
        "5": 70464048.619000003, 
        "6": 87931398.165999994, 
        "7": 76118594.089000002, 
        "8": 68638618.703999996, 
        "9": 57862239.071999997
    }, 
    "averaged_NPV": 67289849.193000004
}