{
    "std": 12962520.104656398, 
    "raw_results": {
        "0": 39785598.641000003, 
        "1": 56269557.366999999, 
        "2": 62044813.450999998, 
        "3": 83018380.599999994, 
        "4": 60424589.383000001, 
        "5": 67753023.306999996, 
        "6": 85062492.427000001, 
        "7": 73577580.378999993, 
        "8": 66127422.722999997, 
        "9": 53617462.189999998
    }, 
    "averaged_NPV": 64768092.046799995
}