{
    "std": 13098467.194097502, 
    "raw_results": {
        "0": 43688003.641000003, 
        "1": 61069891.840000004, 
        "2": 67230796.246999994, 
        "3": 88147364.428000003, 
        "4": 65745806.141000003, 
        "5": 72513412.576000005, 
        "6": 90515755.547000006, 
        "7": 78215463.266000003, 
        "8": 71973337.270999998, 
        "9": 60515783.435999997
    }, 
    "averaged_NPV": 69961561.439300001
}