{
    "std": 13182859.835476279, 
    "raw_results": {
        "0": 42622975.571000002, 
        "1": 59464691.079000004, 
        "2": 64992421.809, 
        "3": 86770330.937000006, 
        "4": 64151525.588, 
        "5": 71689251.863000005, 
        "6": 89361978.884000003, 
        "7": 77518994.828999996, 
        "8": 70249340.437000006, 
        "9": 58915544.781999998
    }, 
    "averaged_NPV": 68573705.577899992
}