{
    "std": 13021240.286032345, 
    "raw_results": {
        "0": 40884331.476999998, 
        "1": 57482092.761, 
        "2": 63175075.836000003, 
        "3": 84800725.968999997, 
        "4": 62153384.446000002, 
        "5": 69448428.822999999, 
        "6": 87041934.613999993, 
        "7": 75169015.061000004, 
        "8": 67593393.143999994, 
        "9": 57217458.412
    }, 
    "averaged_NPV": 66496584.054299995
}