{
    "std": 12953004.835142899, 
    "raw_results": {
        "0": 41000721.292999998, 
        "1": 57394613.561999999, 
        "2": 62913946.851999998, 
        "3": 84745523.784999996, 
        "4": 61884963.566, 
        "5": 69325327.598000005, 
        "6": 86780494.655000001, 
        "7": 74854181.721000001, 
        "8": 67277561.157000005, 
        "9": 57106316.939000003
    }, 
    "averaged_NPV": 66328365.112799987
}