{
    "std": 13102257.236047681, 
    "raw_results": {
        "0": 41680214.056999996, 
        "1": 58137209.050999999, 
        "2": 63287906.842, 
        "3": 85643412.974999994, 
        "4": 62387777.247000001, 
        "5": 70138159.091999993, 
        "6": 87902031.688999996, 
        "7": 75875145.560000002, 
        "8": 68363547.591000006, 
        "9": 57663633.906000003
    }, 
    "averaged_NPV": 67107903.800999999
}