{
    "std": 13159499.637622634, 
    "raw_results": {
        "0": 41918492.557999998, 
        "1": 58814893.037, 
        "2": 64637652.828000002, 
        "3": 85657209.910999998, 
        "4": 63104764.336999997, 
        "5": 70071744.394999996, 
        "6": 88004656.113999993, 
        "7": 75933619.675999999, 
        "8": 69393333.283000007, 
        "9": 55529496.802000001
    }, 
    "averaged_NPV": 67306586.294100001
}