{
    "std": 12913202.917946743, 
    "raw_results": {
        "0": 35730938.934, 
        "1": 50837130.266999997, 
        "2": 55665819.284000002, 
        "3": 78099910.463, 
        "4": 55215420.109999999, 
        "5": 62504084.858000003, 
        "6": 81791768.169, 
        "7": 67165908.741999999, 
        "8": 60489541.636, 
        "9": 50356545.270999998
    }, 
    "averaged_NPV": 59785706.773400009
}