{
    "std": 12072637.004635608, 
    "raw_results": {
        "0": 22461721.793000001, 
        "1": 36349542.491999999, 
        "2": 39485072.685000002, 
        "3": 63799338.494000003, 
        "4": 39415725.998999998, 
        "5": 48910675.120999999, 
        "6": 61748939.817000002, 
        "7": 53078965.373000003, 
        "8": 43231330.158, 
        "9": 35016129.884000003
    }, 
    "averaged_NPV": 44349744.181600004
}