{
    "std": 12978849.499054324, 
    "raw_results": {
        "0": 41973490.689000003, 
        "1": 59085184.414999999, 
        "2": 65205364.081, 
        "3": 85891894.127000004, 
        "4": 63750327.020000003, 
        "5": 70488872.390000001, 
        "6": 88400324.197999999, 
        "7": 76318974.158999994, 
        "8": 69984747.478, 
        "9": 58718097.954999998
    }, 
    "averaged_NPV": 67981727.651200011
}