{
    "std": 13071254.049245836, 
    "raw_results": {
        "0": 36209329.912, 
        "1": 51689684.364, 
        "2": 56472672.375, 
        "3": 79295009.274000004, 
        "4": 55660232.020999998, 
        "5": 65860386.013999999, 
        "6": 81134288.593999997, 
        "7": 70505510.156000003, 
        "8": 60707603.114, 
        "9": 50780855.064999998
    }, 
    "averaged_NPV": 60831557.088899992
}