{
    "std": 13340524.108096199, 
    "raw_results": {
        "0": 36604079.504000001, 
        "1": 52229194.112000003, 
        "2": 57443748.214000002, 
        "3": 80534202.640000001, 
        "4": 56317132.343999997, 
        "5": 66392235.545999996, 
        "6": 82449260.187000006, 
        "7": 71747208.600999996, 
        "8": 61650247.096000001, 
        "9": 51458828.846000001
    }, 
    "averaged_NPV": 61682613.708999991
}