{
    "std": 13211746.574728439, 
    "raw_results": {
        "0": 41472479.707000002, 
        "1": 55943256.575000003, 
        "2": 64045537.229999997, 
        "3": 85063476.566, 
        "4": 62598417.939000003, 
        "5": 69565674.776999995, 
        "6": 87089325.274000004, 
        "7": 75211954.797999993, 
        "8": 68919744.518000007, 
        "9": 55241147.347999997
    }, 
    "averaged_NPV": 66515101.473200008
}