{
    "std": 12987594.885958413, 
    "raw_results": {
        "0": 41049884.877999999, 
        "1": 57476738.879000001, 
        "2": 63149947.295999996, 
        "3": 84782747.659999996, 
        "4": 62127335.170999996, 
        "5": 69427430.980000004, 
        "6": 87053444.912, 
        "7": 75140429.979000002, 
        "8": 67547347.819000006, 
        "9": 57211356.990000002
    }, 
    "averaged_NPV": 66496666.4564
}