{
    "std": 13147379.31265071, 
    "raw_results": {
        "0": 38661870.641999997, 
        "1": 52781360.888999999, 
        "2": 58098485.333999999, 
        "3": 81486440.378000006, 
        "4": 56820313.862999998, 
        "5": 66642014.825000003, 
        "6": 83450272.150999993, 
        "7": 71987927.452000007, 
        "8": 62214440.325999998, 
        "9": 52127387.034999996
    }, 
    "averaged_NPV": 62427051.289499983
}