{
    "std": 13152684.627829548, 
    "raw_results": {
        "0": 40528264.829999998, 
        "1": 56926781.057999998, 
        "2": 62674713.403999999, 
        "3": 84251251.629999995, 
        "4": 61653117.758000001, 
        "5": 68980920.464000002, 
        "6": 86338860.941, 
        "7": 74639004.542999998, 
        "8": 67050198.743000001, 
        "9": 54244896.714000002
    }, 
    "averaged_NPV": 65728801.008499995
}