{
    "std": 13195739.73623878, 
    "raw_results": {
        "0": 38733104.381999999, 
        "1": 53323590.015000001, 
        "2": 58018015.906000003, 
        "3": 81813707.048999995, 
        "4": 57303648.924999997, 
        "5": 67587251.290000007, 
        "6": 83303859.356999993, 
        "7": 72747138.217999995, 
        "8": 62500616.181999996, 
        "9": 52060578.629000001
    }, 
    "averaged_NPV": 62739150.995299995
}