{
    "std": 12934521.152868781, 
    "raw_results": {
        "0": 39651331.711000003, 
        "1": 56259749.677000001, 
        "2": 62044813.450999998, 
        "3": 82739703.854000002, 
        "4": 60419115.229000002, 
        "5": 67690887.135000005, 
        "6": 84952508.143999994, 
        "7": 73555796.603, 
        "8": 66127422.722999997, 
        "9": 53566011.266999997
    }, 
    "averaged_NPV": 64700733.979400001
}