{
    "std": 13158199.442714678, 
    "raw_results": {
        "0": 38461174.865000002, 
        "1": 52605072.044, 
        "2": 57887407.493000001, 
        "3": 81247299.422000006, 
        "4": 56489898.105999999, 
        "5": 66585567.068000004, 
        "6": 83235242.174999997, 
        "7": 71765463.090000004, 
        "8": 61769292.270999998, 
        "9": 51789004.134000003
    }, 
    "averaged_NPV": 62183542.066799998
}