{
    "std": 13125282.874218274, 
    "raw_results": {
        "0": 40173052.153999999, 
        "1": 56729857.230999999, 
        "2": 62464883.465999998, 
        "3": 83752391.818000004, 
        "4": 61252050.685999997, 
        "5": 68690920.561000004, 
        "6": 86027984.601999998, 
        "7": 74278370.973000005, 
        "8": 66740237.030000001, 
        "9": 53929860.612000003
    }, 
    "averaged_NPV": 65403960.913299993
}