{
    "std": 12951407.432490865, 
    "raw_results": {
        "0": 39489815.761, 
        "1": 55588244.439999998, 
        "2": 59002689.636, 
        "3": 82334152.960999995, 
        "4": 59941677.634000003, 
        "5": 67567769.093999997, 
        "6": 84353658.710999995, 
        "7": 73024248.585999995, 
        "8": 65720236.096000001, 
        "9": 53187679.761
    }, 
    "averaged_NPV": 64021017.267999992
}