{
    "std": 13268946.622792814, 
    "raw_results": {
        "0": 39748969.572999999, 
        "1": 54341924.050999999, 
        "2": 59029968.053000003, 
        "3": 83238985.055999994, 
        "4": 58507545.538000003, 
        "5": 67648759.770999998, 
        "6": 84863259.809, 
        "7": 73111867.427000001, 
        "8": 66528230.781000003, 
        "9": 53218060.25
    }, 
    "averaged_NPV": 64023757.030899987
}