{
    "std": 13626236.063169325, 
    "raw_results": {
        "0": 37126381.656000003, 
        "1": 52637439.758000001, 
        "2": 57756720.207000002, 
        "3": 81310352.380999997, 
        "4": 56984513.730999999, 
        "5": 67470993.717999995, 
        "6": 84114259.427000001, 
        "7": 72650551.972000003, 
        "8": 62288659.381999999, 
        "9": 51822517.090999998
    }, 
    "averaged_NPV": 62416238.932299994
}