{
    "std": 13062189.753765769, 
    "raw_results": {
        "0": 41218210.082000002, 
        "1": 57799123.700000003, 
        "2": 63271902.707000002, 
        "3": 85246849.094999999, 
        "4": 62224563.068999998, 
        "5": 69819085.489999995, 
        "6": 87445703.590000004, 
        "7": 75431152.361000001, 
        "8": 67855761.607999995, 
        "9": 57519516.383000001
    }, 
    "averaged_NPV": 66783186.808500014
}