{
    "std": 13179416.635999488, 
    "raw_results": {
        "0": 42306138.920000002, 
        "1": 58961210.586999997, 
        "2": 64454112.277999997, 
        "3": 86599559.175999999, 
        "4": 63581563.034000002, 
        "5": 71173547.113000005, 
        "6": 88926496.167999998, 
        "7": 76988649.156000003, 
        "8": 69546998.304000005, 
        "9": 58724371.828000002
    }, 
    "averaged_NPV": 68126264.656399995
}