{
    "std": 12910091.049430396, 
    "raw_results": {
        "0": 22435356.067000002, 
        "1": 36358421.336000003, 
        "2": 39668779.162, 
        "3": 63647972.652999997, 
        "4": 39585269.961999997, 
        "5": 48873494.857000001, 
        "6": 66040224.961999997, 
        "7": 53383952.971000001, 
        "8": 43352483.770999998, 
        "9": 32828736.199000001
    }, 
    "averaged_NPV": 44617469.194000006
}