{
    "std": 13274222.194373136, 
    "raw_results": {
        "0": 37963706.019000001, 
        "1": 55230314.196999997, 
        "2": 58700017.333999999, 
        "3": 82374391.915999994, 
        "4": 59672077.582000002, 
        "5": 67299133.347000003, 
        "6": 84399853.628999993, 
        "7": 72700669.795000002, 
        "8": 65694664.575999998, 
        "9": 53137095.322999999
    }, 
    "averaged_NPV": 63717192.371799991
}