{
    "std": 13020495.087552579, 
    "raw_results": {
        "0": 42869444.840999998, 
        "1": 59662363.265000001, 
        "2": 65953174.343999997, 
        "3": 86886687.119000003, 
        "4": 64586673.634999998, 
        "5": 71331897.319999993, 
        "6": 89305691.761999995, 
        "7": 77083346.827999994, 
        "8": 70885967.708000004, 
        "9": 59494120.203000002
    }, 
    "averaged_NPV": 68805936.702500001
}