{
    "std": 13237316.31518423, 
    "raw_results": {
        "0": 38946601.564999998, 
        "1": 53301983.872000001, 
        "2": 58172518.066, 
        "3": 81812539.685000002, 
        "4": 57744595.879000001, 
        "5": 67598112.474000007, 
        "6": 83948353.179000005, 
        "7": 72993879.935000002, 
        "8": 62801687.354999997, 
        "9": 52279208.340999998
    }, 
    "averaged_NPV": 62959948.035099998
}