{
    "std": 12980766.776889965, 
    "raw_results": {
        "0": 40170364.214000002, 
        "1": 56220939.277999997, 
        "2": 62069187.620999999, 
        "3": 83231124.406000003, 
        "4": 60560219.737999998, 
        "5": 67993125.892000005, 
        "6": 85481360.047999993, 
        "7": 73630686.880999997, 
        "8": 66046271.281000003, 
        "9": 53739884.601000004
    }, 
    "averaged_NPV": 64914316.39599999
}