{
    "std": 12952594.915988537, 
    "raw_results": {
        "0": 44342611.331, 
        "1": 61883943.969999999, 
        "2": 67812835.011000007, 
        "3": 88603646.457000002, 
        "4": 66296179.388999999, 
        "5": 72863905.725999996, 
        "6": 90750335.675999999, 
        "7": 78572613.544, 
        "8": 72864578.181999996, 
        "9": 61543281.174000002
    }, 
    "averaged_NPV": 70553393.046000004
}