{
    "std": 12984182.897457136, 
    "raw_results": {
        "0": 42204356.217, 
        "1": 58937265.577, 
        "2": 65078488.662, 
        "3": 86075186.092999995, 
        "4": 63638617.784000002, 
        "5": 70490189.194000006, 
        "6": 88435152.861000001, 
        "7": 76267341.583000004, 
        "8": 69857576.953999996, 
        "9": 58592860.564999998
    }, 
    "averaged_NPV": 67957703.548999995
}