{
    "std": 12961224.240140263, 
    "raw_results": {
        "0": 40126430.148000002, 
        "1": 56196942.590999998, 
        "2": 62072077.207000002, 
        "3": 83231463.622999996, 
        "4": 60690616.879000001, 
        "5": 68073916.902999997, 
        "6": 85297805.819000006, 
        "7": 73677526.692000002, 
        "8": 66213328.575000003, 
        "9": 53773445.414999999
    }, 
    "averaged_NPV": 64935355.385200001
}