{
    "std": 13445353.197807536, 
    "raw_results": {
        "0": 37649272.740999997, 
        "1": 52650527.652999997, 
        "2": 58187816.130999997, 
        "3": 81980974.965000004, 
        "4": 59115590.658, 
        "5": 66793018.822999999, 
        "6": 84061867.925999999, 
        "7": 72383711.062000006, 
        "8": 65381852.755999997, 
        "9": 52615786.206
    }, 
    "averaged_NPV": 63082041.892099999
}