{
    "std": 13201117.350233704, 
    "raw_results": {
        "0": 35838828.718000002, 
        "1": 51128004.016000003, 
        "2": 55926918.861000001, 
        "3": 79509189.056999996, 
        "4": 54987951.112000003, 
        "5": 65156823.689000003, 
        "6": 81083809.156000003, 
        "7": 69713522.408999994, 
        "8": 59988653.329000004, 
        "9": 50316940.899999999
    }, 
    "averaged_NPV": 60365064.124699995
}