{
    "std": 13177415.550651567, 
    "raw_results": {
        "0": 38894218.814999998, 
        "1": 52957575.689999998, 
        "2": 58502047.512999997, 
        "3": 81874624.128000006, 
        "4": 59628055.052000001, 
        "5": 67008419.965999998, 
        "6": 83972978.886999995, 
        "7": 72679076.960999995, 
        "8": 65832858.340000004, 
        "9": 52488978.112000003
    }, 
    "averaged_NPV": 63383883.3464
}