{
    "std": 13176872.007877484, 
    "raw_results": {
        "0": 41228603.862000003, 
        "1": 57769939.045999996, 
        "2": 63434082.423, 
        "3": 85400742.283000007, 
        "4": 62415140.814999998, 
        "5": 70142600.336999997, 
        "6": 87848555.269999996, 
        "7": 75853338.194000006, 
        "8": 67971194.836999997, 
        "9": 57472402.178999998
    }, 
    "averaged_NPV": 66953659.924600005
}