{
    "std": 13113950.029939931, 
    "raw_results": {
        "0": 38752448.761, 
        "1": 52833252.277000003, 
        "2": 58142356.626999997, 
        "3": 81486440.378000006, 
        "4": 56865459.436999999, 
        "5": 66647179.421999998, 
        "6": 83450272.150999993, 
        "7": 71987927.452000007, 
        "8": 62217879.483999997, 
        "9": 52255865.204999998
    }, 
    "averaged_NPV": 62463908.119400002
}