{
    "std": 13333922.837386208, 
    "raw_results": {
        "0": 40968293.234999999, 
        "1": 55921800.546999998, 
        "2": 63653241.211999997, 
        "3": 84780718.685000002, 
        "4": 59998093.056000002, 
        "5": 69522902.414000005, 
        "6": 86873211.473000005, 
        "7": 75012257.706, 
        "8": 68728253.253000006, 
        "9": 55100536.453000002
    }, 
    "averaged_NPV": 66055930.803400002
}