{
    "std": 12943616.850293292, 
    "raw_results": {
        "0": 44410923.938000001, 
        "1": 61885946.461999997, 
        "2": 67914769.123999998, 
        "3": 88631250.658000007, 
        "4": 66340427.675999999, 
        "5": 72928037.651999995, 
        "6": 90762477.944000006, 
        "7": 78659006.297000006, 
        "8": 72942741.444000006, 
        "9": 61616188.884999998
    }, 
    "averaged_NPV": 70609177.008000001
}