{
    "std": 13095446.596959686, 
    "raw_results": {
        "0": 36011434.963, 
        "1": 51262156.494999997, 
        "2": 56049626.254000001, 
        "3": 78984785.459999993, 
        "4": 54985722.788999997, 
        "5": 65322494.524999999, 
        "6": 81030249.180999994, 
        "7": 69978794.924999997, 
        "8": 60129144.156000003, 
        "9": 50334886.197999999
    }, 
    "averaged_NPV": 60408929.494599983
}