{
    "std": 13261469.958227798, 
    "raw_results": {
        "0": 40557855.211000003, 
        "1": 55184583.810999997, 
        "2": 63044273.831, 
        "3": 84235353.766000003, 
        "4": 59168461.450000003, 
        "5": 68555897.079999998, 
        "6": 86071984.848000005, 
        "7": 74070263.487000003, 
        "8": 67639816.354000002, 
        "9": 54415578.857000001
    }, 
    "averaged_NPV": 65294406.869499996
}