{
    "std": 12955211.078890413, 
    "raw_results": {
        "0": 44400389.136, 
        "1": 61911687.586000003, 
        "2": 68054075.833000004, 
        "3": 88659920.232999995, 
        "4": 66387320.883000001, 
        "5": 72940407.575000003, 
        "6": 90819756.464000002, 
        "7": 78677819.320999995, 
        "8": 73084278.113999993, 
        "9": 61634893.436999999
    }, 
    "averaged_NPV": 70657054.858199999
}