{
    "std": 13162287.982597675, 
    "raw_results": {
        "0": 42209856.141000003, 
        "1": 59304151.233000003, 
        "2": 65110545.685000002, 
        "3": 86075186.092999995, 
        "4": 63709551.891000003, 
        "5": 70488928.967999995, 
        "6": 88435152.861000001, 
        "7": 76281485.711999997, 
        "8": 69902336.748999998, 
        "9": 56048423.090999998
    }, 
    "averaged_NPV": 67756561.842399985
}