{
    "std": 13052042.454347432, 
    "raw_results": {
        "0": 42226099.553999998, 
        "1": 58713205.811999999, 
        "2": 65134056.597999997, 
        "3": 86165140.816, 
        "4": 63619602.241999999, 
        "5": 70956963.158999994, 
        "6": 88660595.576000005, 
        "7": 76773797.326000005, 
        "8": 69560439.339000002, 
        "9": 59016915.553000003
    }, 
    "averaged_NPV": 68082681.597499996
}