{
    "std": 13325704.907550741, 
    "raw_results": {
        "0": 37472355.114, 
        "1": 52394042.391000003, 
        "2": 57876397.497000001, 
        "3": 81577873.649000004, 
        "4": 56121475.421999998, 
        "5": 66210264.408, 
        "6": 83243020.974000007, 
        "7": 71383259.240999997, 
        "8": 61617692.244999997, 
        "9": 52521417.93
    }, 
    "averaged_NPV": 62041779.887099996
}