{
    "std": 13111618.115726978, 
    "raw_results": {
        "0": 43990099.243000001, 
        "1": 60846946.545999996, 
        "2": 67657963.592999995, 
        "3": 88268598.084999993, 
        "4": 66144115.523000002, 
        "5": 72726683.204999998, 
        "6": 90898849.311000004, 
        "7": 78631756.795000002, 
        "8": 72563727.716000006, 
        "9": 61041858.009000003
    }, 
    "averaged_NPV": 70277059.802599996
}