{
    "std": 12944503.949603576, 
    "raw_results": {
        "0": 44035266.995999999, 
        "1": 60850842.978, 
        "2": 67349159.342999995, 
        "3": 87978352.966000006, 
        "4": 65668405.468000002, 
        "5": 72503406.726999998, 
        "6": 90337753.817000002, 
        "7": 78253238.949000001, 
        "8": 71802528.439999998, 
        "9": 61198848.946999997
    }, 
    "averaged_NPV": 69997780.463100001
}