{
    "std": 13042340.93752162, 
    "raw_results": {
        "0": 41349924.044, 
        "1": 57796080.620999999, 
        "2": 63373808.512000002, 
        "3": 85170578.900999993, 
        "4": 62304002.693999998, 
        "5": 69813737.959999993, 
        "6": 87527397.091000006, 
        "7": 75569739.913000003, 
        "8": 67909223.604000002, 
        "9": 57527241.597999997
    }, 
    "averaged_NPV": 66834173.493799999
}