{
    "std": 13333595.16942093, 
    "raw_results": {
        "0": 36144231.527999997, 
        "1": 51458693.752999999, 
        "2": 56471559.522, 
        "3": 79970780.878000006, 
        "4": 55493868.508000001, 
        "5": 65610510.228, 
        "6": 81899391.790000007, 
        "7": 70610422.851999998, 
        "8": 60524807.772, 
        "9": 50617162.903999999
    }, 
    "averaged_NPV": 60880142.973499998
}