{
    "std": 13061781.661422634, 
    "raw_results": {
        "0": 39785861.292000003, 
        "1": 55614715.653999999, 
        "2": 59052052.261, 
        "3": 82757463.658000007, 
        "4": 59855280.270000003, 
        "5": 67358852.483999997, 
        "6": 84965572.730000004, 
        "7": 73191268.510000005, 
        "8": 65619755.740000002, 
        "9": 53128154.432999998
    }, 
    "averaged_NPV": 64132897.703199998
}