{
    "std": 13133297.331617709, 
    "raw_results": {
        "0": 43671780.990000002, 
        "1": 61069891.840000004, 
        "2": 67230796.246999994, 
        "3": 88245026.093999997, 
        "4": 65745806.141000003, 
        "5": 72521136.366999999, 
        "6": 90618534.270999998, 
        "7": 78237837.353, 
        "8": 71993798.922999993, 
        "9": 60515783.435999997
    }, 
    "averaged_NPV": 69985039.166200012
}