{
    "std": 13001299.262263983, 
    "raw_results": {
        "0": 39337365.405000001, 
        "1": 55572438.085000001, 
        "2": 59002689.636, 
        "3": 82395812.475999996, 
        "4": 59935849.633000001, 
        "5": 67571983.648000002, 
        "6": 84415909.883000001, 
        "7": 73044864.988000005, 
        "8": 65729763.667000003, 
        "9": 53192318.207000002
    }, 
    "averaged_NPV": 64019899.562800013
}