{
    "std": 13119558.84004279, 
    "raw_results": {
        "0": 38870636.976999998, 
        "1": 52869866.789999999, 
        "2": 58236408.960000001, 
        "3": 81481587.092999995, 
        "4": 56827442.343000002, 
        "5": 66712850.160999998, 
        "6": 83671209.011000007, 
        "7": 71997641.449000001, 
        "8": 62131068.604999997, 
        "9": 52342357.523999996
    }, 
    "averaged_NPV": 62514106.891300008
}