{
    "std": 13003548.958934953, 
    "raw_results": {
        "0": 36635035.681000002, 
        "1": 51525128.115000002, 
        "2": 56764446.700999998, 
        "3": 79752368.834999993, 
        "4": 55477026.241999999, 
        "5": 65537291.732000001, 
        "6": 81346830.805000007, 
        "7": 70077376.032000005, 
        "8": 60834752.615999997, 
        "9": 51490618.123999998
    }, 
    "averaged_NPV": 60944087.488300003
}