{
    "std": 13396892.225580771, 
    "raw_results": {
        "0": 36538942.401000001, 
        "1": 52157697.730999999, 
        "2": 57347369.972000003, 
        "3": 80585206.603, 
        "4": 56254097.357000001, 
        "5": 66336120.833999999, 
        "6": 82483204.579999998, 
        "7": 71747858.897, 
        "8": 61551813.942000002, 
        "9": 51162844.380000003
    }, 
    "averaged_NPV": 61616515.669700004
}