{
    "std": 13217432.050915424, 
    "raw_results": {
        "0": 39345542.737000003, 
        "1": 54244819.851999998, 
        "2": 58749760.465999998, 
        "3": 82594996.967999995, 
        "4": 58225638.699000001, 
        "5": 67984452.827000007, 
        "6": 84399853.628999993, 
        "7": 72761331.782000005, 
        "8": 66215108.667000003, 
        "9": 52850551.737999998
    }, 
    "averaged_NPV": 63737205.73650001
}