{
    "std": 12398070.73843552, 
    "raw_results": {
        "0": 23470672.714000002, 
        "1": 36543393.256999999, 
        "2": 39784949.057999998, 
        "3": 63732851.483999997, 
        "4": 39512410.472000003, 
        "5": 48845113.519000001, 
        "6": 65256037.096000001, 
        "7": 53197253.0, 
        "8": 43517285.941, 
        "9": 35024812.446000002
    }, 
    "averaged_NPV": 44888477.898699999
}