{
    "std": 13017487.975515436, 
    "raw_results": {
        "0": 43011800.982000001, 
        "1": 59711740.263999999, 
        "2": 66437182.666000001, 
        "3": 87041592.782000005, 
        "4": 64760258.876000002, 
        "5": 71684816.640000001, 
        "6": 89496980.916999996, 
        "7": 77540682.650999993, 
        "8": 70795198.486000001, 
        "9": 60090383.560000002
    }, 
    "averaged_NPV": 69057063.782399982
}