{
    "std": 13023219.28205248, 
    "raw_results": {
        "0": 41388744.064999998, 
        "1": 57783770.159999996, 
        "2": 63348829.906999998, 
        "3": 85133971.509000003, 
        "4": 62280337.836000003, 
        "5": 69771764.127000004, 
        "6": 87499340.886000007, 
        "7": 75513661.717999995, 
        "8": 67862630.469999999, 
        "9": 57515849.93
    }, 
    "averaged_NPV": 66809890.060799994
}