{
    "std": 12851831.427306235, 
    "raw_results": {
        "0": 21680706.249000002, 
        "1": 36055472.482000001, 
        "2": 39430147.119000003, 
        "3": 63479896.919, 
        "4": 39235528.460000001, 
        "5": 48409980.862000003, 
        "6": 64846309.745999999, 
        "7": 52956051.718000002, 
        "8": 42791341.842, 
        "9": 32515782.397999998
    }, 
    "averaged_NPV": 44140121.7795
}