{
    "std": 13284284.504357815, 
    "raw_results": {
        "0": 39157148.652999997, 
        "1": 54066467.696000002, 
        "2": 58846006.093999997, 
        "3": 82825619.834999993, 
        "4": 58208806.751999997, 
        "5": 68009895.706, 
        "6": 84270210.199000001, 
        "7": 73023671.853, 
        "8": 66540635.353, 
        "9": 53048593.791000001
    }, 
    "averaged_NPV": 63799705.593199991
}