{
    "std": 13190843.843388915, 
    "raw_results": {
        "0": 37162258.483000003, 
        "1": 52161135.910999998, 
        "2": 57682376.082999997, 
        "3": 80793302.244000003, 
        "4": 56293147.886, 
        "5": 66217896.436999999, 
        "6": 82465565.656000003, 
        "7": 71392478.430000007, 
        "8": 61415493.454000004, 
        "9": 52141195.821000002
    }, 
    "averaged_NPV": 61772485.0405
}