{
    "std": 12922167.625551006, 
    "raw_results": {
        "0": 40228284.468000002, 
        "1": 56460408.114, 
        "2": 62313179.835000001, 
        "3": 83723880.468999997, 
        "4": 61106878.656999998, 
        "5": 68607493.767000005, 
        "6": 85870585.915999994, 
        "7": 74217735.099999994, 
        "8": 66765339.075000003, 
        "9": 56242749.467
    }, 
    "averaged_NPV": 65553653.4868
}