{
    "std": 13096421.158979412, 
    "raw_results": {
        "0": 41655220.402000003, 
        "1": 58251204.305, 
        "2": 63393704.744999997, 
        "3": 85551002.343999997, 
        "4": 62487782.667000003, 
        "5": 70225959.956, 
        "6": 87983001.841999993, 
        "7": 75901405.769999996, 
        "8": 68406958.103, 
        "9": 57668189.726999998
    }, 
    "averaged_NPV": 67152442.986100003
}