{
    "std": 12999909.251546361, 
    "raw_results": {
        "0": 41001680.158, 
        "1": 57368787.608999997, 
        "2": 63025231.494999997, 
        "3": 84748974.588, 
        "4": 62000728.060000002, 
        "5": 69349008.446999997, 
        "6": 87022084.767000005, 
        "7": 75066496.261999995, 
        "8": 67409176.813999996, 
        "9": 57136121.088
    }, 
    "averaged_NPV": 66412828.928800009
}