{
    "std": 13066389.424921501, 
    "raw_results": {
        "0": 41042858.343999997, 
        "1": 57414689.655000001, 
        "2": 63133829.892999999, 
        "3": 84893140.379999995, 
        "4": 62052763.489, 
        "5": 69485844.550999999, 
        "6": 87339029.297000006, 
        "7": 75181437.753999993, 
        "8": 67409752.038000003, 
        "9": 57124235.722999997
    }, 
    "averaged_NPV": 66507758.112399995
}