{
    "std": 13179613.61484796, 
    "raw_results": {
        "0": 42306138.920000002, 
        "1": 58961210.586999997, 
        "2": 64456641.762999997, 
        "3": 86607009.877000004, 
        "4": 63584203.924999997, 
        "5": 71197740.417999998, 
        "6": 88910975.674999997, 
        "7": 76999416.718999997, 
        "8": 69590720.872999996, 
        "9": 58724371.828000002
    }, 
    "averaged_NPV": 68133843.058499992
}