{
    "std": 13084922.931500925, 
    "raw_results": {
        "0": 43564328.456, 
        "1": 60458548.928999998, 
        "2": 67201048.069999993, 
        "3": 87787622.908000007, 
        "4": 65274173.876999997, 
        "5": 72366859.246999994, 
        "6": 90368669.368000001, 
        "7": 78239134.561000004, 
        "8": 71427211.684, 
        "9": 60728337.644000001
    }, 
    "averaged_NPV": 69741593.474399999
}