{
    "std": 13102972.654208403, 
    "raw_results": {
        "0": 39915435.402999997, 
        "1": 56264725.340999998, 
        "2": 62248707.424000002, 
        "3": 83385562.612000003, 
        "4": 60803380.880999997, 
        "5": 68316386.493000001, 
        "6": 85631773.722000003, 
        "7": 73934870.540999994, 
        "8": 66317027.351999998, 
        "9": 53602147.287
    }, 
    "averaged_NPV": 65042001.705600001
}