{
    "std": 12286357.317053461, 
    "raw_results": {
        "0": 21710410.186999999, 
        "1": 35940369.682999998, 
        "2": 39323678.577, 
        "3": 62955212.898999996, 
        "4": 39042561.829000004, 
        "5": 48564270.548, 
        "6": 61827778.18, 
        "7": 52616958.707000002, 
        "8": 42883106.219999999, 
        "9": 32665696.579
    }, 
    "averaged_NPV": 43753004.340900004
}