{
    "std": 13059484.00633564, 
    "raw_results": {
        "0": 40525917.729000002, 
        "1": 56688203.633000001, 
        "2": 62441531.247000001, 
        "3": 83793709.894999996, 
        "4": 61108536.402000003, 
        "5": 68553158.715000004, 
        "6": 86001529.677000001, 
        "7": 74213996.645999998, 
        "8": 66558559.438000001, 
        "9": 53910960.655000001
    }, 
    "averaged_NPV": 65379610.403699994
}