{
    "std": 13161893.42649422, 
    "raw_results": {
        "0": 41951027.163000003, 
        "1": 58441422.215000004, 
        "2": 63794616.092, 
        "3": 86083843.689999998, 
        "4": 62886449.439000003, 
        "5": 70612562.498999998, 
        "6": 88428952.022, 
        "7": 76348824.269999996, 
        "8": 68855919.199000001, 
        "9": 58047821.943999998
    }, 
    "averaged_NPV": 67545143.853300005
}