{
    "std": 12993470.807065297, 
    "raw_results": {
        "0": 40798334.932999998, 
        "1": 57388563.548, 
        "2": 62913946.851999998, 
        "3": 84745523.784999996, 
        "4": 61884963.566, 
        "5": 69325327.598000005, 
        "6": 86780494.655000001, 
        "7": 74854181.721000001, 
        "8": 67277561.157000005, 
        "9": 57100732.056999996
    }, 
    "averaged_NPV": 66306962.987200007
}