{
    "std": 12959915.761260061, 
    "raw_results": {
        "0": 41193585.568000004, 
        "1": 57488929.571000002, 
        "2": 63175075.836000003, 
        "3": 84800725.968999997, 
        "4": 62153384.446000002, 
        "5": 69448428.822999999, 
        "6": 87041934.613999993, 
        "7": 75169015.061000004, 
        "8": 67593393.143999994, 
        "9": 57220351.469999999
    }, 
    "averaged_NPV": 66528482.450200006
}