{
    "std": 13127405.726206133, 
    "raw_results": {
        "0": 38727148.207999997, 
        "1": 52838817.572999999, 
        "2": 58211361.473999999, 
        "3": 81371894.128000006, 
        "4": 56806563.553000003, 
        "5": 66707558.847000003, 
        "6": 83608809.897, 
        "7": 71958267.130999997, 
        "8": 62126658.604000002, 
        "9": 52254202.894000001
    }, 
    "averaged_NPV": 62461128.230900005
}