{
    "std": 13142443.724516531, 
    "raw_results": {
        "0": 38995705.145000003, 
        "1": 52998691.277999997, 
        "2": 58566389.598999999, 
        "3": 81874624.128000006, 
        "4": 59595956.872000001, 
        "5": 67012090.864, 
        "6": 83972978.886999995, 
        "7": 72679076.960999995, 
        "8": 65839656.476000004, 
        "9": 52630132.380000003
    }, 
    "averaged_NPV": 63416530.258999988
}