{
    "std": 13096915.354326578, 
    "raw_results": {
        "0": 40104674.519000001, 
        "1": 56295321.053000003, 
        "2": 62135060.131999999, 
        "3": 83680583.976999998, 
        "4": 60747269.575999998, 
        "5": 68207740.802000001, 
        "6": 85742567.291999996, 
        "7": 73761239.865999997, 
        "8": 66118273.509999998, 
        "9": 53776618.394000001
    }, 
    "averaged_NPV": 65056934.912100002
}