{
    "std": 13284981.162002388, 
    "raw_results": {
        "0": 40044562.816, 
        "1": 54846308.384999998, 
        "2": 59590077.350000001, 
        "3": 83440270.443000004, 
        "4": 58817597.048, 
        "5": 68046202.518000007, 
        "6": 85481360.047999993, 
        "7": 73637307.305999994, 
        "8": 67230170.188999996, 
        "9": 53786569.910999998
    }, 
    "averaged_NPV": 64492042.601399995
}