{
    "std": 12932753.239414189, 
    "raw_results": {
        "0": 44406680.544, 
        "1": 61950244.638999999, 
        "2": 68076874.061000004, 
        "3": 88631250.658000007, 
        "4": 66411904.835000001, 
        "5": 72928037.651999995, 
        "6": 90762477.944000006, 
        "7": 78659006.297000006, 
        "8": 73065894.376000002, 
        "9": 61673687.537
    }, 
    "averaged_NPV": 70656605.854299992
}