{
    "std": 13089812.197629131, 
    "raw_results": {
        "0": 37296332.927000001, 
        "1": 52207631.921999998, 
        "2": 57716485.792000003, 
        "3": 80414021.463, 
        "4": 56319263.806000002, 
        "5": 66203255.067000002, 
        "6": 82441051.593999997, 
        "7": 71355813.321999997, 
        "8": 61418913.756999999, 
        "9": 52265542.673
    }, 
    "averaged_NPV": 61763831.232299998
}