{
    "std": 12934530.835633097, 
    "raw_results": {
        "0": 40193125.909000002, 
        "1": 56260461.042000003, 
        "2": 62073417.479000002, 
        "3": 83201338.349000007, 
        "4": 60696003.515000001, 
        "5": 68038441.996999994, 
        "6": 85302591.930000007, 
        "7": 73673260.334999993, 
        "8": 66183183.674000002, 
        "9": 53825917.983999997
    }, 
    "averaged_NPV": 64944774.2214
}