{
    "std": 12944390.079734715, 
    "raw_results": {
        "0": 42533946.248999998, 
        "1": 59381934.266999997, 
        "2": 65721339.166000001, 
        "3": 86237630.627000004, 
        "4": 64273375.987000003, 
        "5": 70921207.725999996, 
        "6": 88784473.662, 
        "7": 76766937.280000001, 
        "8": 70403394.841999993, 
        "9": 59077589.642999999
    }, 
    "averaged_NPV": 68410182.944900006
}