{
    "std": 13126060.651284166, 
    "raw_results": {
        "0": 38409199.781000003, 
        "1": 52638714.579999998, 
        "2": 57927185.796999998, 
        "3": 81005606.678000003, 
        "4": 56526126.971000001, 
        "5": 66599104.594999999, 
        "6": 83154115.993000001, 
        "7": 71877243.994000003, 
        "8": 61846638.322999999, 
        "9": 51749171.399999999
    }, 
    "averaged_NPV": 62173310.8112
}