{
    "std": 13063109.318716189, 
    "raw_results": {
        "0": 40512245.228, 
        "1": 56783195.579000004, 
        "2": 62456204.780000001, 
        "3": 83824798.135000005, 
        "4": 61235611.995999999, 
        "5": 68648957.743000001, 
        "6": 86036301.693000004, 
        "7": 74261104.834000006, 
        "8": 66707470.011, 
        "9": 53967816.042000003
    }, 
    "averaged_NPV": 65443370.604100004
}