{
    "std": 12947396.137237066, 
    "raw_results": {
        "0": 36376640.104000002, 
        "1": 51574441.945, 
        "2": 56494019.614, 
        "3": 79353179.343999997, 
        "4": 55689091.248000003, 
        "5": 62941619.766000003, 
        "6": 82073108.184, 
        "7": 67897464.018999994, 
        "8": 61605244.175999999, 
        "9": 50866173.294
    }, 
    "averaged_NPV": 60487098.169400014
}