{
    "std": 12899390.303977398, 
    "raw_results": {
        "0": 22525356.386999998, 
        "1": 37043678.921999998, 
        "2": 40031132.789999999, 
        "3": 64222468.465000004, 
        "4": 39779014.097000003, 
        "5": 49243196.351000004, 
        "6": 66000179.114, 
        "7": 53630416.963, 
        "8": 43714714.902999997, 
        "9": 33211619.421
    }, 
    "averaged_NPV": 44940177.741300002
}