{
    "std": 13429309.105985997, 
    "raw_results": {
        "0": 37645733.067000002, 
        "1": 52626133.876999997, 
        "2": 58175457.642999999, 
        "3": 82009519.921000004, 
        "4": 59107041.108999997, 
        "5": 66695841.673, 
        "6": 84001699.294, 
        "7": 72259179.745000005, 
        "8": 65294785.763999999, 
        "9": 52631528.620999999
    }, 
    "averaged_NPV": 63044692.071400002
}