{
    "std": 12982105.378081309, 
    "raw_results": {
        "0": 42800015.181000002, 
        "1": 59771238.116999999, 
        "2": 65879089.560000002, 
        "3": 86867929.386999995, 
        "4": 64118267.465000004, 
        "5": 71227651.75, 
        "6": 89081938.362000003, 
        "7": 76949273.994000003, 
        "8": 70245322.306999996, 
        "9": 59558378.505999997
    }, 
    "averaged_NPV": 68649910.462900013
}