{
    "std": 12999906.801122935, 
    "raw_results": {
        "0": 40085644.127999999, 
        "1": 56201720.061999999, 
        "2": 62069187.620999999, 
        "3": 83231124.406000003, 
        "4": 60554361.953000002, 
        "5": 67993125.892000005, 
        "6": 85481360.047999993, 
        "7": 73630686.880999997, 
        "8": 66046271.281000003, 
        "9": 53722494.398999996
    }, 
    "averaged_NPV": 64901597.667099997
}