{
    "std": 13063381.486755148, 
    "raw_results": {
        "0": 41324192.817000002, 
        "1": 57824702.420000002, 
        "2": 63425756.648999996, 
        "3": 85274585.157000005, 
        "4": 62486753.354000002, 
        "5": 70074325.099999994, 
        "6": 87477246.5, 
        "7": 75776815.285999998, 
        "8": 68104765.395999998, 
        "9": 57565846.259000003
    }, 
    "averaged_NPV": 66933498.893799998
}