{
    "std": 13141085.828445835, 
    "raw_results": {
        "0": 38355093.827, 
        "1": 52638714.579999998, 
        "2": 57927185.796999998, 
        "3": 81037285.228, 
        "4": 56526126.971000001, 
        "5": 66599104.594999999, 
        "6": 83154115.993000001, 
        "7": 71886413.901999995, 
        "8": 61846638.322999999, 
        "9": 51749171.399999999
    }, 
    "averaged_NPV": 62171985.061600007
}