{
    "std": 13357529.316546371, 
    "raw_results": {
        "0": 40569968.489, 
        "1": 55107941.370999999, 
        "2": 63086151.989, 
        "3": 84483872.113999993, 
        "4": 59326924.979000002, 
        "5": 68841911.553000003, 
        "6": 86324619.187000006, 
        "7": 74349866.316, 
        "8": 67919428.708000004, 
        "9": 54480352.957999997
    }, 
    "averaged_NPV": 65449103.766400002
}