{
    "std": 12465952.48784986, 
    "raw_results": {
        "0": 23470672.714000002, 
        "1": 36648715.626999997, 
        "2": 39871843.148000002, 
        "3": 63756639.961000003, 
        "4": 39572866.295999996, 
        "5": 49091736.476000004, 
        "6": 65765534.556999996, 
        "7": 52968912.615000002, 
        "8": 43505590.829999998, 
        "9": 35024812.446000002
    }, 
    "averaged_NPV": 44967732.466999993
}