{
    "std": 13158391.419868767, 
    "raw_results": {
        "0": 40698306.512000002, 
        "1": 56884485.778999999, 
        "2": 62600329.516000003, 
        "3": 84286251.437000006, 
        "4": 61554125.626000002, 
        "5": 68960697.986000001, 
        "6": 86476398.838, 
        "7": 74614559.490999997, 
        "8": 66970498.112999998, 
        "9": 54166580.155000001
    }, 
    "averaged_NPV": 65721223.345299996
}