{
    "std": 13134012.08036528, 
    "raw_results": {
        "0": 39694663.410999998, 
        "1": 55549581.108999997, 
        "2": 59124079.762000002, 
        "3": 82843974.538000003, 
        "4": 59905798.103, 
        "5": 67510621.589000002, 
        "6": 85156300.626000002, 
        "7": 73362194.619000003, 
        "8": 65776320.460000001, 
        "9": 53185356.101000004
    }, 
    "averaged_NPV": 64210889.031799994
}