{
    "std": 12885891.220929908, 
    "raw_results": {
        "0": 44129561.291000001, 
        "1": 61751031.674999997, 
        "2": 67580086.377000004, 
        "3": 88219381.059, 
        "4": 66145193.413999997, 
        "5": 72527971.348000005, 
        "6": 90351330.417999998, 
        "7": 78262218.273000002, 
        "8": 72584647.101999998, 
        "9": 61295181.761
    }, 
    "averaged_NPV": 70284660.271800011
}