{
    "std": 13189664.956749881, 
    "raw_results": {
        "0": 43996917.480999999, 
        "1": 60846946.545999996, 
        "2": 67657963.592999995, 
        "3": 88623645.207000002, 
        "4": 66144115.523000002, 
        "5": 72813114.187999994, 
        "6": 91074480.687000006, 
        "7": 78650880.481999993, 
        "8": 72563727.716000006, 
        "9": 61041858.009000003
    }, 
    "averaged_NPV": 70341364.943199992
}