{
    "std": 13277009.985349739, 
    "raw_results": {
        "0": 40036267.425999999, 
        "1": 55083219.042000003, 
        "2": 59593739.181999996, 
        "3": 83561011.622999996, 
        "4": 59000674.641999997, 
        "5": 68532343.180000007, 
        "6": 85481360.047999993, 
        "7": 73757147.630999997, 
        "8": 67286224.128000006, 
        "9": 54094604.480999999
    }, 
    "averaged_NPV": 64642659.138299987
}