{
    "std": 12992660.560125219, 
    "raw_results": {
        "0": 43004156.142999999, 
        "1": 60025814.399999999, 
        "2": 66561399.149999999, 
        "3": 87110181.606000006, 
        "4": 64911891.074000001, 
        "5": 71756258.409999996, 
        "6": 89543782.377000004, 
        "7": 77551522.777999997, 
        "8": 70853070.364999995, 
        "9": 60328265.991999999
    }, 
    "averaged_NPV": 69164634.229499996
}