{
    "std": 12982572.302359184, 
    "raw_results": {
        "0": 36073814.171999998, 
        "1": 51303860.838, 
        "2": 55947800.971000001, 
        "3": 78825089.583000004, 
        "4": 55393396.659999996, 
        "5": 62660057.766999997, 
        "6": 82234411.886000007, 
        "7": 67446025.429000005, 
        "8": 60964059.511, 
        "9": 50631810.506999999
    }, 
    "averaged_NPV": 60148032.7324
}