{
    "std": 13174103.186309859, 
    "raw_results": {
        "0": 41918492.557999998, 
        "1": 58814893.037, 
        "2": 64637652.828000002, 
        "3": 85750531.157000005, 
        "4": 63104764.336999997, 
        "5": 70076598.897, 
        "6": 88004656.113999993, 
        "7": 75955991.659999996, 
        "8": 69393333.283000007, 
        "9": 55529496.802000001
    }, 
    "averaged_NPV": 67318641.067299992
}