{
    "std": 13030437.592921993, 
    "raw_results": {
        "0": 39298378.743000001, 
        "1": 55677941.796999998, 
        "2": 59094462.152000003, 
        "3": 82390072.495000005, 
        "4": 60025548.682999998, 
        "5": 67610468.340000004, 
        "6": 84601251.591000006, 
        "7": 73107310.480000004, 
        "8": 65776051.82, 
        "9": 53185414.358999997
    }, 
    "averaged_NPV": 64076690.046000004
}