{
    "std": 13151178.558359694, 
    "raw_results": {
        "0": 40583149.652000003, 
        "1": 56943175.248999998, 
        "2": 62656956.155000001, 
        "3": 84320367.261000007, 
        "4": 61631938.660999998, 
        "5": 68940094.150000006, 
        "6": 86367508.820999995, 
        "7": 74595722.030000001, 
        "8": 67004735.559, 
        "9": 54254561.417000003
    }, 
    "averaged_NPV": 65729820.895500004
}