{
    "std": 12999625.572833471, 
    "raw_results": {
        "0": 43240029.616999999, 
        "1": 60708776.266000003, 
        "2": 66669645.958999999, 
        "3": 87427058.480000004, 
        "4": 65217921.505999997, 
        "5": 71877046.773000002, 
        "6": 89776575.585999995, 
        "7": 77704042.649000004, 
        "8": 71634580.211999997, 
        "9": 60189650.169
    }, 
    "averaged_NPV": 69444532.721700013
}