{
    "std": 13164469.271064438, 
    "raw_results": {
        "0": 40492283.344999999, 
        "1": 56897417.267999999, 
        "2": 62663609.741999999, 
        "3": 84251251.629999995, 
        "4": 61645999.949000001, 
        "5": 68980920.464000002, 
        "6": 86338860.941, 
        "7": 74639004.542999998, 
        "8": 67050198.743000001, 
        "9": 54216890.446000002
    }, 
    "averaged_NPV": 65717643.707099997
}