{
    "std": 12899304.46197908, 
    "raw_results": {
        "0": 22435545.453000002, 
        "1": 36419008.803999998, 
        "2": 39735902.737000003, 
        "3": 63619081.439000003, 
        "4": 39500985.226999998, 
        "5": 48967096.744000003, 
        "6": 66057642.294, 
        "7": 53316667.609999999, 
        "8": 43403265.236000001, 
        "9": 32876492.517999999
    }, 
    "averaged_NPV": 44633168.806199998
}