{
    "std": 13005168.320086246, 
    "raw_results": {
        "0": 44474081.682999998, 
        "1": 62130798.840999998, 
        "2": 68179688.983999997, 
        "3": 88876182.818000004, 
        "4": 66627865.692000002, 
        "5": 73115917.603, 
        "6": 91176410.062999994, 
        "7": 78895155.516000003, 
        "8": 73078118.169, 
        "9": 61808663.704000004
    }, 
    "averaged_NPV": 70836288.307300001
}