{
    "std": 13200290.59286602, 
    "raw_results": {
        "0": 40568854.225000001, 
        "1": 57021423.648000002, 
        "2": 62729963.25, 
        "3": 84353537.138999999, 
        "4": 61708670.391000003, 
        "5": 69034852.836999997, 
        "6": 86627287.555000007, 
        "7": 74719821.285999998, 
        "8": 67097172.281000003, 
        "9": 54270886.381999999
    }, 
    "averaged_NPV": 65813246.899399996
}