{
    "std": 13010639.92895562, 
    "raw_results": {
        "0": 40802368.222999997, 
        "1": 57445289.502999999, 
        "2": 63014042.711999997, 
        "3": 84767623.627000004, 
        "4": 62011851.935000002, 
        "5": 69440833.697999999, 
        "6": 86908612.835999995, 
        "7": 74969828.248999998, 
        "8": 67458091.648000002, 
        "9": 57189115.421999998
    }, 
    "averaged_NPV": 66400765.785300002
}