{
    "std": 13262319.17278338, 
    "raw_results": {
        "0": 39263263.296999998, 
        "1": 54074495.816, 
        "2": 58627774.019000001, 
        "3": 82763184.996999994, 
        "4": 58083169.674999997, 
        "5": 67918176.743000001, 
        "6": 84337321.850999996, 
        "7": 72792626.019999996, 
        "8": 66328373.251000002, 
        "9": 52970059.005000003
    }, 
    "averaged_NPV": 63715844.467399999
}