{
    "std": 13136474.473769525, 
    "raw_results": {
        "0": 41436104.412, 
        "1": 58336175.564000003, 
        "2": 64121675.450999998, 
        "3": 85258100.603, 
        "4": 62597201.501999997, 
        "5": 69651237.909999996, 
        "6": 87427428.534999996, 
        "7": 75332839.680000007, 
        "8": 68844607.310000002, 
        "9": 55199924.395999998
    }, 
    "averaged_NPV": 66820529.536300004
}