{
    "std": 13127711.829905981, 
    "raw_results": {
        "0": 36435518.153999999, 
        "1": 52011015.034999996, 
        "2": 56570215.559, 
        "3": 79604876.400999993, 
        "4": 56048848.185999997, 
        "5": 66076114.431000002, 
        "6": 81686302.637999997, 
        "7": 70849689.258000001, 
        "8": 61232006.909999996, 
        "9": 51081892.630000003
    }, 
    "averaged_NPV": 61159647.920200005
}