{
    "std": 13013444.944712436, 
    "raw_results": {
        "0": 43716515.751999997, 
        "1": 60888670.408, 
        "2": 67152699.975999996, 
        "3": 87879451.076000005, 
        "4": 65660578.876000002, 
        "5": 72304690.055000007, 
        "6": 90245421.127000004, 
        "7": 78128770.181999996, 
        "8": 72065401.895999998, 
        "9": 60635679.623000003
    }, 
    "averaged_NPV": 69867787.897100002
}