{
    "std": 13031694.18355052, 
    "raw_results": {
        "0": 41231689.159999996, 
        "1": 57799123.700000003, 
        "2": 63271902.707000002, 
        "3": 85119233.978, 
        "4": 62224563.068999998, 
        "5": 69819085.489999995, 
        "6": 87400552.432999998, 
        "7": 75390327.483999997, 
        "8": 67855761.607999995, 
        "9": 57519516.383000001
    }, 
    "averaged_NPV": 66763175.601200007
}