{
    "std": 13026623.690299185, 
    "raw_results": {
        "0": 40190941.449000001, 
        "1": 56331718.667000003, 
        "2": 62255381.950000003, 
        "3": 83433132.488000005, 
        "4": 60817009.300999999, 
        "5": 68278292.613000005, 
        "6": 85614834.817000002, 
        "7": 73882465.378000006, 
        "8": 66291744.370999999, 
        "9": 53806874.097000003
    }, 
    "averaged_NPV": 65090239.513100013
}