{
    "std": 12605120.959367018, 
    "raw_results": {
        "0": 22287438.431000002, 
        "1": 36138313.174000002, 
        "2": 39734076.270000003, 
        "3": 63517508.520000003, 
        "4": 39218347.465000004, 
        "5": 49108427.644000001, 
        "6": 65069731.427000001, 
        "7": 52934400.473999999, 
        "8": 43386925.954999998, 
        "9": 34667253.391999997
    }, 
    "averaged_NPV": 44606242.275199994
}