{
    "std": 13021824.751511775, 
    "raw_results": {
        "0": 40104674.519000001, 
        "1": 56295321.053000003, 
        "2": 62135060.131999999, 
        "3": 83370529.303000003, 
        "4": 60747269.575999998, 
        "5": 68111981.518000007, 
        "6": 85565047.773000002, 
        "7": 73748726.185000002, 
        "8": 66118273.509999998, 
        "9": 53776618.394000001
    }, 
    "averaged_NPV": 64997350.196300007
}