{
    "std": 13145624.319120469, 
    "raw_results": {
        "0": 40967501.817000002, 
        "1": 57239643.217, 
        "2": 62867910.392999999, 
        "3": 85035712.331, 
        "4": 62070140.200999998, 
        "5": 69735021.828999996, 
        "6": 87289835.118000001, 
        "7": 75433415.129999995, 
        "8": 67538225.927000001, 
        "9": 56988970.061999999
    }, 
    "averaged_NPV": 66516637.602500007
}