{
    "std": 13287616.06535816, 
    "raw_results": {
        "0": 42646885.476999998, 
        "1": 59322317.053000003, 
        "2": 64919603.846000001, 
        "3": 87130978.004999995, 
        "4": 64022428.691, 
        "5": 71684816.640000001, 
        "6": 89561937.577999994, 
        "7": 77573948.066, 
        "8": 70119862.762999997, 
        "9": 58785931.832000002
    }, 
    "averaged_NPV": 68576870.995099992
}