{
    "std": 13324108.9700763, 
    "raw_results": {
        "0": 40076149.685999997, 
        "1": 54855388.625, 
        "2": 59640775.965999998, 
        "3": 83721832.063999996, 
        "4": 58823599.594999999, 
        "5": 68166389.421000004, 
        "6": 85570034.763999999, 
        "7": 73669020.008000001, 
        "8": 67230170.188999996, 
        "9": 53936033.372000001
    }, 
    "averaged_NPV": 64568939.368999995
}