{
    "std": 13129013.653104251, 
    "raw_results": {
        "0": 40904408.652000003, 
        "1": 57037604.136, 
        "2": 62729963.25, 
        "3": 84340667.876000002, 
        "4": 61711530.457000002, 
        "5": 69034852.836999997, 
        "6": 86612574.002000004, 
        "7": 74705889.968999997, 
        "8": 67097172.281000003, 
        "9": 54283108.707000002
    }, 
    "averaged_NPV": 65845777.216700003
}