{
    "std": 12658460.003174054, 
    "raw_results": {
        "0": 22748278.374000002, 
        "1": 37064363.544, 
        "2": 40269107.799000002, 
        "3": 64226535.259999998, 
        "4": 40085638.237000003, 
        "5": 49112372.794, 
        "6": 66028384.438000001, 
        "7": 53724693.386, 
        "8": 43664332.333999999, 
        "9": 35428931.608000003
    }, 
    "averaged_NPV": 45235263.777399994
}