{
    "std": 12918475.3002539, 
    "raw_results": {
        "0": 36747346.858999997, 
        "1": 51590510.071999997, 
        "2": 56831271.144000001, 
        "3": 79702227.532000005, 
        "4": 55524492.597000003, 
        "5": 65450422.233999997, 
        "6": 81127264.980000004, 
        "7": 70087854.321999997, 
        "8": 60860168.145999998, 
        "9": 51645611.137000002
    }, 
    "averaged_NPV": 60956716.9023
}