{
    "std": 13323939.947711244, 
    "raw_results": {
        "0": 37679729.645000003, 
        "1": 52840747.747000001, 
        "2": 58370496.461999997, 
        "3": 81683488.794, 
        "4": 56725271.722000003, 
        "5": 66680766.851999998, 
        "6": 83670800.305000007, 
        "7": 71896781.756999999, 
        "8": 62037661.803999998, 
        "9": 52837773.219999999
    }, 
    "averaged_NPV": 62442351.830800012
}