{
    "std": 13064243.026967628, 
    "raw_results": {
        "0": 41303293.097999997, 
        "1": 57846480.535999998, 
        "2": 63429044.038000003, 
        "3": 85274585.157000005, 
        "4": 62490755.278999999, 
        "5": 70074325.099999994, 
        "6": 87477246.5, 
        "7": 75776815.285999998, 
        "8": 68104765.395999998, 
        "9": 57586729.060000002
    }, 
    "averaged_NPV": 66936403.945000008
}