{
    "std": 13123566.554474661, 
    "raw_results": {
        "0": 40958062.758000001, 
        "1": 58039141.251999997, 
        "2": 63702529.880000003, 
        "3": 84814914.847000003, 
        "4": 62285236.821000002, 
        "5": 69333516.311000004, 
        "6": 87030064.441, 
        "7": 74969105.664000005, 
        "8": 68611867.785999998, 
        "9": 55028985.862000003
    }, 
    "averaged_NPV": 66477342.562199995
}