{
    "std": 13151429.241601601, 
    "raw_results": {
        "0": 41684128.781999998, 
        "1": 58146885.324000001, 
        "2": 63272953.045999996, 
        "3": 85834838.548999995, 
        "4": 62417924.619000003, 
        "5": 70235764.379999995, 
        "6": 88022169.003000006, 
        "7": 75929713.547999993, 
        "8": 68410041.471000001, 
        "9": 57681715.247000001
    }, 
    "averaged_NPV": 67163613.396899998
}