{
    "std": 13164146.937250158, 
    "raw_results": {
        "0": 41961340.162, 
        "1": 58481795.314999998, 
        "2": 63866434.333999999, 
        "3": 85900630.593999997, 
        "4": 63015367.759000003, 
        "5": 70672338.116999999, 
        "6": 88586854.378999993, 
        "7": 76482646.170000002, 
        "8": 68955373.797000006, 
        "9": 58009986.545000002
    }, 
    "averaged_NPV": 67593276.717199996
}