{
    "std": 13029424.72532009, 
    "raw_results": {
        "0": 39851584.038000003, 
        "1": 56645883.012999997, 
        "2": 62265410.370999999, 
        "3": 83527530.078999996, 
        "4": 60967120.281999998, 
        "5": 68285189.419, 
        "6": 85381535.560000002, 
        "7": 73747864.898000002, 
        "8": 66508743.093999997, 
        "9": 53885757.748999998
    }, 
    "averaged_NPV": 65106661.850299999
}