{
    "std": 13040556.683746457, 
    "raw_results": {
        "0": 40957087.829999998, 
        "1": 57144434.696000002, 
        "2": 62745607.379000001, 
        "3": 84750608.217999995, 
        "4": 61958976.351000004, 
        "5": 69590354.241999999, 
        "6": 86867602.266000003, 
        "7": 75254218.459000006, 
        "8": 67511579.033999994, 
        "9": 56965787.663999997
    }, 
    "averaged_NPV": 66374625.613900006
}