{
    "std": 13210650.773545804, 
    "raw_results": {
        "0": 37428464.405000001, 
        "1": 52610956.726999998, 
        "2": 57940560.530000001, 
        "3": 81149238.206, 
        "4": 56435106.721000001, 
        "5": 66476004.538000003, 
        "6": 82982938.790000007, 
        "7": 71622719.285999998, 
        "8": 61678562.149999999, 
        "9": 52713056.956
    }, 
    "averaged_NPV": 62103760.830899999
}