{
    "std": 13166946.862559889, 
    "raw_results": {
        "0": 40524147.936999999, 
        "1": 56915516.82, 
        "2": 62650318.825000003, 
        "3": 84320367.261000007, 
        "4": 61628657.888999999, 
        "5": 68940094.150000006, 
        "6": 86367508.820999995, 
        "7": 74602378.265000001, 
        "8": 67004735.559, 
        "9": 54232461.983999997
    }, 
    "averaged_NPV": 65718618.751099989
}