{
    "std": 13022860.237513501, 
    "raw_results": {
        "0": 43459315.656999998, 
        "1": 60187496.030000001, 
        "2": 66514980.107000001, 
        "3": 87544106.069999993, 
        "4": 65043835.278999999, 
        "5": 72094440.522, 
        "6": 89950792.324000001, 
        "7": 77907446.876000002, 
        "8": 71135550.406000003, 
        "9": 60642677.505999997
    }, 
    "averaged_NPV": 69448064.077700004
}