{
    "std": 13335734.079219753, 
    "raw_results": {
        "0": 36286303.513999999, 
        "1": 51839695.630999997, 
        "2": 56879846.784000002, 
        "3": 80208184.777999997, 
        "4": 55880459.145999998, 
        "5": 65876206.177000001, 
        "6": 82130754.753000006, 
        "7": 71226167.137999997, 
        "8": 61068064.046999998, 
        "9": 51132171.722999997
    }, 
    "averaged_NPV": 61252785.369100012
}