{
    "std": 13055130.925292216, 
    "raw_results": {
        "0": 38204708.064999998, 
        "1": 52117953.413999997, 
        "2": 57376475.169, 
        "3": 80324712.486000001, 
        "4": 56203930.305, 
        "5": 66210817.928000003, 
        "6": 82597911.437000006, 
        "7": 71594756.009000003, 
        "8": 61520239.958999999, 
        "9": 51224031.195
    }, 
    "averaged_NPV": 61737553.596700013
}