{
    "std": 13078327.832760265, 
    "raw_results": {
        "0": 41303293.097999997, 
        "1": 57846480.535999998, 
        "2": 63429044.038000003, 
        "3": 85351807.848000005, 
        "4": 62490755.278999999, 
        "5": 70093504.965000004, 
        "6": 87487415.150999993, 
        "7": 75794154.294, 
        "8": 68104765.395999998, 
        "9": 57586729.060000002
    }, 
    "averaged_NPV": 66948794.966499999
}