{
    "std": 13111672.01799104, 
    "raw_results": {
        "0": 40804051.571000002, 
        "1": 56900147.482000001, 
        "2": 62530160.571999997, 
        "3": 84162154.375, 
        "4": 61519212.799999997, 
        "5": 68929226.245000005, 
        "6": 86398490.076000005, 
        "7": 74558263.386999995, 
        "8": 66824669.969999999, 
        "9": 54082981.806999996
    }, 
    "averaged_NPV": 65670935.82850001
}