{
    "std": 13001750.208260484, 
    "raw_results": {
        "0": 39476592.417999998, 
        "1": 56306031.226999998, 
        "2": 61867263.939999998, 
        "3": 83016532.715000004, 
        "4": 60235164.627999999, 
        "5": 67708310.886000007, 
        "6": 84931638.868000001, 
        "7": 73280379.003000006, 
        "8": 65929613.677000001, 
        "9": 53435737.112999998
    }, 
    "averaged_NPV": 64618726.447500013
}