{
    "std": 13066460.279613549, 
    "raw_results": {
        "0": 40245961.307999998, 
        "1": 56758794.638999999, 
        "2": 62543170.788000003, 
        "3": 83568793.412, 
        "4": 61276104.609999999, 
        "5": 68581920.577000007, 
        "6": 85993139.653999999, 
        "7": 74291791.989999995, 
        "8": 66862297.876999997, 
        "9": 54031061.958999999
    }, 
    "averaged_NPV": 65415303.681400001
}