{
    "std": 13168854.188181879, 
    "raw_results": {
        "0": 40512095.049000002, 
        "1": 55154796.68, 
        "2": 63074880.733000003, 
        "3": 84132911.613000005, 
        "4": 61542886.299999997, 
        "5": 68567989.170000002, 
        "6": 86071984.848000005, 
        "7": 74086500.349999994, 
        "8": 67715700.827000007, 
        "9": 54418729.696000002
    }, 
    "averaged_NPV": 65527847.526600003
}