{
    "std": 11704708.975946566, 
    "raw_results": {
        "0": 21514956.932999998, 
        "1": 35622858.292000003, 
        "2": 38779645.332000002, 
        "3": 60140365.596000001, 
        "4": 38656737.814999998, 
        "5": 47888880.792000003, 
        "6": 60440415.022, 
        "7": 51912847.963, 
        "8": 42327863.254000001, 
        "9": 32249781.460000001
    }, 
    "averaged_NPV": 42953435.245899998
}