{
    "std": 13073127.48174441, 
    "raw_results": {
        "0": 36504802.368000001, 
        "1": 51169522.063000001, 
        "2": 56701176.078000002, 
        "3": 79752368.834999993, 
        "4": 55433751.979000002, 
        "5": 65518645.156000003, 
        "6": 81346830.805000007, 
        "7": 70072862.385000005, 
        "8": 60811601.923, 
        "9": 51266685.479000002
    }, 
    "averaged_NPV": 60857824.707099997
}