{
    "std": 12985819.031112552, 
    "raw_results": {
        "0": 37265661.120999999, 
        "1": 54473198.704000004, 
        "2": 60122159.769000001, 
        "3": 81202346.538000003, 
        "4": 58655020.578000002, 
        "5": 65880666.428000003, 
        "6": 82897381.838, 
        "7": 71307261.371000007, 
        "8": 64342556.644000001, 
        "9": 52130498.784000002
    }, 
    "averaged_NPV": 62827675.17750001
}