{
    "std": 13268165.95520366, 
    "raw_results": {
        "0": 39985886.094999999, 
        "1": 55074138.990999997, 
        "2": 59587113.278999999, 
        "3": 83507657.144999996, 
        "4": 58990360.067000002, 
        "5": 68519231.694999993, 
        "6": 85418102.822999999, 
        "7": 73731386.600999996, 
        "8": 67268120.885000005, 
        "9": 54088240.858000003
    }, 
    "averaged_NPV": 64617023.84390001
}