{
    "std": 13014560.613345345, 
    "raw_results": {
        "0": 39452302.604000002, 
        "1": 55721037.086999997, 
        "2": 59103380.126999997, 
        "3": 82547028.511999995, 
        "4": 60040604.799999997, 
        "5": 67638649.974000007, 
        "6": 84601251.591000006, 
        "7": 73132471.200000003, 
        "8": 65776051.82, 
        "9": 53277592.777999997
    }, 
    "averaged_NPV": 64129037.0493
}