{
    "std": 13119746.758728186, 
    "raw_results": {
        "0": 40164687.958999999, 
        "1": 56678053.387000002, 
        "2": 62499529.821999997, 
        "3": 83794730.194000006, 
        "4": 61198961.077, 
        "5": 68615492.547999993, 
        "6": 85955183.508000001, 
        "7": 74264344.731999993, 
        "8": 66767980.495999999, 
        "9": 53969577.158
    }, 
    "averaged_NPV": 65390854.088100001
}