{
    "std": 13117190.040217312, 
    "raw_results": {
        "0": 41588056.370999999, 
        "1": 58272514.832999997, 
        "2": 63431504.945, 
        "3": 85583583.898000002, 
        "4": 62520937.130999997, 
        "5": 70277339.925999999, 
        "6": 88004656.113999993, 
        "7": 75945657.228, 
        "8": 68450124.522, 
        "9": 57684934.004000001
    }, 
    "averaged_NPV": 67175930.897199988
}