{
    "std": 13121602.026543781, 
    "raw_results": {
        "0": 37357498.685999997, 
        "1": 52250147.239, 
        "2": 57734267.840999998, 
        "3": 80761250.033999994, 
        "4": 56340861.659999996, 
        "5": 66225652.082000002, 
        "6": 82441051.593999997, 
        "7": 71396795.672999993, 
        "8": 61422108.965999998, 
        "9": 52345142.990000002
    }, 
    "averaged_NPV": 61827477.6765
}