{
    "std": 13112499.628052376, 
    "raw_results": {
        "0": 39722633.656000003, 
        "1": 55670233.832999997, 
        "2": 59258207.417999998, 
        "3": 82745184.819000006, 
        "4": 60086868.152999997, 
        "5": 67619872.437000006, 
        "6": 85212781.935000002, 
        "7": 73480604.626000002, 
        "8": 65957303.039999999, 
        "9": 53251673.611000001
    }, 
    "averaged_NPV": 64300536.352799989
}