{
    "std": 13203775.823440786, 
    "raw_results": {
        "0": 41944908.879000001, 
        "1": 58535843.785999998, 
        "2": 63962863.577, 
        "3": 86347495.436000004, 
        "4": 63041850.745999999, 
        "5": 70933389.961999997, 
        "6": 88481037.303000003, 
        "7": 76535174.631999999, 
        "8": 69001492.341000006, 
        "9": 58179681.233999997
    }, 
    "averaged_NPV": 67696373.789599985
}