{
    "std": 13073509.897968998, 
    "raw_results": {
        "0": 43075985.736000001, 
        "1": 59497758.244000003, 
        "2": 65964707.666000001, 
        "3": 87130978.004999995, 
        "4": 64495617.572999999, 
        "5": 71684816.640000001, 
        "6": 89561937.577999994, 
        "7": 77573948.066, 
        "8": 70529208.177000001, 
        "9": 59902415.843999997
    }, 
    "averaged_NPV": 68941737.352899998
}