{
    "std": 13007782.089749441, 
    "raw_results": {
        "0": 42907480.515000001, 
        "1": 59691590.813000001, 
        "2": 65998382.737999998, 
        "3": 86879636.476999998, 
        "4": 64628830.726000004, 
        "5": 71380507.332000002, 
        "6": 89285796.400999993, 
        "7": 77133765.562000006, 
        "8": 70935592.192000002, 
        "9": 59516099.035999998
    }, 
    "averaged_NPV": 68835768.179200009
}