{
    "std": 13064148.440494753, 
    "raw_results": {
        "0": 40528879.167000003, 
        "1": 56752241.614, 
        "2": 62448318.641999997, 
        "3": 83824798.135000005, 
        "4": 61232365.082000002, 
        "5": 68648957.743000001, 
        "6": 86036301.693000004, 
        "7": 74261104.834000006, 
        "8": 66707470.011, 
        "9": 53946519.262000002
    }, 
    "averaged_NPV": 65438695.618299998
}