{
    "std": 12947917.289412413, 
    "raw_results": {
        "0": 44759214.957000002, 
        "1": 62109988.829999998, 
        "2": 68234028.616999999, 
        "3": 88913832.442000002, 
        "4": 66648216.497000001, 
        "5": 73168379.589000002, 
        "6": 91211337.689999998, 
        "7": 78953457.723000005, 
        "8": 73134687.747999996, 
        "9": 62031394.211999997
    }, 
    "averaged_NPV": 70916453.830500007
}