{
    "std": 13206165.85863805, 
    "raw_results": {
        "0": 40465875.208999999, 
        "1": 55184583.810999997, 
        "2": 63041329.667999998, 
        "3": 83899930.478, 
        "4": 59168461.450000003, 
        "5": 68448988.631999999, 
        "6": 85911828.693000004, 
        "7": 74056970.528999999, 
        "8": 67639816.354000002, 
        "9": 54370175.963
    }, 
    "averaged_NPV": 65218796.078699991
}