{
    "std": 13085954.16154727, 
    "raw_results": {
        "0": 39191571.267999999, 
        "1": 53025695.802000001, 
        "2": 58535797.435999997, 
        "3": 81843701.435000002, 
        "4": 59683302.689000003, 
        "5": 67125993.261999995, 
        "6": 83972685.333000004, 
        "7": 72628078.684, 
        "8": 65809512.476999998, 
        "9": 52767230.516000003
    }, 
    "averaged_NPV": 63458356.890199997
}