{
    "std": 13523095.917777212, 
    "raw_results": {
        "0": 37333009.144000001, 
        "1": 53374515.230999999, 
        "2": 58273621.659999996, 
        "3": 81845238.092999995, 
        "4": 57800925.990999997, 
        "5": 67609054.267000005, 
        "6": 83948353.179000005, 
        "7": 73033726.997999996, 
        "8": 62848017.811999999, 
        "9": 52405536.619000003
    }, 
    "averaged_NPV": 62847199.899399996
}