{
    "std": 13148921.673675528, 
    "raw_results": {
        "0": 40087840.072999999, 
        "1": 56694127.479999997, 
        "2": 62449111.473999999, 
        "3": 83752391.818000004, 
        "4": 61234689.762000002, 
        "5": 68690920.561000004, 
        "6": 86027984.601999998, 
        "7": 74278370.973000005, 
        "8": 66737000.880000003, 
        "9": 53883852.722999997
    }, 
    "averaged_NPV": 65383629.034600005
}