{
    "std": 13233336.128969572, 
    "raw_results": {
        "0": 43404133.890000001, 
        "1": 60258632.082000002, 
        "2": 66424670.167999998, 
        "3": 87544106.069999993, 
        "4": 64941759.057999998, 
        "5": 71856107.130999997, 
        "6": 89950792.324000001, 
        "7": 77894640.092999995, 
        "8": 70915823.430999994, 
        "9": 57913506.713
    }, 
    "averaged_NPV": 69110417.096000001
}