{
    "std": 12935552.041485477, 
    "raw_results": {
        "0": 40214165.586000003, 
        "1": 56227810.697999999, 
        "2": 62063359.509000003, 
        "3": 83201338.349000007, 
        "4": 60688570.218999997, 
        "5": 68038441.996999994, 
        "6": 85302591.930000007, 
        "7": 73673260.334999993, 
        "8": 66183183.674000002, 
        "9": 53798235.516000003
    }, 
    "averaged_NPV": 64939095.781299993
}