{
    "std": 13063344.514017092, 
    "raw_results": {
        "0": 41922733.443000004, 
        "1": 58706639.428999998, 
        "2": 64610163.461999997, 
        "3": 85486954.806999996, 
        "4": 63261269.623000003, 
        "5": 70028181.158999994, 
        "6": 87664060.075000003, 
        "7": 75783103.191, 
        "8": 69464694.973000005, 
        "9": 55656257.136
    }, 
    "averaged_NPV": 67258405.729800016
}