{
    "std": 12979881.794623489, 
    "raw_results": {
        "0": 42854312.042999998, 
        "1": 60461873.787, 
        "2": 66244624.332999997, 
        "3": 87034265.672000006, 
        "4": 64878247.707999997, 
        "5": 71534432.626000002, 
        "6": 89327170.713, 
        "7": 77218564.159999996, 
        "8": 71149455.885000005, 
        "9": 59689026.387000002
    }, 
    "averaged_NPV": 69039197.331399992
}