{
    "std": 13098717.167123906, 
    "raw_results": {
        "0": 39322298.600000001, 
        "1": 52626133.876999997, 
        "2": 58172307.072999999, 
        "3": 81958546.415999994, 
        "4": 59103296.295000002, 
        "5": 66681361.818000004, 
        "6": 83939519.678000003, 
        "7": 72234499.450000003, 
        "8": 65275303.549999997, 
        "9": 52631528.620999999
    }, 
    "averaged_NPV": 63194479.537800014
}