{
    "std": 12855334.771989565, 
    "raw_results": {
        "0": 35571534.688000001, 
        "1": 50859639.173, 
        "2": 55663753.733999997, 
        "3": 78425814.819000006, 
        "4": 54532489.678000003, 
        "5": 61411526.163999997, 
        "6": 80213553.299999997, 
        "7": 68998823.089000002, 
        "8": 60239798.978, 
        "9": 50309790.920000002
    }, 
    "averaged_NPV": 59622672.454300001
}