{
    "std": 13213317.507748334, 
    "raw_results": {
        "0": 41629659.684, 
        "1": 58167012.842, 
        "2": 63687524.07, 
        "3": 85789316.123999998, 
        "4": 62730949.530000001, 
        "5": 70575315.613000005, 
        "6": 88302897.182999998, 
        "7": 76372952.541999996, 
        "8": 68621398.767000005, 
        "9": 57714604.251000002
    }, 
    "averaged_NPV": 67359163.060600013
}