{
    "std": 12889167.975534126, 
    "raw_results": {
        "0": 40495768.289999999, 
        "1": 56866639.950000003, 
        "2": 62271126.538000003, 
        "3": 83877757.405000001, 
        "4": 61500958.689999998, 
        "5": 69036131.325000003, 
        "6": 86079076.504999995, 
        "7": 74559514.056999996, 
        "8": 67003513.785999998, 
        "9": 56657869.869000003
    }, 
    "averaged_NPV": 65834835.641499996
}