{
    "std": 13036019.689119786, 
    "raw_results": {
        "0": 40028697.292000003, 
        "1": 56705874.483000003, 
        "2": 62476112.615999997, 
        "3": 83529466.192000002, 
        "4": 61063947.789999999, 
        "5": 68364104.805999994, 
        "6": 85635783.655000001, 
        "7": 73975357.832000002, 
        "8": 66608182.475000001, 
        "9": 53951603.272
    }, 
    "averaged_NPV": 65233913.041299999
}