{
    "std": 13178948.691405047, 
    "raw_results": {
        "0": 42013196.847000003, 
        "1": 58632210.983000003, 
        "2": 64140667.810999997, 
        "3": 86141740.724999994, 
        "4": 63276787.788000003, 
        "5": 71012584.577000007, 
        "6": 88639052.667999998, 
        "7": 76738616.740999997, 
        "8": 69231153.511000007, 
        "9": 58258693.365000002
    }, 
    "averaged_NPV": 67808470.501599997
}