{
    "std": 13058197.358076604, 
    "raw_results": {
        "0": 39424986.571000002, 
        "1": 52503494.652999997, 
        "2": 58029478.722000003, 
        "3": 81933181.107999995, 
        "4": 58983920.652999997, 
        "5": 66553855.939999998, 
        "6": 83784365.763999999, 
        "7": 72085368.247999996, 
        "8": 65148568.545999996, 
        "9": 52596353.184
    }, 
    "averaged_NPV": 63104357.338900007
}