{
    "std": 13163095.245842086, 
    "raw_results": {
        "0": 37279520.509999998, 
        "1": 52161135.910999998, 
        "2": 57697263.506999999, 
        "3": 80793302.244000003, 
        "4": 56293147.886, 
        "5": 66217896.436999999, 
        "6": 82465565.656000003, 
        "7": 71392478.430000007, 
        "8": 61415493.454000004, 
        "9": 52215673.152999997
    }, 
    "averaged_NPV": 61793147.718799993
}