{
    "std": 13258602.887675863, 
    "raw_results": {
        "0": 40894053.799999997, 
        "1": 55577216.432999998, 
        "2": 63580025.353, 
        "3": 84739966.647, 
        "4": 62272861.987000003, 
        "5": 69281000.946999997, 
        "6": 86778186.046000004, 
        "7": 74827492.033999994, 
        "8": 68449677.299999997, 
        "9": 54964101.316
    }, 
    "averaged_NPV": 66136458.186299995
}