{
    "std": 13099871.840422647, 
    "raw_results": {
        "0": 37309749.152999997, 
        "1": 52268595.762999997, 
        "2": 57799083.848999999, 
        "3": 80412646.150999993, 
        "4": 56290413.066, 
        "5": 66208296.664999999, 
        "6": 82513178.952999994, 
        "7": 71489757.295000002, 
        "8": 61539097.732000001, 
        "9": 52301246.924999997
    }, 
    "averaged_NPV": 61813206.555200003
}