{
    "std": 13092078.759360762, 
    "raw_results": {
        "0": 40931910.986000001, 
        "1": 57359527.538999997, 
        "2": 63032975.122000001, 
        "3": 84945532.853, 
        "4": 61958139.397, 
        "5": 69407847.511999995, 
        "6": 87257800.358999997, 
        "7": 75111583.687000006, 
        "8": 67291774.810000002, 
        "9": 57024702.075999998
    }, 
    "averaged_NPV": 66432179.43410001
}