{
    "std": 12812790.257025925, 
    "raw_results": {
        "0": 36473025.579000004, 
        "1": 51241696.663000003, 
        "2": 56563510.594999999, 
        "3": 79090069.077999994, 
        "4": 55078059.953000002, 
        "5": 65144094.351000004, 
        "6": 80359608.106000006, 
        "7": 69811266.459999993, 
        "8": 60670107.585000001, 
        "9": 51251938.343999997
    }, 
    "averaged_NPV": 60568337.671399996
}