{
    "std": 13086296.959783399, 
    "raw_results": {
        "0": 35618839.965999998, 
        "1": 50879939.295999996, 
        "2": 55596339.707000002, 
        "3": 78709653.659999996, 
        "4": 54632475.123999998, 
        "5": 64876878.864, 
        "6": 80599555.579999998, 
        "7": 69433160.328999996, 
        "8": 60217434.082000002, 
        "9": 50024093.473999999
    }, 
    "averaged_NPV": 60058837.00819999
}