{
    "std": 12965038.21808205, 
    "raw_results": {
        "0": 36639964.339000002, 
        "1": 51482330.409999996, 
        "2": 56745444.645000003, 
        "3": 79702227.532000005, 
        "4": 55449847.770999998, 
        "5": 65437028.906999998, 
        "6": 81127264.980000004, 
        "7": 70087854.321999997, 
        "8": 60817661.990999997, 
        "9": 51463794.723999999
    }, 
    "averaged_NPV": 60895341.962100007
}