{
    "std": 13134764.097309398, 
    "raw_results": {
        "0": 37261446.189000003, 
        "1": 52222101.013999999, 
        "2": 57764805.358999997, 
        "3": 80455991.056999996, 
        "4": 56264302.019000001, 
        "5": 66203624.149999999, 
        "6": 82547573.460999995, 
        "7": 71505439.826000005, 
        "8": 61535677.428000003, 
        "9": 52195219.431999996
    }, 
    "averaged_NPV": 61795617.993499994
}