{
    "std": 12961538.850472152, 
    "raw_results": {
        "0": 36309216.702, 
        "1": 50874761.402999997, 
        "2": 56494510.219999999, 
        "3": 79250844.747999996, 
        "4": 55019909.408, 
        "5": 65189623.612999998, 
        "6": 80570269.576000005, 
        "7": 69835011.919, 
        "8": 60650097.483999997, 
        "9": 50880569.064999998
    }, 
    "averaged_NPV": 60507481.413800001
}