{
    "std": 12984395.596463872, 
    "raw_results": {
        "0": 40188591.159000002, 
        "1": 56314538.971000001, 
        "2": 62131051.519000001, 
        "3": 83320007.160999998, 
        "4": 60745256.579999998, 
        "5": 68095075.596000001, 
        "6": 85506287.214000002, 
        "7": 73722526.649000004, 
        "8": 66096538.939000003, 
        "9": 53794008.596000001
    }, 
    "averaged_NPV": 64991388.238399997
}