{
    "std": 13080075.152317891, 
    "raw_results": {
        "0": 43534701.622000001, 
        "1": 60403348.211999997, 
        "2": 67064642.027000003, 
        "3": 87867184.539000005, 
        "4": 65152244.838, 
        "5": 72280150.092999995, 
        "6": 90248303.994000003, 
        "7": 78076060.765000001, 
        "8": 71321928.423999995, 
        "9": 60728337.644000001
    }, 
    "averaged_NPV": 69667690.215800017
}