{
    "std": 12896707.677515535, 
    "raw_results": {
        "0": 40389721.450999998, 
        "1": 56848791.431000002, 
        "2": 62286356.441, 
        "3": 83844529.115999997, 
        "4": 61514364.561999999, 
        "5": 69082919.611000001, 
        "6": 85993234.238000005, 
        "7": 74578823.586999997, 
        "8": 67009663.939000003, 
        "9": 56631856.564999998
    }, 
    "averaged_NPV": 65818026.094099998
}