{
    "std": 12949498.045677938, 
    "raw_results": {
        "0": 44074052.892999999, 
        "1": 60829707.952, 
        "2": 67382583.746000007, 
        "3": 88009140.685000002, 
        "4": 65689888.044, 
        "5": 72545882.202000007, 
        "6": 90351330.417999998, 
        "7": 78320536.450000003, 
        "8": 71842304.436000004, 
        "9": 61190294.917999998
    }, 
    "averaged_NPV": 70023572.174400002
}