{
    "std": 13223207.765173627, 
    "raw_results": {
        "0": 39717214.267999999, 
        "1": 54439455.832000002, 
        "2": 59133923.397, 
        "3": 82921396.357999995, 
        "4": 58595426.354000002, 
        "5": 67651303.243000001, 
        "6": 84918671.496000007, 
        "7": 73165259.453999996, 
        "8": 66629052.544, 
        "9": 53287783.957999997
    }, 
    "averaged_NPV": 64045948.690399989
}