{
    "std": 12994850.789662346, 
    "raw_results": {
        "0": 39412866.858999997, 
        "1": 55742955.506999999, 
        "2": 59148534.556999996, 
        "3": 82546018.907000005, 
        "4": 60046782.083999999, 
        "5": 67625710.164000005, 
        "6": 84413161.113000005, 
        "7": 73176756.868000001, 
        "8": 65770605.338, 
        "9": 53240281.700000003
    }, 
    "averaged_NPV": 64112367.309700012
}