{
    "std": 13292633.914050965, 
    "raw_results": {
        "0": 41530172.093000002, 
        "1": 56054096.754000001, 
        "2": 64194477.700000003, 
        "3": 85315674.283000007, 
        "4": 62694827.952, 
        "5": 69680436.559, 
        "6": 87467811.248999998, 
        "7": 75355686.863000005, 
        "8": 68919744.518000007, 
        "9": 55244890.839000002
    }, 
    "averaged_NPV": 66645781.881000005
}