{
    "std": 12984196.339574518, 
    "raw_results": {
        "0": 40996931.939999998, 
        "1": 57357586.284000002, 
        "2": 63000138.960000001, 
        "3": 84698193.498999998, 
        "4": 61977472.202, 
        "5": 69310067.540000007, 
        "6": 86970060.204999998, 
        "7": 75018930.478, 
        "8": 67375714.093999997, 
        "9": 57124235.722999997
    }, 
    "averaged_NPV": 66382933.092500009
}