{
    "std": 13004668.212255672, 
    "raw_results": {
        "0": 39353559.596000001, 
        "1": 55742955.506999999, 
        "2": 59145504.571000002, 
        "3": 82546018.907000005, 
        "4": 60046782.083999999, 
        "5": 67625710.164000005, 
        "6": 84413161.113000005, 
        "7": 73176756.868000001, 
        "8": 65770605.338, 
        "9": 53259183.902999997
    }, 
    "averaged_NPV": 64108023.805100001
}