{
    "std": 12899568.757957902, 
    "raw_results": {
        "0": 40232143.688000001, 
        "1": 56475909.673, 
        "2": 62352455.185000002, 
        "3": 83663775.349999994, 
        "4": 61134512.365999997, 
        "5": 68650707.275999993, 
        "6": 85785299.645999998, 
        "7": 74256215.734999999, 
        "8": 66809548.011, 
        "9": 56256933.431999996
    }, 
    "averaged_NPV": 65561750.036200009
}