{
    "std": 12998552.569662327, 
    "raw_results": {
        "0": 39578928.049000002, 
        "1": 55088689.748000003, 
        "2": 58594060.028999999, 
        "3": 82545407.239999995, 
        "4": 59563063.039999999, 
        "5": 67198974.569999993, 
        "6": 84337321.850999996, 
        "7": 72586961.557999998, 
        "8": 65613405.799999997, 
        "9": 52992598.129000001
    }, 
    "averaged_NPV": 63809941.001399994
}