{
    "std": 13084200.059696397, 
    "raw_results": {
        "0": 43497876.431000002, 
        "1": 60423880.042000003, 
        "2": 67083971.762999997, 
        "3": 87862225.533000007, 
        "4": 65161501.355999999, 
        "5": 72275170.325000003, 
        "6": 90246031.512999997, 
        "7": 78087322.489999995, 
        "8": 71312718.407000005, 
        "9": 60736291.714000002
    }, 
    "averaged_NPV": 69668698.957399994
}