{
    "std": 13065222.980590329, 
    "raw_results": {
        "0": 41316097.43, 
        "1": 57828607.049000002, 
        "2": 63408659.406000003, 
        "3": 85244635.133000001, 
        "4": 62454335.458999999, 
        "5": 70044578.454999998, 
        "6": 87512141.875, 
        "7": 75764462.973000005, 
        "8": 68075642.957000002, 
        "9": 57573125.997000001
    }, 
    "averaged_NPV": 66922228.6734
}