{
    "std": 12983942.988229055, 
    "raw_results": {
        "0": 43030869.667999998, 
        "1": 60045781.608000003, 
        "2": 66652947.175999999, 
        "3": 87079520.347000003, 
        "4": 64995652.582000002, 
        "5": 71876838.812999994, 
        "6": 89513527.650000006, 
        "7": 77648846.446999997, 
        "8": 70981914.854000002, 
        "9": 60311682.398000002
    }, 
    "averaged_NPV": 69213758.154300004
}