{
    "std": 13198279.940808533, 
    "raw_results": {
        "0": 41920110.952, 
        "1": 58562444.376999997, 
        "2": 63986534.700000003, 
        "3": 86343067.709999993, 
        "4": 63066891.088, 
        "5": 70931149.251000002, 
        "6": 88453798.145999998, 
        "7": 76534158.385000005, 
        "8": 68990702.687999994, 
        "9": 58204732.292000003
    }, 
    "averaged_NPV": 67699358.958900005
}