{
    "std": 13138260.594616959, 
    "raw_results": {
        "0": 38655674.684, 
        "1": 52696780.296999998, 
        "2": 58015669.615999997, 
        "3": 81390338.929000005, 
        "4": 56711281.232000001, 
        "5": 66566203.989, 
        "6": 83393365.372999996, 
        "7": 71938109.981999993, 
        "8": 62206415.832999997, 
        "9": 52060836.865999997
    }, 
    "averaged_NPV": 62363467.680099986
}