{
    "std": 13294430.066309515, 
    "raw_results": {
        "0": 41581615.596000001, 
        "1": 56038792.700000003, 
        "2": 64157290.215000004, 
        "3": 85376349.921000004, 
        "4": 62666866.733000003, 
        "5": 69629394.245000005, 
        "6": 87486017.935000002, 
        "7": 75325025.944999993, 
        "8": 68876287.621000007, 
        "9": 55230068.225000001
    }, 
    "averaged_NPV": 66636770.913600005
}