{
    "std": 13112859.303836195, 
    "raw_results": {
        "0": 40843250.957999997, 
        "1": 56895644.281999998, 
        "2": 62584826.151000001, 
        "3": 84231465.441, 
        "4": 61536892.482000001, 
        "5": 68928472.572999999, 
        "6": 86431783.342999995, 
        "7": 74585780.294, 
        "8": 66932737.348999999, 
        "9": 54170016.009000003
    }, 
    "averaged_NPV": 65714086.8882
}