{
    "std": 12979099.779780257, 
    "raw_results": {
        "0": 42916631.281000003, 
        "1": 60163807.435000002, 
        "2": 66199554.821000002, 
        "3": 86978429.438999996, 
        "4": 64842218.020999998, 
        "5": 71543044.318000004, 
        "6": 89327170.713, 
        "7": 77242153.238000005, 
        "8": 71095928.741999999, 
        "9": 59736654.175999999
    }, 
    "averaged_NPV": 69004559.218400002
}