{
    "std": 13136545.911572499, 
    "raw_results": {
        "0": 38979925.623999998, 
        "1": 52879976.288000003, 
        "2": 58464931.774999999, 
        "3": 81883989.856000006, 
        "4": 59612449.917999998, 
        "5": 66973353.785999998, 
        "6": 83826364.549999997, 
        "7": 72624000.098000005, 
        "8": 65827138.728, 
        "9": 52567006.211000003
    }, 
    "averaged_NPV": 63363913.683399998
}