{
    "std": 12600674.886641735, 
    "raw_results": {
        "0": 22471265.601, 
        "1": 37062322.504000001, 
        "2": 40182176.608000003, 
        "3": 63901840.877999999, 
        "4": 39976594.626999997, 
        "5": 48951775.960000001, 
        "6": 65666821.799000002, 
        "7": 53202492.512999997, 
        "8": 43489251.686999999, 
        "9": 35040237.427000001
    }, 
    "averaged_NPV": 44994477.9604
}