{
    "std": 13062613.194656556, 
    "raw_results": {
        "0": 36018399.149999999, 
        "1": 51301436.25, 
        "2": 56181561.491999999, 
        "3": 79026880.088, 
        "4": 54990752.619000003, 
        "5": 65261876.776000001, 
        "6": 80878459.471000001, 
        "7": 69907944.166999996, 
        "8": 60185674.965999998, 
        "9": 50320073.508000001
    }, 
    "averaged_NPV": 60407305.848700009
}