{
    "std": 12981991.142792404, 
    "raw_results": {
        "0": 40271761.277999997, 
        "1": 56894632.447999999, 
        "2": 62507241.186999999, 
        "3": 83606496.387999997, 
        "4": 61146718.050999999, 
        "5": 68416275.585999995, 
        "6": 85628551.316, 
        "7": 73975304.950000003, 
        "8": 66745081.612000003, 
        "9": 53996277.666000001
    }, 
    "averaged_NPV": 65318834.048199996
}