{
    "std": 13022134.80010974, 
    "raw_results": {
        "0": 39911228.505999997, 
        "1": 56152763.283, 
        "2": 62057284.049999997, 
        "3": 83231463.622999996, 
        "4": 60669006.817000002, 
        "5": 68070169.791999996, 
        "6": 85297805.819000006, 
        "7": 73677526.692000002, 
        "8": 66209903.298, 
        "9": 53590593.755000003
    }, 
    "averaged_NPV": 64886774.563500002
}