{
    "std": 13325571.050478619, 
    "raw_results": {
        "0": 37539326.027000003, 
        "1": 52744111.435000002, 
        "2": 58271060.380999997, 
        "3": 81581247.346000001, 
        "4": 56630711.531000003, 
        "5": 66588063.101000004, 
        "6": 83545284.834999993, 
        "7": 71740392.556999996, 
        "8": 61937312.730999999, 
        "9": 52699568.674999997
    }, 
    "averaged_NPV": 62327707.861899994
}