{
    "std": 13022468.532879051, 
    "raw_results": {
        "0": 39267633.340999998, 
        "1": 55648177.428000003, 
        "2": 59093080.597999997, 
        "3": 82389125.277999997, 
        "4": 60002959.480999999, 
        "5": 67586906.107999995, 
        "6": 84413161.113000005, 
        "7": 73152133.244000003, 
        "8": 65767491.119000003, 
        "9": 53056715.364
    }, 
    "averaged_NPV": 64037738.307400003
}