{
    "std": 13241466.092095805, 
    "raw_results": {
        "0": 40133147.978, 
        "1": 54614658.177000001, 
        "2": 59627872.339000002, 
        "3": 83621886.598000005, 
        "4": 61250848.847999997, 
        "5": 68190249.351999998, 
        "6": 85570034.763999999, 
        "7": 73642631.952999994, 
        "8": 67302965.011000007, 
        "9": 53835604.067000002
    }, 
    "averaged_NPV": 64778989.908700004
}