{
    "std": 13283830.350421324, 
    "raw_results": {
        "0": 37572611.604000002, 
        "1": 52813110.976000004, 
        "2": 58357923.802000001, 
        "3": 81398753.248999998, 
        "4": 56715744.138999999, 
        "5": 66604046.005999997, 
        "6": 83524770.825000003, 
        "7": 71865588.687999994, 
        "8": 62037661.803999998, 
        "9": 52753958.299000002
    }, 
    "averaged_NPV": 62364416.939200006
}