{
    "std": 13061828.001609147, 
    "raw_results": {
        "0": 36984326.960000001, 
        "1": 51918254.325000003, 
        "2": 57374359.792000003, 
        "3": 80140608.873999998, 
        "4": 56093865.158, 
        "5": 65805630.162, 
        "6": 81898027.988000005, 
        "7": 71068393.084000006, 
        "8": 61116174.795999996, 
        "9": 51840590.478
    }, 
    "averaged_NPV": 61424023.161699995
}