{
    "std": 12995922.845897146, 
    "raw_results": {
        "0": 39262381.566, 
        "1": 55619412.527000003, 
        "2": 59061994.718999997, 
        "3": 82375654.614999995, 
        "4": 59923694.807999998, 
        "5": 67527528.145999998, 
        "6": 84351452.832000002, 
        "7": 73044053.259000003, 
        "8": 65648029.783, 
        "9": 53185414.358999997
    }, 
    "averaged_NPV": 63999961.661400005
}