{
    "std": 13168935.202304808, 
    "raw_results": {
        "0": 42170907.590000004, 
        "1": 59304151.233000003, 
        "2": 65110545.685000002, 
        "3": 86075186.092999995, 
        "4": 63709551.891000003, 
        "5": 70488928.967999995, 
        "6": 88435152.861000001, 
        "7": 76267341.583000004, 
        "8": 69902336.748999998, 
        "9": 56048423.090999998
    }, 
    "averaged_NPV": 67751252.574399993
}