{
    "std": 13139934.118729955, 
    "raw_results": {
        "0": 38776198.877999999, 
        "1": 52744111.435000002, 
        "2": 58088867.579000004, 
        "3": 81581247.346000001, 
        "4": 56630711.531000003, 
        "5": 66588063.101000004, 
        "6": 83545284.834999993, 
        "7": 71740392.556999996, 
        "8": 61937312.730999999, 
        "9": 52233901.520000003
    }, 
    "averaged_NPV": 62386609.151299991
}