{
    "std": 13070697.466362994, 
    "raw_results": {
        "0": 43705695.439999998, 
        "1": 61308881.181999996, 
        "2": 67196286.659999996, 
        "3": 88301695.111000001, 
        "4": 65739237.191, 
        "5": 72593885.144999996, 
        "6": 90359450.414000005, 
        "7": 78192499.685000002, 
        "8": 72353846.482999995, 
        "9": 60690606.358999997
    }, 
    "averaged_NPV": 70044208.367000014
}