{
    "std": 13127186.331586083, 
    "raw_results": {
        "0": 40848577.737999998, 
        "1": 55456566.237999998, 
        "2": 63454267.795000002, 
        "3": 84174821.843999997, 
        "4": 61981604.921999998, 
        "5": 68842281.116999999, 
        "6": 86398490.076000005, 
        "7": 74568251.930999994, 
        "8": 68161598.225999996, 
        "9": 54845804.375
    }, 
    "averaged_NPV": 65873226.426199995
}