{
    "std": 13175911.956204724, 
    "raw_results": {
        "0": 35663657.741999999, 
        "1": 50875207.689000003, 
        "2": 55917909.785999998, 
        "3": 78840190.976999998, 
        "4": 54569508.332999997, 
        "5": 64652661.015000001, 
        "6": 80244116.437000006, 
        "7": 69416952.743000001, 
        "8": 60439378.331, 
        "9": 48201007.809
    }, 
    "averaged_NPV": 59882059.086199999
}