{
    "std": 13029989.585049264, 
    "raw_results": {
        "0": 40726245.638999999, 
        "1": 57416467.075000003, 
        "2": 63007780.240000002, 
        "3": 84767623.627000004, 
        "4": 62008537.533, 
        "5": 69440833.697999999, 
        "6": 86908612.835999995, 
        "7": 74969828.248999998, 
        "8": 67458091.648000002, 
        "9": 57159353.575999998
    }, 
    "averaged_NPV": 66386337.412099995
}