{
    "std": 13058118.709925132, 
    "raw_results": {
        "0": 41564021.957000002, 
        "1": 58362029.012000002, 
        "2": 64282776.674000002, 
        "3": 85028598.628999993, 
        "4": 62626136.291000001, 
        "5": 69840935.182999998, 
        "6": 87340026.695999995, 
        "7": 75386125.144999996, 
        "8": 69038384.828999996, 
        "9": 55343756.785999998
    }, 
    "averaged_NPV": 66881279.120200001
}