{
    "std": 12989862.757951234, 
    "raw_results": {
        "0": 39375845.365999997, 
        "1": 55705230.730999999, 
        "2": 59096654.122000001, 
        "3": 82328963.0, 
        "4": 60034776.799000002, 
        "5": 67602842.022, 
        "6": 84529865.476999998, 
        "7": 73083649.528999999, 
        "8": 65768476.409000002, 
        "9": 53208594.239
    }, 
    "averaged_NPV": 64073489.769400001
}