{
    "std": 13013667.135681225, 
    "raw_results": {
        "0": 42877964.678999998, 
        "1": 59691590.813000001, 
        "2": 65998382.737999998, 
        "3": 86879636.476999998, 
        "4": 64628830.726000004, 
        "5": 71380507.332000002, 
        "6": 89285796.400999993, 
        "7": 77133765.562000006, 
        "8": 70935592.192000002, 
        "9": 59516099.035999998
    }, 
    "averaged_NPV": 68832816.595600009
}