{
    "std": 13083235.080685731, 
    "raw_results": {
        "0": 42210102.343000002, 
        "1": 59264294.090000004, 
        "2": 65125751.055, 
        "3": 85934672.841000006, 
        "4": 63694409.445, 
        "5": 70502633.697999999, 
        "6": 88161429.497999996, 
        "7": 76160141.849000007, 
        "8": 69798272.746000007, 
        "9": 56161456.156999998
    }, 
    "averaged_NPV": 67701316.372199997
}