{
    "std": 13274091.932685474, 
    "raw_results": {
        "0": 36067924.332999997, 
        "1": 50970157.851000004, 
        "2": 56305004.226999998, 
        "3": 79376418.309, 
        "4": 54883266.637999997, 
        "5": 65152464.954999998, 
        "6": 80805441.237000003, 
        "7": 69807424.525999993, 
        "8": 60500067.619000003, 
        "9": 48292302.898999996
    }, 
    "averaged_NPV": 60216047.259399995
}