{
    "std": 12958025.79440555, 
    "raw_results": {
        "0": 36741354.522, 
        "1": 51583232.93, 
        "2": 56818691.640000001, 
        "3": 79718819.281000003, 
        "4": 55522011.105999999, 
        "5": 65546252.068000004, 
        "6": 81325435.169, 
        "7": 70072896.281000003, 
        "8": 60856913.927000001, 
        "9": 51622629.402999997
    }, 
    "averaged_NPV": 60980823.632700011
}