{
    "std": 13061768.304779634, 
    "raw_results": {
        "0": 40839603.549000002, 
        "1": 57031568.696999997, 
        "2": 62729963.25, 
        "3": 84015407.016000003, 
        "4": 61711530.457000002, 
        "5": 68940191.243000001, 
        "6": 86410977.275000006, 
        "7": 74694952.478, 
        "8": 67097172.281000003, 
        "9": 54276993.280000001
    }, 
    "averaged_NPV": 65774835.952599987
}