{
    "std": 13106776.284838611, 
    "raw_results": {
        "0": 41857486.816, 
        "1": 58768540.408, 
        "2": 64727896.545999996, 
        "3": 85450216.356999993, 
        "4": 63329725.541000001, 
        "5": 70234156.150999993, 
        "6": 87944797.356000006, 
        "7": 75825370.100999996, 
        "8": 69365664.434, 
        "9": 55715596.803999998
    }, 
    "averaged_NPV": 67321945.051400006
}