{
    "std": 13219843.86715094, 
    "raw_results": {
        "0": 42678233.648000002, 
        "1": 59431475.983000003, 
        "2": 64953702.723999999, 
        "3": 86955649.120000005, 
        "4": 64106442.340999998, 
        "5": 71733163.090000004, 
        "6": 89463277.822999999, 
        "7": 77490954.732999995, 
        "8": 70219059.327000007, 
        "9": 58880803.748000003
    }, 
    "averaged_NPV": 68591276.253700003
}