{
    "std": 12995092.427316757, 
    "raw_results": {
        "0": 41080381.927000001, 
        "1": 57489772.336000003, 
        "2": 63121428.163000003, 
        "3": 84788453.019999996, 
        "4": 62105397.796999998, 
        "5": 69633340.447999999, 
        "6": 87002135.755999997, 
        "7": 75336824.020999998, 
        "8": 67622148.937000006, 
        "9": 57188833.501000002
    }, 
    "averaged_NPV": 66536871.590599999
}