{
    "std": 13034913.349863827, 
    "raw_results": {
        "0": 38174096.116999999, 
        "1": 52170257.413999997, 
        "2": 57433336.473999999, 
        "3": 80455991.056999996, 
        "4": 56233631.030000001, 
        "5": 66200085.357000001, 
        "6": 82547573.460999995, 
        "7": 71505439.826000005, 
        "8": 61521552.741999999, 
        "9": 51505005.130000003
    }, 
    "averaged_NPV": 61774696.860799991
}