{
    "std": 13010608.299347024, 
    "raw_results": {
        "0": 39344529.204000004, 
        "1": 55715669.350000001, 
        "2": 59139165.673, 
        "3": 82546018.907000005, 
        "4": 60037553.968000002, 
        "5": 67625710.164000005, 
        "6": 84413161.113000005, 
        "7": 73176756.868000001, 
        "8": 65770605.338, 
        "9": 53236004.023000002
    }, 
    "averaged_NPV": 64100517.460800007
}