{
    "std": 13118372.710637104, 
    "raw_results": {
        "0": 39846078.957000002, 
        "1": 55650259.239, 
        "2": 59066748.894000001, 
        "3": 83165075.740999997, 
        "4": 59876606.965999998, 
        "5": 67442187.091000006, 
        "6": 85045206.762999997, 
        "7": 73210018.361000001, 
        "8": 65622923.379000001, 
        "9": 53165931.791000001
    }, 
    "averaged_NPV": 64209103.718200006
}