{
    "std": 13019065.599240044, 
    "raw_results": {
        "0": 39218121.512000002, 
        "1": 55683512.869999997, 
        "2": 59123413.561999999, 
        "3": 82389125.277999997, 
        "4": 60023256.931000002, 
        "5": 67586906.107999995, 
        "6": 84413161.113000005, 
        "7": 73152133.244000003, 
        "8": 65770605.338, 
        "9": 53161764.800999999
    }, 
    "averaged_NPV": 64052200.0757
}