{
    "std": 12941801.836983945, 
    "raw_results": {
        "0": 39733420.046999998, 
        "1": 56335224.960000001, 
        "2": 62151572.813000001, 
        "3": 82761420.129999995, 
        "4": 60460979.824000001, 
        "5": 67721847.184, 
        "6": 85143744.405000001, 
        "7": 73612903.202000007, 
        "8": 66191448.221000001, 
        "9": 53643833.943000004
    }, 
    "averaged_NPV": 64775639.472899996
}