{
    "std": 13357026.512799911, 
    "raw_results": {
        "0": 36476979.773000002, 
        "1": 52232154.255000003, 
        "2": 57455967.432999998, 
        "3": 80534202.640000001, 
        "4": 56330266.055, 
        "5": 66392235.545999996, 
        "6": 82449260.187000006, 
        "7": 71763653.747999996, 
        "8": 61657372.266999997, 
        "9": 51557904.083999999
    }, 
    "averaged_NPV": 61684999.598800004
}