{
    "std": 13160126.365306295, 
    "raw_results": {
        "0": 38736772.928000003, 
        "1": 52877131.854999997, 
        "2": 58137994.744000003, 
        "3": 81499778.121000007, 
        "4": 56891522.233999997, 
        "5": 66806276.674000002, 
        "6": 83656761.607999995, 
        "7": 72011591.201000005, 
        "8": 62209775.796999998, 
        "9": 52184096.653999999
    }, 
    "averaged_NPV": 62501170.181600012
}