{
    "std": 13219165.038016882, 
    "raw_results": {
        "0": 37453158.619999997, 
        "1": 52610956.726999998, 
        "2": 57940560.530000001, 
        "3": 81193605.160999998, 
        "4": 56435106.721000001, 
        "5": 66476004.538000003, 
        "6": 83018239.736000001, 
        "7": 71638595.954999998, 
        "8": 61678562.149999999, 
        "9": 52713056.956
    }, 
    "averaged_NPV": 62115784.709399998
}