{
    "std": 13085383.393746002, 
    "raw_results": {
        "0": 43524810.306999996, 
        "1": 59768931.700000003, 
        "2": 65844642.998000003, 
        "3": 87544106.069999993, 
        "4": 64786071.880000003, 
        "5": 71998161.870000005, 
        "6": 89950792.324000001, 
        "7": 77894640.092999995, 
        "8": 70641504.891000003, 
        "9": 60212912.535999998
    }, 
    "averaged_NPV": 69216657.466900006
}