{
    "std": 13242812.700484745, 
    "raw_results": {
        "0": 40701475.659000002, 
        "1": 56902786.588, 
        "2": 62630295.107000001, 
        "3": 84487235.471000001, 
        "4": 61519212.799999997, 
        "5": 69039076.034999996, 
        "6": 86778136.729000002, 
        "7": 74646808.950000003, 
        "8": 66824669.969999999, 
        "9": 54088279.513999999
    }, 
    "averaged_NPV": 65761797.682299994
}