{
    "std": 13157953.013948146, 
    "raw_results": {
        "0": 40491150.296999998, 
        "1": 57036739.222000003, 
        "2": 62666808.590999998, 
        "3": 84315070.483999997, 
        "4": 61641614.222000003, 
        "5": 69095827.707000002, 
        "6": 86324718.988000005, 
        "7": 74537142.856000006, 
        "8": 67056189.719999999, 
        "9": 54221436.494000003
    }, 
    "averaged_NPV": 65738669.858099997
}