{
    "std": 13261752.087865675, 
    "raw_results": {
        "0": 40901923.729999997, 
        "1": 55548750.401000001, 
        "2": 63572870.759999998, 
        "3": 84739966.647, 
        "4": 62263074.729000002, 
        "5": 69281000.946999997, 
        "6": 86778186.046000004, 
        "7": 74827492.033999994, 
        "8": 68449677.299999997, 
        "9": 54940921.998999998
    }, 
    "averaged_NPV": 66130386.459299996
}