{
    "std": 13126214.333501335, 
    "raw_results": {
        "0": 36507832.725000001, 
        "1": 51147306.022, 
        "2": 56736879.553999998, 
        "3": 79741864.062999994, 
        "4": 55445738.653999999, 
        "5": 65536608.527999997, 
        "6": 81556032.695999995, 
        "7": 70216786.546000004, 
        "8": 60844256.824000001, 
        "9": 51111601.550999999
    }, 
    "averaged_NPV": 60884490.716299996
}