{
    "std": 13000966.203454146, 
    "raw_results": {
        "0": 35594639.218999997, 
        "1": 50631444.092, 
        "2": 55885795.056999996, 
        "3": 78141806.263999999, 
        "4": 54453230.291000001, 
        "5": 64261139.559, 
        "6": 79825005.188999996, 
        "7": 68976925.760000005, 
        "8": 60284103.880999997, 
        "9": 48184674.612000003
    }, 
    "averaged_NPV": 59623876.392400004
}