{
    "std": 12983696.770689165, 
    "raw_results": {
        "0": 39508851.891999997, 
        "1": 55721037.086999997, 
        "2": 59099684.108000003, 
        "3": 82485851.059, 
        "4": 60040604.799999997, 
        "5": 67631018.038000003, 
        "6": 84529865.476999998, 
        "7": 73108770.442000002, 
        "8": 65768476.409000002, 
        "9": 53259152.880999997
    }, 
    "averaged_NPV": 64115331.219300009
}