{
    "std": 13107141.688178893, 
    "raw_results": {
        "0": 38791099.857000001, 
        "1": 52782056.777999997, 
        "2": 58163458.692000002, 
        "3": 81398753.248999998, 
        "4": 56694866.876000002, 
        "5": 66604046.005999997, 
        "6": 83524770.825000003, 
        "7": 71865588.687999994, 
        "8": 62037661.803999998, 
        "9": 52252099.295999996
    }, 
    "averaged_NPV": 62411440.207099997
}