{
    "std": 13114148.996712759, 
    "raw_results": {
        "0": 41679035.281999998, 
        "1": 58146885.324000001, 
        "2": 63272953.045999996, 
        "3": 85679877.572999999, 
        "4": 62417924.619000003, 
        "5": 70183212.364999995, 
        "6": 87926677.636999995, 
        "7": 75930582.211999997, 
        "8": 68410041.471000001, 
        "9": 57681715.247000001
    }, 
    "averaged_NPV": 67132890.477600008
}