{
    "std": 13041883.426899171, 
    "raw_results": {
        "0": 40516971.710000001, 
        "1": 56694183.666000001, 
        "2": 62422749.68, 
        "3": 83742903.812999994, 
        "4": 61095764.213, 
        "5": 68529299.922000006, 
        "6": 85946493.156000003, 
        "7": 74172614.584999993, 
        "8": 66532792.890000001, 
        "9": 53914178.568999998
    }, 
    "averaged_NPV": 65356795.220399998
}