{
    "std": 13194012.693713201, 
    "raw_results": {
        "0": 38598135.993000001, 
        "1": 52798056.037, 
        "2": 58185530.998000003, 
        "3": 81481587.092999995, 
        "4": 56780800.851999998, 
        "5": 66708320.232000001, 
        "6": 83671209.011000007, 
        "7": 71997641.449000001, 
        "8": 62131068.604999997, 
        "9": 52130634.708999999
    }, 
    "averaged_NPV": 62448298.497899994
}