{
    "std": 13119580.068474423, 
    "raw_results": {
        "0": 41329754.954000004, 
        "1": 57740647.601999998, 
        "2": 63373563.758000001, 
        "3": 85251920.930999994, 
        "4": 62295274.994999997, 
        "5": 69884394.316, 
        "6": 87817579.836999997, 
        "7": 75625593.243000001, 
        "8": 67825517.508000001, 
        "9": 57431946.223999999
    }, 
    "averaged_NPV": 66857619.336800002
}