{
    "std": 13223916.579897687, 
    "raw_results": {
        "0": 36140526.840999998, 
        "1": 51037031.592, 
        "2": 56452128.248000003, 
        "3": 79360884.614999995, 
        "4": 55009624.048, 
        "5": 65245424.741999999, 
        "6": 80787296.002000004, 
        "7": 69869699.601999998, 
        "8": 60618974.816, 
        "9": 48584234.802000001
    }, 
    "averaged_NPV": 60310582.5308
}