{
    "std": 12696624.069732685, 
    "raw_results": {
        "0": 43528890.715999998, 
        "1": 57013439.660999998, 
        "2": 62475615.971000001, 
        "3": 83993277.827999994, 
        "4": 61348480.409000002, 
        "5": 70329970.949000001, 
        "6": 87989363.353, 
        "7": 75915677.835999995, 
        "8": 67031497.033, 
        "9": 57517353.189000003
    }, 
    "averaged_NPV": 66714356.694499992
}