{
    "std": 12206502.383829184, 
    "raw_results": {
        "0": 20616258.934999999, 
        "1": 34651792.129000001, 
        "2": 38039682.964000002, 
        "3": 59589409.822999999, 
        "4": 37743302.041000001, 
        "5": 47317975.443000004, 
        "6": 61667846.597999997, 
        "7": 51934876.450000003, 
        "8": 41045683.953000002, 
        "9": 30950850.563999999
    }, 
    "averaged_NPV": 42355767.890000001
}