{
    "std": 11533300.071812794, 
    "raw_results": {
        "0": 43598380.494999997, 
        "1": 57628417.674000002, 
        "2": 63382094.358999997, 
        "3": 82230400.650999993, 
        "4": 61981121.924000002, 
        "5": 67710871.761000007, 
        "6": 84637771.013999999, 
        "7": 73026151.773000002, 
        "8": 67120344.871000007, 
        "9": 57571973.564000003
    }, 
    "averaged_NPV": 65888752.808599994
}