{
    "std": 11462192.482416179, 
    "raw_results": {
        "0": 43828557.994999997, 
        "1": 57821260.431000002, 
        "2": 63635542.439000003, 
        "3": 82253505.049999997, 
        "4": 62127472.516999997, 
        "5": 67829289.553000003, 
        "6": 84657368.506999999, 
        "7": 73115314.923999995, 
        "8": 67343234.427000001, 
        "9": 57830894.862000003
    }, 
    "averaged_NPV": 66044244.070500001
}