{
    "std": 11377463.71358078, 
    "raw_results": {
        "0": 21419122.973999999, 
        "1": 33746366.145000003, 
        "2": 35457946.516999997, 
        "3": 58984451.376999997, 
        "4": 36731475.101999998, 
        "5": 44140695.049000002, 
        "6": 58718257.332999997, 
        "7": 48285696.869000003, 
        "8": 40673287.563000001, 
        "9": 30547985.649
    }, 
    "averaged_NPV": 40870528.457800001
}