{
    "std": 11701324.946034791, 
    "raw_results": {
        "0": 21596212.747000001, 
        "1": 34190304.655000001, 
        "2": 37713415.810000002, 
        "3": 59627825.902999997, 
        "4": 37367910.017999999, 
        "5": 47228706.108000003, 
        "6": 59622336.339000002, 
        "7": 51301293.976000004, 
        "8": 40785823.998000003, 
        "9": 31252646.931000002
    }, 
    "averaged_NPV": 42068647.64850001
}