{
    "std": 12070057.6488386, 
    "raw_results": {
        "0": 43972322.473999999, 
        "1": 57850568.887999997, 
        "2": 64143490.914999999, 
        "3": 83508297.353, 
        "4": 62542605.369999997, 
        "5": 69413839.838, 
        "6": 86879542.351999998, 
        "7": 75084819.636999995, 
        "8": 68596874.206, 
        "9": 58432276.206
    }, 
    "averaged_NPV": 67042463.723899998
}