{
    "std": 11444135.099262271, 
    "raw_results": {
        "0": 43893129.306000002, 
        "1": 57860954.733999997, 
        "2": 63732747.098999999, 
        "3": 82176576.030000001, 
        "4": 62230899.796999998, 
        "5": 67835612.732999995, 
        "6": 84688589.062999994, 
        "7": 73327127.454999998, 
        "8": 67443418.912, 
        "9": 57912077.704999998
    }, 
    "averaged_NPV": 66110113.283399999
}