{
    "std": 11224995.494642366, 
    "raw_results": {
        "0": 44658459.376999997, 
        "1": 57838445.747000001, 
        "2": 63708408.575999998, 
        "3": 82020677.204999998, 
        "4": 62179730.523000002, 
        "5": 67663592.136999995, 
        "6": 84471626.203999996, 
        "7": 73110782.805999994, 
        "8": 67401942.144999996, 
        "9": 57936145.375
    }, 
    "averaged_NPV": 66098981.009499989
}