{
    "std": 11223460.341284115, 
    "raw_results": {
        "0": 44641301.954000004, 
        "1": 57927909.347999997, 
        "2": 63711076.461000003, 
        "3": 82026160.775000006, 
        "4": 62276297.575999998, 
        "5": 67753449.175999999, 
        "6": 84494968.794, 
        "7": 73150811.408999994, 
        "8": 67522802.644999996, 
        "9": 58000001.225000001
    }, 
    "averaged_NPV": 66150477.936300002
}