{
    "std": 12104097.490356876, 
    "raw_results": {
        "0": 44272919.287, 
        "1": 58109084.557999998, 
        "2": 64410239.336999997, 
        "3": 83443116.988000005, 
        "4": 62816821.056999996, 
        "5": 69598647.846000001, 
        "6": 87469246.136000007, 
        "7": 75492574.452000007, 
        "8": 68925016.674999997, 
        "9": 58384736.307999998
    }, 
    "averaged_NPV": 67292240.26439999
}