{
    "std": 12052586.699565977, 
    "raw_results": {
        "0": 43987683.857000001, 
        "1": 57795085.013999999, 
        "2": 64058734.651000001, 
        "3": 83488249.090000004, 
        "4": 62437256.803000003, 
        "5": 69288210.283999994, 
        "6": 86832710.547000006, 
        "7": 74917946.530000001, 
        "8": 68487371.162, 
        "9": 58423939.361000001
    }, 
    "averaged_NPV": 66971718.729900002
}