{
    "std": 12719108.495896073, 
    "raw_results": {
        "0": 43439379.276000001, 
        "1": 57023198.354000002, 
        "2": 62515380.465999998, 
        "3": 84148260.627000004, 
        "4": 61409779.158, 
        "5": 70409744.304000005, 
        "6": 87770863.075000003, 
        "7": 76077894.934, 
        "8": 67238843.545000002, 
        "9": 57364153.612999998
    }, 
    "averaged_NPV": 66739749.735200003
}