{
    "std": 12110994.086328456, 
    "raw_results": {
        "0": 44357718.932999998, 
        "1": 58204154.115999997, 
        "2": 64527620.847999997, 
        "3": 83597573.644999996, 
        "4": 62933325.300999999, 
        "5": 69748514.133000001, 
        "6": 87538935.152999997, 
        "7": 75602079.076000005, 
        "8": 69056535.314999998, 
        "9": 58479343.406000003
    }, 
    "averaged_NPV": 67404579.992599994
}