{
    "std": 10681296.886383487, 
    "raw_results": {
        "0": 19554219.679000001, 
        "1": 32205428.357999999, 
        "2": 34817173.857000001, 
        "3": 55403284.497000001, 
        "4": 36057174.910999998, 
        "5": 43588377.329999998, 
        "6": 55026262.365000002, 
        "7": 47145535.236000001, 
        "8": 39845981.707999997, 
        "9": 30175534.403999999
    }, 
    "averaged_NPV": 39381897.234499998
}