{
    "std": 11470197.191865196, 
    "raw_results": {
        "0": 43839842.865999997, 
        "1": 57821260.431000002, 
        "2": 63635542.439000003, 
        "3": 82256037.827000007, 
        "4": 62127472.516999997, 
        "5": 67829289.553000003, 
        "6": 84659098.663000003, 
        "7": 73268738.430000007, 
        "8": 67343234.427000001, 
        "9": 57830894.862000003
    }, 
    "averaged_NPV": 66061141.201499999
}