{
    "std": 12478166.382350614, 
    "raw_results": {
        "0": 42994135.305, 
        "1": 58871859.064000003, 
        "2": 65508148.365000002, 
        "3": 83654675.084999993, 
        "4": 63254625.766999997, 
        "5": 69727331.020999998, 
        "6": 87608470.091000006, 
        "7": 75602558.730000004, 
        "8": 69647374.113000005, 
        "9": 56555881.152000003
    }, 
    "averaged_NPV": 67342505.869299993
}