{
    "std": 10770662.993019618, 
    "raw_results": {
        "0": 20119534.822000001, 
        "1": 31939886.353, 
        "2": 34907844.399999999, 
        "3": 55069788.402999997, 
        "4": 36058264.169, 
        "5": 44231403.642999999, 
        "6": 55862262.093999997, 
        "7": 47816584.956, 
        "8": 39768495.612000003, 
        "9": 29874156.800000001
    }, 
    "averaged_NPV": 39564822.125200003
}