{
    "std": 12562019.540267104, 
    "raw_results": {
        "0": 42921735.696000002, 
        "1": 58686418.898999996, 
        "2": 62049749.674999997, 
        "3": 83564935.965000004, 
        "4": 63295225.119999997, 
        "5": 69627349.392000005, 
        "6": 87488120.886000007, 
        "7": 75471231.420000002, 
        "8": 69830485.810000002, 
        "9": 56505751.976999998
    }, 
    "averaged_NPV": 66944100.48399999
}