{
    "std": 11440497.919078592, 
    "raw_results": {
        "0": 43896629.957999997, 
        "1": 57819310.086999997, 
        "2": 63688199.824000001, 
        "3": 82196911.446999997, 
        "4": 62168465.473999999, 
        "5": 67813995.019999996, 
        "6": 84636049.930999994, 
        "7": 73274099.596000001, 
        "8": 67375376.471000001, 
        "9": 57896681.747000001
    }, 
    "averaged_NPV": 66076571.955499992
}