{
    "std": 12769184.831610348, 
    "raw_results": {
        "0": 43238137.122000001, 
        "1": 56877518.935999997, 
        "2": 62407724.781000003, 
        "3": 84162553.964000002, 
        "4": 61103407.299000002, 
        "5": 70290937.362000003, 
        "6": 87748931.972000003, 
        "7": 75795063.736000001, 
        "8": 67052503.136, 
        "9": 57201398.049000002
    }, 
    "averaged_NPV": 66587817.635700002
}