{
    "std": 11588026.287029676, 
    "raw_results": {
        "0": 22307226.620999999, 
        "1": 35304086.827, 
        "2": 38413050.468000002, 
        "3": 60302830.343999997, 
        "4": 38356081.483000003, 
        "5": 48004548.564999998, 
        "6": 60825988.028999999, 
        "7": 51713440.702, 
        "8": 44038748.399999999, 
        "9": 33291687.374000002
    }, 
    "averaged_NPV": 43255768.881300002
}