{
    "std": 10975680.668998407, 
    "raw_results": {
        "0": 19672631.844999999, 
        "1": 31694059.861000001, 
        "2": 34566633.255999997, 
        "3": 55380365.601000004, 
        "4": 34034410.872000001, 
        "5": 43974663.384000003, 
        "6": 55982433.465000004, 
        "7": 47467330.109999999, 
        "8": 37767992.321999997, 
        "9": 30123972.851
    }, 
    "averaged_NPV": 39066449.356700011
}