{
    "std": 12760742.42710807, 
    "raw_results": {
        "0": 43451868.689999998, 
        "1": 56992675.914999999, 
        "2": 62585752.083999999, 
        "3": 84344145.849999994, 
        "4": 61227118.559, 
        "5": 70434247.215000004, 
        "6": 87927970.696999997, 
        "7": 75916324.988000005, 
        "8": 67180381.621999994, 
        "9": 57440157.557999998
    }, 
    "averaged_NPV": 66750064.3178
}