{
    "std": 11537012.572513821, 
    "raw_results": {
        "0": 43579175.935000002, 
        "1": 57628417.674000002, 
        "2": 63382094.358999997, 
        "3": 82230400.650999993, 
        "4": 61981121.924000002, 
        "5": 67710871.761000007, 
        "6": 84637771.013999999, 
        "7": 73026151.773000002, 
        "8": 67120344.871000007, 
        "9": 57571973.564000003
    }, 
    "averaged_NPV": 65886832.352600001
}