{
    "std": 11451790.460513415, 
    "raw_results": {
        "0": 43882375.155000001, 
        "1": 57790874.906999998, 
        "2": 63651962.792000003, 
        "3": 82239389.905000001, 
        "4": 62139813.892999999, 
        "5": 67779759.542999998, 
        "6": 84632008.041999996, 
        "7": 73246409.847000003, 
        "8": 67341084.870000005, 
        "9": 57868066.575000003
    }, 
    "averaged_NPV": 66057174.552900001
}