{
    "std": 11476758.738287032, 
    "raw_results": {
        "0": 43568621.846000001, 
        "1": 57546229.956, 
        "2": 63255132.454000004, 
        "3": 81963698.181999996, 
        "4": 61843093.221000001, 
        "5": 67605641.724000007, 
        "6": 84448500.746999994, 
        "7": 72888084.924999997, 
        "8": 67042034.934, 
        "9": 57517353.189000003
    }, 
    "averaged_NPV": 65767839.117799997
}