{
    "std": 11391363.82004242, 
    "raw_results": {
        "0": 44013727.153999999, 
        "1": 58027117.853, 
        "2": 63755242.894000001, 
        "3": 82203093.996999994, 
        "4": 62319767.042000003, 
        "5": 67952282.304000005, 
        "6": 84636049.930999994, 
        "7": 73307994.424999997, 
        "8": 67609071.111000001, 
        "9": 58075565.612999998
    }, 
    "averaged_NPV": 66189991.2324
}