{
    "std": 11735279.645846186, 
    "raw_results": {
        "0": 20977622.691, 
        "1": 33576528.064999998, 
        "2": 35309517.177000001, 
        "3": 58298542.527000003, 
        "4": 36487334.296999998, 
        "5": 44342796.118000001, 
        "6": 60603551.870999999, 
        "7": 48658334.178999998, 
        "8": 40272972.561999999, 
        "9": 30291763.136999998
    }, 
    "averaged_NPV": 40881896.262400001
}