{
    "std": 10867247.184642486, 
    "raw_results": {
        "0": 45249598.107000001, 
        "1": 58421137.774999999, 
        "2": 64495027.410999998, 
        "3": 81755536.806999996, 
        "4": 63196292.957999997, 
        "5": 68055806.100999996, 
        "6": 84209115.357999995, 
        "7": 72927777.743000001, 
        "8": 69194415.386999995, 
        "9": 59277443.284999996
    }, 
    "averaged_NPV": 66678215.093199991
}