{
    "std": 12091687.059257085, 
    "raw_results": {
        "0": 44332742.545000002, 
        "1": 58178511.548, 
        "2": 64523329.391999997, 
        "3": 83472711.456, 
        "4": 62924179.767999999, 
        "5": 69725272.917999998, 
        "6": 87479042.887999997, 
        "7": 75591647.228, 
        "8": 69056535.314999998, 
        "9": 58461380.25
    }, 
    "averaged_NPV": 67374535.330800012
}