{
    "std": 11437761.447552169, 
    "raw_results": {
        "0": 44060921.733000003, 
        "1": 57920439.436999999, 
        "2": 63753699.644000001, 
        "3": 82228511.700000003, 
        "4": 62332534.384999998, 
        "5": 67956327.496999994, 
        "6": 84762842.840000004, 
        "7": 73438737.546000004, 
        "8": 67517481.578999996, 
        "9": 57840350.649999999
    }, 
    "averaged_NPV": 66181184.701099992
}