{
    "std": 11479985.900272653, 
    "raw_results": {
        "0": 43822934.226999998, 
        "1": 57798424.578000002, 
        "2": 63599396.346000001, 
        "3": 82302511.294, 
        "4": 62094818.703000002, 
        "5": 67771359.973000005, 
        "6": 84704220.966999993, 
        "7": 73086832.319000006, 
        "8": 67299841.908999994, 
        "9": 57806264.682999998
    }, 
    "averaged_NPV": 66028660.499899998
}