{
    "std": 11447767.151922876, 
    "raw_results": {
        "0": 43896629.957999997, 
        "1": 57819310.086999997, 
        "2": 63688199.824000001, 
        "3": 82246734.398000002, 
        "4": 62168465.473999999, 
        "5": 67815063.716000006, 
        "6": 84636049.930999994, 
        "7": 73277681.547999993, 
        "8": 67375376.471000001, 
        "9": 57896681.747000001
    }, 
    "averaged_NPV": 66082019.315399989
}