{
    "std": 10849253.511831591, 
    "raw_results": {
        "0": 20726431.041000001, 
        "1": 32007109.272, 
        "2": 34999834.601000004, 
        "3": 55538832.869999997, 
        "4": 34554222.199000001, 
        "5": 44464688.339000002, 
        "6": 56360966.840000004, 
        "7": 48000978.200000003, 
        "8": 40074933.644000001, 
        "9": 30260188.092999998
    }, 
    "averaged_NPV": 39698818.509900004
}