{
    "std": 12515920.339825498, 
    "raw_results": {
        "0": 42994135.305, 
        "1": 58871859.064000003, 
        "2": 65528158.979000002, 
        "3": 83764280.631999999, 
        "4": 63254625.766999997, 
        "5": 69749277.216000006, 
        "6": 87747093.769999996, 
        "7": 75613931.388999999, 
        "8": 69647258.903999999, 
        "9": 56555881.152000003
    }, 
    "averaged_NPV": 67372650.217799991
}