{
    "std": 11449772.020575795, 
    "raw_results": {
        "0": 43795074.32, 
        "1": 57816478.480999999, 
        "2": 63651764.972999997, 
        "3": 82094949.259000003, 
        "4": 62196637.441, 
        "5": 67786316.256999999, 
        "6": 84622307.101999998, 
        "7": 73272398.141000003, 
        "8": 67362715.681999996, 
        "9": 57802017.648000002
    }, 
    "averaged_NPV": 66040065.930399999
}