{
    "std": 11469400.218761973, 
    "raw_results": {
        "0": 43839842.865999997, 
        "1": 57821260.431000002, 
        "2": 63635542.439000003, 
        "3": 82253505.049999997, 
        "4": 62127472.516999997, 
        "5": 67829289.553000003, 
        "6": 84657368.506999999, 
        "7": 73266210.350999996, 
        "8": 67343234.427000001, 
        "9": 57830894.862000003
    }, 
    "averaged_NPV": 66060462.100299999
}