{
    "std": 11218797.32073454, 
    "raw_results": {
        "0": 44574507.644000001, 
        "1": 57875536.011, 
        "2": 63697474.530000001, 
        "3": 81920740.990999997, 
        "4": 62246423.024999999, 
        "5": 67729963.127000004, 
        "6": 84408790.275000006, 
        "7": 73188616.303000003, 
        "8": 67392338.399000004, 
        "9": 57919505.740999997
    }, 
    "averaged_NPV": 66095389.604599997
}