{
    "std": 11284409.234822549, 
    "raw_results": {
        "0": 44233963.325000003, 
        "1": 57991006.883000001, 
        "2": 63781695.090000004, 
        "3": 81972308.045000002, 
        "4": 62365588.115000002, 
        "5": 67837259.628000006, 
        "6": 84461146.678000003, 
        "7": 73270291.027999997, 
        "8": 67523180.841999993, 
        "9": 58057292.881999999
    }, 
    "averaged_NPV": 66149373.251600005
}