{
    "std": 11224218.905596444, 
    "raw_results": {
        "0": 44571181.288999997, 
        "1": 57846551.329999998, 
        "2": 63679322.611000001, 
        "3": 81920740.990999997, 
        "4": 62224672.233000003, 
        "5": 67720931.354000002, 
        "6": 84408790.275000006, 
        "7": 73184750.820999995, 
        "8": 67383434.068000004, 
        "9": 57892049.482000001
    }, 
    "averaged_NPV": 66083242.445399985
}