{
    "std": 11279372.500496924, 
    "raw_results": {
        "0": 44269890.876999997, 
        "1": 57962092.713, 
        "2": 63765728.174000002, 
        "3": 81972308.045000002, 
        "4": 62343891.609999999, 
        "5": 67828409.931999996, 
        "6": 84461146.678000003, 
        "7": 73266590.792999998, 
        "8": 67514147.748999998, 
        "9": 58067728.732000001
    }, 
    "averaged_NPV": 66145193.530299999
}