{
    "std": 11529761.351691354, 
    "raw_results": {
        "0": 43656035.522, 
        "1": 57719625.681000002, 
        "2": 63497514.354999997, 
        "3": 82215093.869000003, 
        "4": 62101587.127999999, 
        "5": 67783637.386999995, 
        "6": 84750834.734999999, 
        "7": 73138337.967999995, 
        "8": 67243816.437999994, 
        "9": 57640839.454000004
    }, 
    "averaged_NPV": 65974732.253700003
}