{
    "std": 11495991.099850219, 
    "raw_results": {
        "0": 43755291.582000002, 
        "1": 57710714.755000003, 
        "2": 63506082.546999998, 
        "3": 82244351.295000002, 
        "4": 62052188.5, 
        "5": 67776546.685000002, 
        "6": 84653240.452000007, 
        "7": 73075751.266000003, 
        "8": 67252250.810000002, 
        "9": 57655465.467
    }, 
    "averaged_NPV": 65968188.335899994
}