{
    "std": 11379470.201363591, 
    "raw_results": {
        "0": 44148179.424999997, 
        "1": 57957621.43, 
        "2": 63805549.18, 
        "3": 82138196.707000002, 
        "4": 62354301.464000002, 
        "5": 67873807.547000006, 
        "6": 84710780.637999997, 
        "7": 73378838.675999999, 
        "8": 67549368.724999994, 
        "9": 57993382.148999996
    }, 
    "averaged_NPV": 66191002.594099998
}