{
    "std": 12748654.841088951, 
    "raw_results": {
        "0": 43225269.060000002, 
        "1": 56901946.887000002, 
        "2": 62427929.134000003, 
        "3": 84110562.368000001, 
        "4": 61125672.318999998, 
        "5": 70294159.215000004, 
        "6": 87685352.171000004, 
        "7": 75793942.383000001, 
        "8": 67063583.920000002, 
        "9": 57225713.827
    }, 
    "averaged_NPV": 66585413.128400005
}