{
    "std": 11066951.799182588, 
    "raw_results": {
        "0": 44842487.723999999, 
        "1": 57780945.486000001, 
        "2": 63555320.439999998, 
        "3": 81723368.228, 
        "4": 62122553.647, 
        "5": 67559745.180000007, 
        "6": 84171716.988999993, 
        "7": 72932156.891000003, 
        "8": 67329588.299999997, 
        "9": 58325966.035999998
    }, 
    "averaged_NPV": 66034384.892099999
}