{
    "std": 11445839.086322403, 
    "raw_results": {
        "0": 43790937.489, 
        "1": 57693410.329000004, 
        "2": 63507353.232000001, 
        "3": 82150299.25, 
        "4": 61987264.366999999, 
        "5": 67672375.708000004, 
        "6": 84506015.559, 
        "7": 73097044.813999996, 
        "8": 67190424.303000003, 
        "9": 57773935.678000003
    }, 
    "averaged_NPV": 65936906.072899997
}