{
    "std": 12719482.166062385, 
    "raw_results": {
        "0": 43210822.678000003, 
        "1": 56719250.965999998, 
        "2": 62239196.115000002, 
        "3": 83816291.451000005, 
        "4": 61151490.762000002, 
        "5": 70152275.358999997, 
        "6": 87573088.128000006, 
        "7": 75895314.897, 
        "8": 66984785.163000003, 
        "9": 57158246.905000001
    }, 
    "averaged_NPV": 66490076.242399991
}