{
    "std": 11505779.406440018, 
    "raw_results": {
        "0": 43613429.894000001, 
        "1": 57709030.020000003, 
        "2": 63451393.979000002, 
        "3": 82050702.773000002, 
        "4": 62009698.086999997, 
        "5": 67765329.929000005, 
        "6": 84666009.223000005, 
        "7": 73066402.941, 
        "8": 67188810.875, 
        "9": 57568676.038000003
    }, 
    "averaged_NPV": 65908948.375899993
}