{
    "std": 11948057.059953906, 
    "raw_results": {
        "0": 20222572.159000002, 
        "1": 32150697.208999999, 
        "2": 34934698.810000002, 
        "3": 58035843.424000002, 
        "4": 34579608.898999996, 
        "5": 44569734.799000002, 
        "6": 60288079.346000001, 
        "7": 48201298.842, 
        "8": 40242691.519000001, 
        "9": 30209998.004000001
    }, 
    "averaged_NPV": 40343522.301100001
}