{
    "std": 11493901.881187608, 
    "raw_results": {
        "0": 43566549.152999997, 
        "1": 57526776.351000004, 
        "2": 63260821.277999997, 
        "3": 82002588.155000001, 
        "4": 61848388.990999997, 
        "5": 67634732.031000003, 
        "6": 84491939.534999996, 
        "7": 72919310.457000002, 
        "8": 67066501.722000003, 
        "9": 57511563.331
    }, 
    "averaged_NPV": 65782917.100399993
}