{
    "std": 11466838.727776812, 
    "raw_results": {
        "0": 43673958.373000003, 
        "1": 57627352.545999996, 
        "2": 63403534.714000002, 
        "3": 82118644.785999998, 
        "4": 61921311.094999999, 
        "5": 67610884.300999999, 
        "6": 84489382.055999994, 
        "7": 72900449.672000006, 
        "8": 67116026.222000003, 
        "9": 57630047.094999999
    }, 
    "averaged_NPV": 65849159.08600001
}