{
    "std": 11800773.07434207, 
    "raw_results": {
        "0": 21864334.796999998, 
        "1": 34568663.721000001, 
        "2": 38173189.468000002, 
        "3": 59982576.924999997, 
        "4": 37814525.765000001, 
        "5": 47537559.792999998, 
        "6": 60371818.299000002, 
        "7": 51790520.655000001, 
        "8": 40796785.457000002, 
        "9": 31382984.809999999
    }, 
    "averaged_NPV": 42428295.968999997
}