{
    "std": 11829810.473662484, 
    "raw_results": {
        "0": 42432088.660999998, 
        "1": 58412744.579000004, 
        "2": 64670704.442000002, 
        "3": 83034761.063999996, 
        "4": 62583868.890000001, 
        "5": 68628472.820999995, 
        "6": 85034591.592999995, 
        "7": 74093977.137999997, 
        "8": 68198585.752000004, 
        "9": 59135868.409999996
    }, 
    "averaged_NPV": 66622566.334999993
}