{
    "std": 11977131.515248714, 
    "raw_results": {
        "0": 20632009.331, 
        "1": 34340525.972000003, 
        "2": 37942992.715000004, 
        "3": 58996753.648000002, 
        "4": 37472667.375, 
        "5": 44856093.990000002, 
        "6": 61213085.467, 
        "7": 51477238.609999999, 
        "8": 41217345.927000001, 
        "9": 30784122.809
    }, 
    "averaged_NPV": 41893283.584400006
}