{
    "std": 11900054.592407793, 
    "raw_results": {
        "0": 42975048.375, 
        "1": 58971107.093000002, 
        "2": 65387667.343000002, 
        "3": 82475290.118000001, 
        "4": 63610092.133000001, 
        "5": 69375413.410999998, 
        "6": 86950486.511999995, 
        "7": 74670792.253999993, 
        "8": 69727408.585999995, 
        "9": 59757540.289999999
    }, 
    "averaged_NPV": 67390084.611499995
}