{
    "std": 11802803.492283264, 
    "raw_results": {
        "0": 43522734.685000002, 
        "1": 57874934.825000003, 
        "2": 63012747.953000002, 
        "3": 83131270.456, 
        "4": 61887442.5, 
        "5": 68635586.285999998, 
        "6": 85046022.157000005, 
        "7": 74108511.922999993, 
        "8": 67624648.366999999, 
        "9": 57926397.185999997
    }, 
    "averaged_NPV": 66277029.633800007
}