{
    "std": 12749285.98937905, 
    "raw_results": {
        "0": 43027822.059, 
        "1": 56704289.623000003, 
        "2": 62180992.692000002, 
        "3": 83759035.598000005, 
        "4": 61149959.008000001, 
        "5": 70172873.178000003, 
        "6": 87503359.598000005, 
        "7": 75894959.891000003, 
        "8": 66965626.251999997, 
        "9": 56996254.946000002
    }, 
    "averaged_NPV": 66435517.284499988
}