{
    "std": 11263715.405237645, 
    "raw_results": {
        "0": 44292572.593000002, 
        "1": 58034451.298, 
        "2": 63802825.835000001, 
        "3": 82007232.901999995, 
        "4": 62380984.061999999, 
        "5": 67817618.947999999, 
        "6": 84448719.423999995, 
        "7": 73222311.915000007, 
        "8": 67588687.438999996, 
        "9": 58135583.405000001
    }, 
    "averaged_NPV": 66173098.782099999
}