{
    "std": 11444516.067243515, 
    "raw_results": {
        "0": 43882375.155000001, 
        "1": 57790874.906999998, 
        "2": 63651962.792000003, 
        "3": 82189566.261999995, 
        "4": 62139813.892999999, 
        "5": 67778689.592999995, 
        "6": 84632008.041999996, 
        "7": 73242823.444999993, 
        "8": 67341084.870000005, 
        "9": 57868066.575000003
    }, 
    "averaged_NPV": 66051726.553400002
}