{
    "std": 11733103.450576857, 
    "raw_results": {
        "0": 43800674.652999997, 
        "1": 58149555.747000001, 
        "2": 63295901.328000002, 
        "3": 83180297.804000005, 
        "4": 62198571.865000002, 
        "5": 68695302.555999994, 
        "6": 85167952.327999994, 
        "7": 74291836.734999999, 
        "8": 67973455.118000001, 
        "9": 58225251.298
    }, 
    "averaged_NPV": 66497879.943200007
}