{
    "std": 12746161.827784628, 
    "raw_results": {
        "0": 43218912.327, 
        "1": 56772266.163000003, 
        "2": 62325738.954000004, 
        "3": 83970358.762999997, 
        "4": 61202417.302000001, 
        "5": 70253171.746000007, 
        "6": 87636893.422999993, 
        "7": 75952998.010000005, 
        "8": 67021057.115000002, 
        "9": 57180685.281000003
    }, 
    "averaged_NPV": 66553449.908399999
}