{
    "std": 12081242.315493379, 
    "raw_results": {
        "0": 44078060.789999999, 
        "1": 57904810.420999996, 
        "2": 64175351.151000001, 
        "3": 83170832.804000005, 
        "4": 62598799.717, 
        "5": 69369380.267000005, 
        "6": 87246703.633000001, 
        "7": 75269568.306999996, 
        "8": 68677997.047999993, 
        "9": 58288070.344999999
    }, 
    "averaged_NPV": 67077957.448300004
}