{
    "std": 11474373.943334127, 
    "raw_results": {
        "0": 43839842.865999997, 
        "1": 57821260.431000002, 
        "2": 63635542.439000003, 
        "3": 82282421.638999999, 
        "4": 62127472.516999997, 
        "5": 67831306.913000003, 
        "6": 84659098.663000003, 
        "7": 73275399.172999993, 
        "8": 67343234.427000001, 
        "9": 57830894.862000003
    }, 
    "averaged_NPV": 66064647.392999992
}