{
    "std": 11353343.923083318, 
    "raw_results": {
        "0": 44179628.048, 
        "1": 57967012.647, 
        "2": 63763093.935000002, 
        "3": 82123209.181999996, 
        "4": 62291228.348999999, 
        "5": 67815065.004999995, 
        "6": 84634400.805999994, 
        "7": 73273981.276999995, 
        "8": 67492348.166999996, 
        "9": 57989340.145000003
    }, 
    "averaged_NPV": 66152930.756099984
}