{
    "std": 12094756.937170794, 
    "raw_results": {
        "0": 42595519.998999998, 
        "1": 58203162.517999999, 
        "2": 64892869.218000002, 
        "3": 83520594.555999994, 
        "4": 62905121.696999997, 
        "5": 69542864.208000004, 
        "6": 85944302.561000004, 
        "7": 75046997.320999995, 
        "8": 69003283.147, 
        "9": 59146685.784999996
    }, 
    "averaged_NPV": 67080140.100999989
}