{
    "std": 11239139.5130022, 
    "raw_results": {
        "0": 44292572.593000002, 
        "1": 58034451.298, 
        "2": 63802825.835000001, 
        "3": 81905706.947999999, 
        "4": 62380984.061999999, 
        "5": 67799587.689999998, 
        "6": 84387964.902999997, 
        "7": 73219039.797999993, 
        "8": 67588687.438999996, 
        "9": 58135583.405000001
    }, 
    "averaged_NPV": 66154740.397099994
}