{
    "std": 12742729.813054508, 
    "raw_results": {
        "0": 43027889.733000003, 
        "1": 56713708.060000002, 
        "2": 62168581.483999997, 
        "3": 83744901.553000003, 
        "4": 61130691.964000002, 
        "5": 70143728.473000005, 
        "6": 87493552.042999998, 
        "7": 75859955.127000004, 
        "8": 66928601.968000002, 
        "9": 56994875.163000003
    }, 
    "averaged_NPV": 66420648.556800008
}