{
    "std": 11426846.466893611, 
    "raw_results": {
        "0": 43916022.787, 
        "1": 57908308.222000003, 
        "2": 63776874.093999997, 
        "3": 82156141.822999999, 
        "4": 62281877.030000001, 
        "5": 67870925.703999996, 
        "6": 84670343.259000003, 
        "7": 73351373.903999999, 
        "8": 67477706.435000002, 
        "9": 57959962.780000001
    }, 
    "averaged_NPV": 66136953.603799984
}