{
    "std": 11856340.110227572, 
    "raw_results": {
        "0": 21863696.478, 
        "1": 34998164.865999997, 
        "2": 38213923.425999999, 
        "3": 59874748.056999996, 
        "4": 38168658.791000001, 
        "5": 47534019.615999997, 
        "6": 60994306.313000001, 
        "7": 52182310.821000002, 
        "8": 41119434.457000002, 
        "9": 31466092.484000001
    }, 
    "averaged_NPV": 42641535.530900002
}