{
    "std": 11797203.054122871, 
    "raw_results": {
        "0": 43534206.314999998, 
        "1": 57874934.825000003, 
        "2": 63012747.953000002, 
        "3": 83122156.562999994, 
        "4": 61887442.5, 
        "5": 68635586.285999998, 
        "6": 85034591.592999995, 
        "7": 74104445.334999993, 
        "8": 67624648.366999999, 
        "9": 57926397.185999997
    }, 
    "averaged_NPV": 66275715.692299999
}