{
    "std": 12295704.884511711, 
    "raw_results": {
        "0": 42834563.739, 
        "1": 58569076.159000002, 
        "2": 61974415.656000003, 
        "3": 83402642.186000004, 
        "4": 63217187.648000002, 
        "5": 69517411.812000006, 
        "6": 85929397.134000003, 
        "7": 75041170.287, 
        "8": 69782730.515000001, 
        "9": 56406413.663999997
    }, 
    "averaged_NPV": 66667500.88000001
}