{
    "std": 12172536.391008994, 
    "raw_results": {
        "0": 43040949.425999999, 
        "1": 58969461.552000001, 
        "2": 65622008.219999999, 
        "3": 83728981.101999998, 
        "4": 63360852.214000002, 
        "5": 69772299.019999996, 
        "6": 85930604.386999995, 
        "7": 75288311.452999994, 
        "8": 69576639.498999998, 
        "9": 56647866.169
    }, 
    "averaged_NPV": 67193797.304199994
}