{
    "std": 11513871.278578088, 
    "raw_results": {
        "0": 43728504.493000001, 
        "1": 57767809.181000002, 
        "2": 63607628.329999998, 
        "3": 82231386.592999995, 
        "4": 62157922.436999999, 
        "5": 67831014.312999994, 
        "6": 84768027.108999997, 
        "7": 73181629.339000002, 
        "8": 67356616.037, 
        "9": 57695549.461999997
    }, 
    "averaged_NPV": 66032608.729400001
}