{
    "std": 11502605.634937877, 
    "raw_results": {
        "0": 43684830.435999997, 
        "1": 57716477.623000003, 
        "2": 63477231.969999999, 
        "3": 82230400.650999993, 
        "4": 62031352.328000002, 
        "5": 67729169.881999999, 
        "6": 84637771.013999999, 
        "7": 73034941.981999993, 
        "8": 67209054.875, 
        "9": 57651206.734999999
    }, 
    "averaged_NPV": 65940243.749599993
}