{
    "std": 12038693.480947517, 
    "raw_results": {
        "0": 42834382.472000003, 
        "1": 58182173.571000002, 
        "2": 65018518.660999998, 
        "3": 83594536.099000007, 
        "4": 63074411.538999997, 
        "5": 69649868.274000004, 
        "6": 85822118.827999994, 
        "7": 75200650.416999996, 
        "8": 68814168.522, 
        "9": 59176556.207999997
    }, 
    "averaged_NPV": 67136738.459099993
}