{
    "std": 11567062.331928089, 
    "raw_results": {
        "0": 43587872.412, 
        "1": 57689472.539999999, 
        "2": 63512592.581, 
        "3": 82234662.247999996, 
        "4": 62096461.346000001, 
        "5": 67881377.552000001, 
        "6": 84810353.781000003, 
        "7": 73215211.393999994, 
        "8": 67245519.797999993, 
        "9": 57595594.050999999
    }, 
    "averaged_NPV": 65986911.770299993
}