{
    "std": 10773435.294121457, 
    "raw_results": {
        "0": 19944596.833000001, 
        "1": 31790721.458000001, 
        "2": 34777832.598999999, 
        "3": 54972343.368000001, 
        "4": 34374037.026000001, 
        "5": 43883492.593000002, 
        "6": 55501918.890000001, 
        "7": 47609700.473999999, 
        "8": 37568614.788000003, 
        "9": 30115384.616999999
    }, 
    "averaged_NPV": 39053864.264599994
}