{
    "std": 11373868.792079354, 
    "raw_results": {
        "0": 44148179.424999997, 
        "1": 57957621.43, 
        "2": 63803240.163999997, 
        "3": 82130956.472000003, 
        "4": 62354301.464000002, 
        "5": 67872205.981999993, 
        "6": 84686012.710999995, 
        "7": 73369984.811000004, 
        "8": 67547500.501000002, 
        "9": 57993382.148999996
    }, 
    "averaged_NPV": 66186338.510900006
}