{
    "std": 11785179.038114183, 
    "raw_results": {
        "0": 22058679.346000001, 
        "1": 34510442.395999998, 
        "2": 38071662.372000001, 
        "3": 59886322.403999999, 
        "4": 37739678.754000001, 
        "5": 47490916.736000001, 
        "6": 60266536.850000001, 
        "7": 52086996.483000003, 
        "8": 40768002.089000002, 
        "9": 31218117.776999999
    }, 
    "averaged_NPV": 42409735.5207
}