{
    "std": 11379092.418816581, 
    "raw_results": {
        "0": 44094343.343999997, 
        "1": 57890167.283, 
        "2": 63731850.435000002, 
        "3": 82157301.136000007, 
        "4": 62286848.824000001, 
        "5": 67868282.136999995, 
        "6": 84567933.980000004, 
        "7": 73344496.077000007, 
        "8": 67524899.658999994, 
        "9": 57944365.685999997
    }, 
    "averaged_NPV": 66141048.856100008
}