{
    "std": 12083917.222568307, 
    "raw_results": {
        "0": 42579858.980999999, 
        "1": 58171665.266999997, 
        "2": 64885101.855999999, 
        "3": 83402642.186000004, 
        "4": 62892999.434, 
        "5": 69517411.812000006, 
        "6": 85929397.134000003, 
        "7": 75041170.287, 
        "8": 69003283.147, 
        "9": 59110993.416000001
    }, 
    "averaged_NPV": 67053452.351999998
}