{
    "std": 11455167.229470395, 
    "raw_results": {
        "0": 43830600.522, 
        "1": 57746013.662, 
        "2": 63604406.457000002, 
        "3": 82165587.755999997, 
        "4": 62089317.314999998, 
        "5": 67730715.144999996, 
        "6": 84628075.302000001, 
        "7": 73194949.694999993, 
        "8": 67291523.101999998, 
        "9": 57826584.068999998
    }, 
    "averaged_NPV": 66010777.302499995
}