{
    "std": 11252251.191425562, 
    "raw_results": {
        "0": 21447273.526000001, 
        "1": 33924668.487000003, 
        "2": 37067045.483000003, 
        "3": 58891817.114, 
        "4": 36875816.329000004, 
        "5": 44151775.865999997, 
        "6": 58603967.674999997, 
        "7": 48253386.232000001, 
        "8": 40676347.734999999, 
        "9": 30576935.862
    }, 
    "averaged_NPV": 41046903.4309
}