{
    "std": 12200345.077314826, 
    "raw_results": {
        "0": 43041974.465000004, 
        "1": 58975631.658, 
        "2": 65642015.381999999, 
        "3": 83768606.532000005, 
        "4": 63360852.214000002, 
        "5": 69794205.428000003, 
        "6": 86081147.217999995, 
        "7": 75288048.213, 
        "8": 69576530.233999997, 
        "9": 56652018.736000001
    }, 
    "averaged_NPV": 67218103.007999986
}