{
    "std": 11747034.570646849, 
    "raw_results": {
        "0": 43820702.372000001, 
        "1": 58091386.840999998, 
        "2": 63246427.361000001, 
        "3": 83281211.363999993, 
        "4": 62061344.376000002, 
        "5": 68613015.702999994, 
        "6": 85178620.464000002, 
        "7": 74174837.652999997, 
        "8": 67860068.920000002, 
        "9": 58199991.586999997
    }, 
    "averaged_NPV": 66452760.664100006
}