{
    "std": 11111985.066605926, 
    "raw_results": {
        "0": 44819121.847000003, 
        "1": 57807420.123000003, 
        "2": 63617609.465000004, 
        "3": 81848404.246000007, 
        "4": 62174488.406000003, 
        "5": 67604982.844999999, 
        "6": 84309092.187000006, 
        "7": 73040868.930999994, 
        "8": 67346609.282000005, 
        "9": 58355958.017999999
    }, 
    "averaged_NPV": 66092455.535000004
}