{
    "std": 11892395.120534332, 
    "raw_results": {
        "0": 44050053.431999996, 
        "1": 57914769.695, 
        "2": 64234862.633000001, 
        "3": 83520594.555999994, 
        "4": 62625448.336000003, 
        "5": 69542864.208000004, 
        "6": 85944302.561000004, 
        "7": 75046997.320999995, 
        "8": 68702122.740999997, 
        "9": 58495126.225000001
    }, 
    "averaged_NPV": 67007714.170800008
}