{
    "std": 11462545.016769867, 
    "raw_results": {
        "0": 43691995.381999999, 
        "1": 57641803.810999997, 
        "2": 63444845.730999999, 
        "3": 82091652.841999993, 
        "4": 61956590.751999997, 
        "5": 67670776.677000001, 
        "6": 84456622.066, 
        "7": 73085669.827000007, 
        "8": 67163432.897, 
        "9": 57650978.042999998
    }, 
    "averaged_NPV": 65885436.802799985
}