{
    "std": 10838736.535487305, 
    "raw_results": {
        "0": 45272918.159999996, 
        "1": 58421137.774999999, 
        "2": 64474914.441, 
        "3": 81761905.283000007, 
        "4": 63196292.957999997, 
        "5": 68038730.457000002, 
        "6": 84064430.177000001, 
        "7": 72905731.047999993, 
        "8": 69175987.187000006, 
        "9": 59277443.284999996
    }, 
    "averaged_NPV": 66658949.077100001
}