{
    "std": 11778263.562893944, 
    "raw_results": {
        "0": 43515522.081, 
        "1": 57802286.472000003, 
        "2": 62897616.443000004, 
        "3": 83081367.645999998, 
        "4": 61769659.947999999, 
        "5": 68538641.079999998, 
        "6": 84935428.214000002, 
        "7": 73907235.171000004, 
        "8": 67542985.231000006, 
        "9": 57895527.195
    }, 
    "averaged_NPV": 66188626.948100008
}