{
    "std": 11339095.058563825, 
    "raw_results": {
        "0": 20919590.199000001, 
        "1": 33287456.151999999, 
        "2": 35236107.706, 
        "3": 57360925.708999999, 
        "4": 36577400.520999998, 
        "5": 43625935.380999997, 
        "6": 59279157.023000002, 
        "7": 47919981.195, 
        "8": 40248851.825000003, 
        "9": 30232883.767999999
    }, 
    "averaged_NPV": 40468828.947899997
}