{
    "std": 11355056.509542398, 
    "raw_results": {
        "0": 44204784.765000001, 
        "1": 57903493.386, 
        "2": 63752927.049000002, 
        "3": 82156142.103, 
        "4": 62279997.233999997, 
        "5": 67827525.662, 
        "6": 84632516.834000006, 
        "7": 73267950.716000006, 
        "8": 67434695.665999994, 
        "9": 58018386.660999998
    }, 
    "averaged_NPV": 66147842.007599995
}