{
    "std": 12678498.417813431, 
    "raw_results": {
        "0": 43595432.403999999, 
        "1": 57145963.943000004, 
        "2": 62665625.825999998, 
        "3": 84204071.996999994, 
        "4": 61498800.353, 
        "5": 70469826.877000004, 
        "6": 87819592.682999998, 
        "7": 76120880.804000005, 
        "8": 67374153.218999997, 
        "9": 57568779.377999999
    }, 
    "averaged_NPV": 66846312.748399995
}