{
    "std": 12760586.705568228, 
    "raw_results": {
        "0": 42989381.744999997, 
        "1": 56611750.202, 
        "2": 62073313.276000001, 
        "3": 83729331.457000002, 
        "4": 61041949.681999996, 
        "5": 70047369.481999993, 
        "6": 87493552.042999998, 
        "7": 75795529.730000004, 
        "8": 66841401.450000003, 
        "9": 56911387.398999996
    }, 
    "averaged_NPV": 66353496.646600008
}