{
    "std": 11361947.204324691, 
    "raw_results": {
        "0": 43952440.171999998, 
        "1": 57895253.226000004, 
        "2": 63609771.498999998, 
        "3": 82068165.106000006, 
        "4": 62212792.436999999, 
        "5": 67806130.493000001, 
        "6": 84437805.811000004, 
        "7": 73178069.388999999, 
        "8": 67476104.557999998, 
        "9": 57997722.978
    }, 
    "averaged_NPV": 66063425.5669
}