{
    "std": 11279550.24662954, 
    "raw_results": {
        "0": 44574507.644000001, 
        "1": 57875536.011, 
        "2": 63710234.233000003, 
        "3": 82122523.800999999, 
        "4": 62246423.024999999, 
        "5": 67768854.026999995, 
        "6": 84592091.672000006, 
        "7": 73217600.377000004, 
        "8": 67406590.269999996, 
        "9": 57919505.740999997
    }, 
    "averaged_NPV": 66143386.680099986
}