{
    "std": 10986228.228922846, 
    "raw_results": {
        "0": 20180216.118000001, 
        "1": 33621069.07, 
        "2": 36902632.935000002, 
        "3": 58161987.461999997, 
        "4": 36578512.005999997, 
        "5": 44001445.236000001, 
        "6": 56072939.178999998, 
        "7": 47745491.973999999, 
        "8": 40402770.549000002, 
        "9": 30536357.445
    }, 
    "averaged_NPV": 40420342.197399996
}