{
    "std": 11412268.030587832, 
    "raw_results": {
        "0": 44066347.875, 
        "1": 57849652.353, 
        "2": 63728356.314999998, 
        "3": 82176576.030000001, 
        "4": 62230899.796999998, 
        "5": 67835612.732999995, 
        "6": 84688589.062999994, 
        "7": 73327127.454999998, 
        "8": 67443418.912, 
        "9": 57901242.299000002
    }, 
    "averaged_NPV": 66124782.283200003
}