{
    "std": 11180836.927209914, 
    "raw_results": {
        "0": 44637955.703000002, 
        "1": 57924427.050999999, 
        "2": 63682611.197999999, 
        "3": 81900955.650999993, 
        "4": 62265050.942000002, 
        "5": 67719377.067000002, 
        "6": 84341080.995000005, 
        "7": 73127919.866999999, 
        "8": 67507285.304000005, 
        "9": 57994415.674000002
    }, 
    "averaged_NPV": 66110107.945200004
}