{
    "std": 11970031.526605489, 
    "raw_results": {
        "0": 44312288.767999999, 
        "1": 58109084.557999998, 
        "2": 64410239.336999997, 
        "3": 83552188.086999997, 
        "4": 62816821.056999996, 
        "5": 69598647.846000001, 
        "6": 86749947.004999995, 
        "7": 75155936.612000003, 
        "8": 68925016.674999997, 
        "9": 58384736.307999998
    }, 
    "averaged_NPV": 67201490.62529999
}