{
    "std": 11544117.445076954, 
    "raw_results": {
        "0": 43502530.597999997, 
        "1": 57551996.056000002, 
        "2": 63349422.847000003, 
        "3": 82033309.634000003, 
        "4": 61928953.339000002, 
        "5": 67727934.718999997, 
        "6": 84655937.714000002, 
        "7": 73055352.120000005, 
        "8": 67079641.07, 
        "9": 57468095.601000004
    }, 
    "averaged_NPV": 65835317.369799994
}