{
    "std": 10829731.381753972, 
    "raw_results": {
        "0": 19798508.91, 
        "1": 31747874.054000001, 
        "2": 34569857.372000001, 
        "3": 54942023.365000002, 
        "4": 34138276.414999999, 
        "5": 43993788.472000003, 
        "6": 55669239.508000001, 
        "7": 47370709.472999997, 
        "8": 37551039.645999998, 
        "9": 30102741.418000001
    }, 
    "averaged_NPV": 38988405.863300003
}