{
    "std": 11498674.157638218, 
    "raw_results": {
        "0": 43701065.642999999, 
        "1": 57700047.023000002, 
        "2": 63464115.111000001, 
        "3": 82083899.725999996, 
        "4": 62026255.075999998, 
        "5": 67804513.319999993, 
        "6": 84702157.922999993, 
        "7": 73105729.039000005, 
        "8": 67227235.588, 
        "9": 57624011.295999996
    }, 
    "averaged_NPV": 65943902.974499986
}