{
    "std": 11993268.260976955, 
    "raw_results": {
        "0": 43268207.756999999, 
        "1": 57388683.655000001, 
        "2": 63196493.969999999, 
        "3": 84774797.519999996, 
        "4": 61771935.810000002, 
        "5": 67424275.101999998, 
        "6": 84613126.463, 
        "7": 72565504.106999993, 
        "8": 66940520.482000001, 
        "9": 57232622.741999999
    }, 
    "averaged_NPV": 65917616.760800004
}