{
    "std": 11446594.69505538, 
    "raw_results": {
        "0": 43871645.987000003, 
        "1": 57790874.906999998, 
        "2": 63651962.792000003, 
        "3": 82189566.261999995, 
        "4": 62139813.892999999, 
        "5": 67778689.592999995, 
        "6": 84632008.041999996, 
        "7": 73242823.444999993, 
        "8": 67341084.870000005, 
        "9": 57868066.575000003
    }, 
    "averaged_NPV": 66050653.636599995
}