{
    "std": 11415007.396036521, 
    "raw_results": {
        "0": 20939218.627999999, 
        "1": 33518807.300999999, 
        "2": 35223437.983000003, 
        "3": 58690389.939999998, 
        "4": 36642116.298, 
        "5": 43620089.259000003, 
        "6": 58426607.497000001, 
        "7": 48299843.487000003, 
        "8": 40365363.640000001, 
        "9": 30195724.419
    }, 
    "averaged_NPV": 40592159.845200002
}