{
    "std": 11189856.031725114, 
    "raw_results": {
        "0": 44637855.663999997, 
        "1": 57899436.259999998, 
        "2": 63675054.005999997, 
        "3": 81916540.760000005, 
        "4": 62254592.744000003, 
        "5": 67724548.754999995, 
        "6": 84353633.258000001, 
        "7": 73138664.910999998, 
        "8": 67513770.692000002, 
        "9": 57972864.436999999
    }, 
    "averaged_NPV": 66108696.148700014
}