{
    "std": 11329931.03353685, 
    "raw_results": {
        "0": 44134936.493000001, 
        "1": 57873156.346000001, 
        "2": 63606405.895999998, 
        "3": 82068165.106000006, 
        "4": 62206345.266999997, 
        "5": 67806130.493000001, 
        "6": 84437805.811000004, 
        "7": 73178069.388999999, 
        "8": 67476104.557999998, 
        "9": 57976305.717
    }, 
    "averaged_NPV": 66076342.507600009
}