{
    "std": 12512710.212051593, 
    "raw_results": {
        "0": 42998893.515000001, 
        "1": 56630239.291000001, 
        "2": 62103604.524999999, 
        "3": 83926457.173999995, 
        "4": 61066753.342, 
        "5": 70085624.143999994, 
        "6": 85919836.167999998, 
        "7": 75584000.394999996, 
        "8": 66879205.457999997, 
        "9": 56928524.140000001
    }, 
    "averaged_NPV": 66212313.815199994
}