{
    "std": 11613829.49179841, 
    "raw_results": {
        "0": 21740940.030999999, 
        "1": 34036549.340000004, 
        "2": 37459025.006999999, 
        "3": 59412513.726000004, 
        "4": 37107348.049999997, 
        "5": 46998665.501000002, 
        "6": 59181025.419, 
        "7": 51289444.572999999, 
        "8": 40862339.325999998, 
        "9": 31067517.995000001
    }, 
    "averaged_NPV": 41915536.896799996
}