{
    "std": 11417152.86371533, 
    "raw_results": {
        "0": 21355270.081999999, 
        "1": 33702592.965999998, 
        "2": 35654386.399999999, 
        "3": 59116647.090999998, 
        "4": 36823114.884000003, 
        "5": 44323736.784999996, 
        "6": 58850941.530000001, 
        "7": 48237993.285999998, 
        "8": 40250725.887000002, 
        "9": 30628422.136999998
    }, 
    "averaged_NPV": 40894383.104800001
}