{
    "std": 11372248.720031708, 
    "raw_results": {
        "0": 44165792.939999998, 
        "1": 57986011.064000003, 
        "2": 63839485.939000003, 
        "3": 82156200.739999995, 
        "4": 62382937.387999997, 
        "5": 67909377.287, 
        "6": 84690006.268999994, 
        "7": 73409218.362000003, 
        "8": 67581781.768999994, 
        "9": 58021995.022
    }, 
    "averaged_NPV": 66214280.677999996
}