{
    "std": 11309574.906443048, 
    "raw_results": {
        "0": 44243698.434, 
        "1": 57939605.719999999, 
        "2": 63733185.902999997, 
        "3": 82087832.010000005, 
        "4": 62248513.351999998, 
        "5": 67743022.486000001, 
        "6": 84520554.905000001, 
        "7": 73164396.515000001, 
        "8": 67439598.178000003, 
        "9": 58036858.681999996
    }, 
    "averaged_NPV": 66115726.618499994
}