{
    "std": 12679148.10703152, 
    "raw_results": {
        "0": 43271680.395000003, 
        "1": 56917630.829000004, 
        "2": 62356663.133000001, 
        "3": 83831498.048999995, 
        "4": 61291763.329999998, 
        "5": 70230905.165999994, 
        "6": 87573088.128000006, 
        "7": 75902773.359999999, 
        "8": 67115587.090000004, 
        "9": 57289529.538000003
    }, 
    "averaged_NPV": 66578111.901799999
}