{
    "std": 12700781.668928754, 
    "raw_results": {
        "0": 43556162.517999999, 
        "1": 57057477.357000001, 
        "2": 62599362.398999996, 
        "3": 84199285.372999996, 
        "4": 61436338.112000003, 
        "5": 70434213.178000003, 
        "6": 87819592.682999998, 
        "7": 76104610.341000006, 
        "8": 67337649.846000001, 
        "9": 57480080.284000002
    }, 
    "averaged_NPV": 66802477.209099993
}