{
    "std": 10956292.991247902, 
    "raw_results": {
        "0": 20235980.118000001, 
        "1": 33608104.713, 
        "2": 37034670.916000001, 
        "3": 58143397.25, 
        "4": 36461710.156000003, 
        "5": 43960010.295999996, 
        "6": 56072939.178999998, 
        "7": 47720135.413000003, 
        "8": 40642567.483999997, 
        "9": 30699591.338
    }, 
    "averaged_NPV": 40457910.686299995
}