{
    "std": 11488796.004940752, 
    "raw_results": {
        "0": 43798111.493000001, 
        "1": 57822559.233999997, 
        "2": 63631891.990999997, 
        "3": 82231386.592999995, 
        "4": 62193313.206, 
        "5": 67835886.131999999, 
        "6": 84768027.108999997, 
        "7": 73181629.339000002, 
        "8": 67360489.066, 
        "9": 57779687.123999998
    }, 
    "averaged_NPV": 66060298.128699981
}