{
    "std": 11506140.250955652, 
    "raw_results": {
        "0": 43726684.277999997, 
        "1": 57773608.770000003, 
        "2": 63578792.417000003, 
        "3": 82215093.869000003, 
        "4": 62137118.160999998, 
        "5": 67783637.386999995, 
        "6": 84750834.734999999, 
        "7": 73138337.967999995, 
        "8": 67313430.281000003, 
        "9": 57695164.424999997
    }, 
    "averaged_NPV": 66011270.229099989
}