{
    "std": 11393091.107912244, 
    "raw_results": {
        "0": 44165792.939999998, 
        "1": 57986011.064000003, 
        "2": 63842257.803999998, 
        "3": 82269949.989999995, 
        "4": 62382937.387999997, 
        "5": 67930531.901999995, 
        "6": 84713734.649000004, 
        "7": 73420703.844999999, 
        "8": 67584132.079999998, 
        "9": 58021995.022
    }, 
    "averaged_NPV": 66231804.668400005
}