{
    "std": 12753743.887495849, 
    "raw_results": {
        "0": 43442214.920999996, 
        "1": 57019205.32, 
        "2": 62588141.060000002, 
        "3": 84305585.871999994, 
        "4": 61233148.487999998, 
        "5": 70423582.130999997, 
        "6": 87947566.336999997, 
        "7": 75890307.900000006, 
        "8": 67175790.944999993, 
        "9": 57469657.5
    }, 
    "averaged_NPV": 66749520.047399998
}