{
    "std": 12178097.620588901, 
    "raw_results": {
        "0": 42914701.145000003, 
        "1": 58670281.626000002, 
        "2": 65270360.442000002, 
        "3": 83482491.758000001, 
        "4": 63180665.582000002, 
        "5": 69513576.807999998, 
        "6": 85919836.167999998, 
        "7": 74996197.934, 
        "8": 69640926.577000007, 
        "9": 56553308.314999998
    }, 
    "averaged_NPV": 67014234.635499999
}