{
    "std": 11212327.44156903, 
    "raw_results": {
        "0": 44574507.644000001, 
        "1": 57875536.011, 
        "2": 63694846.726999998, 
        "3": 81902430.031000003, 
        "4": 62243953.137000002, 
        "5": 67723087.106000006, 
        "6": 84387964.902999997, 
        "7": 73181752.356999993, 
        "8": 67384160.525999993, 
        "9": 57919505.740999997
    }, 
    "averaged_NPV": 66088774.41830001
}