{
    "std": 11425342.298570931, 
    "raw_results": {
        "0": 22023053.908, 
        "1": 35310726.405000001, 
        "2": 38540512.129000001, 
        "3": 59772425.715000004, 
        "4": 37849629.348999999, 
        "5": 47676774.946000002, 
        "6": 59901307.439999998, 
        "7": 51784987.075000003, 
        "8": 41250987.552000001, 
        "9": 33442971.502
    }, 
    "averaged_NPV": 42755337.6021
}