{
    "std": 11801294.025469886, 
    "raw_results": {
        "0": 43545258.101999998, 
        "1": 57855731.056999996, 
        "2": 63005034.534999996, 
        "3": 83131270.456, 
        "4": 61879387.006999999, 
        "5": 68635586.285999998, 
        "6": 85046022.157000005, 
        "7": 74108511.922999993, 
        "8": 67624648.366999999, 
        "9": 57912995.936999999
    }, 
    "averaged_NPV": 66274444.582699999
}