{
    "std": 11274075.20311282, 
    "raw_results": {
        "0": 44273236.873000003, 
        "1": 57991006.883000001, 
        "2": 63783077.739, 
        "3": 81972308.045000002, 
        "4": 62365588.115000002, 
        "5": 67837259.628000006, 
        "6": 84461146.678000003, 
        "7": 73270291.027999997, 
        "8": 67523180.841999993, 
        "9": 58094711.982000001
    }, 
    "averaged_NPV": 66157180.781300008
}