{
    "std": 11406066.826270226, 
    "raw_results": {
        "0": 44093297.887000002, 
        "1": 57754384.663999997, 
        "2": 63642537.104000002, 
        "3": 82217095.099000007, 
        "4": 62125231.75, 
        "5": 67742937.378999993, 
        "6": 84633744.719999999, 
        "7": 73217807.902999997, 
        "8": 67306271.160999998, 
        "9": 57906314.538000003
    }, 
    "averaged_NPV": 66063962.220500007
}