{
    "std": 11348488.479639005, 
    "raw_results": {
        "0": 44081126.523999996, 
        "1": 57859351.975000001, 
        "2": 63567953.402999997, 
        "3": 82068165.106000006, 
        "4": 62197286.056999996, 
        "5": 67806130.493000001, 
        "6": 84437805.811000004, 
        "7": 73178069.388999999, 
        "8": 67447404.381999999, 
        "9": 57887843.096000001
    }, 
    "averaged_NPV": 66053113.623599991
}