{
    "std": 11964210.111747485, 
    "raw_results": {
        "0": 20656654.824000001, 
        "1": 34340525.972000003, 
        "2": 37942992.715000004, 
        "3": 58996753.648000002, 
        "4": 37472667.375, 
        "5": 44856093.990000002, 
        "6": 61213085.467, 
        "7": 51477238.609999999, 
        "8": 41217345.927000001, 
        "9": 30876539.605
    }, 
    "averaged_NPV": 41904989.813299999
}