{
    "std": 10658000.46392484, 
    "raw_results": {
        "0": 19875123.162999999, 
        "1": 33531483.489, 
        "2": 35078753.82, 
        "3": 55619359.914999999, 
        "4": 36418760.589000002, 
        "5": 43776576.538000003, 
        "6": 55614264.880999997, 
        "7": 47572658.207999997, 
        "8": 40237261.25, 
        "9": 30358032.074999999
    }, 
    "averaged_NPV": 39808227.392799996
}