{
    "std": 11439622.522254447, 
    "raw_results": {
        "0": 43897500.630000003, 
        "1": 57879892.403999999, 
        "2": 63740635.328000002, 
        "3": 82176576.030000001, 
        "4": 62253230.973999999, 
        "5": 67835612.732999995, 
        "6": 84688589.062999994, 
        "7": 73327127.454999998, 
        "8": 67443418.912, 
        "9": 57931350.071000002
    }, 
    "averaged_NPV": 66117393.359999992
}