{
    "std": 11378133.978127455, 
    "raw_results": {
        "0": 44165792.939999998, 
        "1": 57986011.064000003, 
        "2": 63842257.803999998, 
        "3": 82165906.979000002, 
        "4": 62382937.387999997, 
        "5": 67910978.851999998, 
        "6": 84714197.535999998, 
        "7": 73418691.525999993, 
        "8": 67584132.079999998, 
        "9": 58021995.022
    }, 
    "averaged_NPV": 66219290.119099997
}