{
    "std": 11525119.645654904, 
    "raw_results": {
        "0": 43726994.615999997, 
        "1": 57764304.990999997, 
        "2": 63547303.181000002, 
        "3": 82239653.952000007, 
        "4": 62104398.294, 
        "5": 67841245.203999996, 
        "6": 84809815.069999993, 
        "7": 73176441.443000004, 
        "8": 67292869.856000006, 
        "9": 57688315.298
    }, 
    "averaged_NPV": 66019134.190500006
}