{
    "std": 11742429.945024079, 
    "raw_results": {
        "0": 22012821.478, 
        "1": 34558599.803000003, 
        "2": 37963053.895999998, 
        "3": 59841593.229999997, 
        "4": 37699165.311999999, 
        "5": 47691484.788000003, 
        "6": 60018707.416000001, 
        "7": 52046521.115000002, 
        "8": 41319852.920000002, 
        "9": 31304569.822000001
    }, 
    "averaged_NPV": 42445636.978000008
}