{
    "std": 10814277.112532007, 
    "raw_results": {
        "0": 19944596.833000001, 
        "1": 31790721.458000001, 
        "2": 34777832.598999999, 
        "3": 54878906.015000001, 
        "4": 34303474.115000002, 
        "5": 43989354.184, 
        "6": 55826106.803000003, 
        "7": 47571344.939999998, 
        "8": 37577226.952, 
        "9": 30115384.616999999
    }, 
    "averaged_NPV": 39077494.851599999
}