{
    "std": 11360363.423781343, 
    "raw_results": {
        "0": 44201431.767999999, 
        "1": 57874566.636, 
        "2": 63735574.711999997, 
        "3": 82156142.103, 
        "4": 62258293.552000001, 
        "5": 67818514.578999996, 
        "6": 84632516.834000006, 
        "7": 73264416.150000006, 
        "8": 67425326.391000003, 
        "9": 57991693.082000002
    }, 
    "averaged_NPV": 66135847.580700003
}