{
    "std": 12684669.870155208, 
    "raw_results": {
        "0": 43546667.245999999, 
        "1": 57084094.193999998, 
        "2": 62601817.446999997, 
        "3": 84163552.606999993, 
        "4": 61442406.978, 
        "5": 70423272.504999995, 
        "6": 87782270.825000003, 
        "7": 76078573.421000004, 
        "8": 67333143.754999995, 
        "9": 57509636.803000003
    }, 
    "averaged_NPV": 66796543.578100003
}