{
    "std": 11452342.690516878, 
    "raw_results": {
        "0": 43679925.126999997, 
        "1": 57641803.810999997, 
        "2": 63444845.730999999, 
        "3": 82074303.459000006, 
        "4": 61956590.751999997, 
        "5": 67657272.274000004, 
        "6": 84454696.108999997, 
        "7": 72932077.023000002, 
        "8": 67163432.897, 
        "9": 57650978.042999998
    }, 
    "averaged_NPV": 65865592.522599995
}