{
    "std": 12171556.493530333, 
    "raw_results": {
        "0": 43041974.465000004, 
        "1": 58975631.658, 
        "2": 65622008.219999999, 
        "3": 83728981.101999998, 
        "4": 63360852.214000002, 
        "5": 69772299.019999996, 
        "6": 85930604.386999995, 
        "7": 75288311.452999994, 
        "8": 69576639.498999998, 
        "9": 56652018.736000001
    }, 
    "averaged_NPV": 67194932.075399995
}