{
    "std": 10989813.682027932, 
    "raw_results": {
        "0": 44965023.217, 
        "1": 58137251.572999999, 
        "2": 64554283.373999998, 
        "3": 81843876.810000002, 
        "4": 62812588.957999997, 
        "5": 67560669.388999999, 
        "6": 84333013.695999995, 
        "7": 72990403.621000007, 
        "8": 68475187.047000006, 
        "9": 59010416.608999997
    }, 
    "averaged_NPV": 66468271.429400004
}