{
    "std": 11849717.751478786, 
    "raw_results": {
        "0": 19784888.618999999, 
        "1": 31694576.925999999, 
        "2": 34559934.347000003, 
        "3": 57660943.559, 
        "4": 34127826.105999999, 
        "5": 43936823.193000004, 
        "6": 59439062.133000001, 
        "7": 47667035.162, 
        "8": 39730988.322999999, 
        "9": 30076044.827
    }, 
    "averaged_NPV": 39867812.319500007
}