{
    "std": 11400134.696973391, 
    "raw_results": {
        "0": 44026040.949000001, 
        "1": 57845953.685000002, 
        "2": 63690483.969999999, 
        "3": 82084225.772, 
        "4": 62226487.916000001, 
        "5": 67825739.268000007, 
        "6": 84617322.648000002, 
        "7": 73304443.850999996, 
        "8": 67398375.178000003, 
        "9": 57824756.137000002
    }, 
    "averaged_NPV": 66084382.937399998
}