{
    "std": 11441238.567252835, 
    "raw_results": {
        "0": 44060921.733000003, 
        "1": 57920439.436999999, 
        "2": 63753699.644000001, 
        "3": 82250688.622999996, 
        "4": 62332534.384999998, 
        "5": 67956327.496999994, 
        "6": 84762842.840000004, 
        "7": 73444477.959999993, 
        "8": 67517481.578999996, 
        "9": 57840350.649999999
    }, 
    "averaged_NPV": 66183976.434799992
}