{
    "std": 12720157.9606103, 
    "raw_results": {
        "0": 43253561.399999999, 
        "1": 56818770.196000002, 
        "2": 62362815.450999998, 
        "3": 83964014.648000002, 
        "4": 61250649.033, 
        "5": 70266167.819000006, 
        "6": 87577726.541999996, 
        "7": 75989212.103, 
        "8": 67071729.579999998, 
        "9": 57254667.136
    }, 
    "averaged_NPV": 66580931.390800014
}