{
    "std": 11186249.792867476, 
    "raw_results": {
        "0": 44634633.222999997, 
        "1": 57895452.491999999, 
        "2": 63664470.942000002, 
        "3": 81900955.650999993, 
        "4": 62243307.446000002, 
        "5": 67710335.834000006, 
        "6": 84341080.995000005, 
        "7": 73124046.773000002, 
        "8": 67498385.133000001, 
        "9": 57966962.133000001
    }, 
    "averaged_NPV": 66097963.062199995
}