{
    "std": 11642166.542488476, 
    "raw_results": {
        "0": 21762744.063000001, 
        "1": 34114231.803000003, 
        "2": 37546108.390000001, 
        "3": 59516953.206, 
        "4": 37153486.726000004, 
        "5": 47017239.222999997, 
        "6": 59505473.266999997, 
        "7": 51108899.858999997, 
        "8": 40883426.737999998, 
        "9": 31152341.287
    }, 
    "averaged_NPV": 41976090.456200004
}