{
    "std": 11416168.618587341, 
    "raw_results": {
        "0": 44043364.612000003, 
        "1": 57760627.288999997, 
        "2": 63639683.778999999, 
        "3": 82174739.993000001, 
        "4": 62117482.715999998, 
        "5": 67778689.592999995, 
        "6": 84632008.041999996, 
        "7": 73234584.420000002, 
        "8": 67341084.870000005, 
        "9": 57837958.803999998
    }, 
    "averaged_NPV": 66056022.411800005
}