{
    "std": 10766602.750774352, 
    "raw_results": {
        "0": 19819661.033, 
        "1": 31976592.199000001, 
        "2": 34744994.620999999, 
        "3": 55055290.715000004, 
        "4": 34409459.873000003, 
        "5": 43899115.017999999, 
        "6": 55501918.890000001, 
        "7": 47609700.473999999, 
        "8": 39671695.420999996, 
        "9": 30336543.868000001
    }, 
    "averaged_NPV": 39302497.211199999
}