{
    "std": 11323113.081880294, 
    "raw_results": {
        "0": 44164341.509999998, 
        "1": 57868761.743000001, 
        "2": 63735620.975000001, 
        "3": 81975663.108999997, 
        "4": 62258293.552000001, 
        "5": 67782386.622999996, 
        "6": 84510974.452000007, 
        "7": 73270417.452000007, 
        "8": 67425326.391000003, 
        "9": 57985131.052000001
    }, 
    "averaged_NPV": 66097691.68590001
}