{
    "std": 11308065.982389042, 
    "raw_results": {
        "0": 44274859.206, 
        "1": 57991006.883000001, 
        "2": 63783077.739, 
        "3": 82096014.531000003, 
        "4": 62365588.115000002, 
        "5": 67851549.851999998, 
        "6": 84561986.216000006, 
        "7": 73275546.891000003, 
        "8": 67523180.841999993, 
        "9": 58094711.982000001
    }, 
    "averaged_NPV": 66181752.225700006
}