{
    "std": 12708273.402363377, 
    "raw_results": {
        "0": 43225269.060000002, 
        "1": 56901946.887000002, 
        "2": 62407897.281000003, 
        "3": 83992961.359999999, 
        "4": 61125672.318999998, 
        "5": 70266377.709000006, 
        "6": 87547412.312999994, 
        "7": 75776483.501000002, 
        "8": 67063706.086000003, 
        "9": 57225713.827
    }, 
    "averaged_NPV": 66553344.034300007
}