{
    "std": 12685914.571276251, 
    "raw_results": {
        "0": 43551321.127999999, 
        "1": 57137433.219999999, 
        "2": 62636972.329999998, 
        "3": 84199285.372999996, 
        "4": 61490930.441, 
        "5": 70442455.481999993, 
        "6": 87819592.682999998, 
        "7": 76104610.341000006, 
        "8": 67344131.575000003, 
        "9": 57566805.873000003
    }, 
    "averaged_NPV": 66829353.844599999
}