{
    "std": 11582756.972936125, 
    "raw_results": {
        "0": 22362353.068999998, 
        "1": 35304086.827, 
        "2": 38590810.449000001, 
        "3": 60222810.788999997, 
        "4": 38364894.449000001, 
        "5": 47999915.494999997, 
        "6": 60720130.718999997, 
        "7": 52252654.215999998, 
        "8": 44010337.762000002, 
        "9": 33291687.374000002
    }, 
    "averaged_NPV": 43311968.114900008
}