{
    "std": 12774616.411450852, 
    "raw_results": {
        "0": 43431990.702, 
        "1": 56992675.914999999, 
        "2": 62585752.083999999, 
        "3": 84344145.849999994, 
        "4": 61227118.559, 
        "5": 70434247.215000004, 
        "6": 87989650.645999998, 
        "7": 75916324.988000005, 
        "8": 67180381.621999994, 
        "9": 57440157.557999998
    }, 
    "averaged_NPV": 66754244.513900004
}