{
    "std": 10876369.450095518, 
    "raw_results": {
        "0": 45186894.704000004, 
        "1": 58424214.954000004, 
        "2": 64497692.082000002, 
        "3": 81735639.864999995, 
        "4": 63157249.226999998, 
        "5": 67975550.435000002, 
        "6": 84092228.907000005, 
        "7": 73093448.427000001, 
        "8": 69212709.577999994, 
        "9": 59157097.092
    }, 
    "averaged_NPV": 66653272.527100004
}