{
    "std": 11468667.295732973, 
    "raw_results": {
        "0": 43642655.068000004, 
        "1": 57579700.256999999, 
        "2": 63338306.104000002, 
        "3": 82002588.155000001, 
        "4": 61885115.913999997, 
        "5": 67634732.031000003, 
        "6": 84491939.534999996, 
        "7": 72919310.457000002, 
        "8": 67137762.361000001, 
        "9": 57575209.465000004
    }, 
    "averaged_NPV": 65820731.934699997
}