{
    "std": 11711765.960674006, 
    "raw_results": {
        "0": 43717529.001000002, 
        "1": 58060078.375, 
        "2": 63190082.891000003, 
        "3": 83034761.063999996, 
        "4": 62008805.027999997, 
        "5": 68671451.534999996, 
        "6": 85034591.592999995, 
        "7": 74093977.137999997, 
        "8": 67803885.425999999, 
        "9": 58169973.186999999
    }, 
    "averaged_NPV": 66378513.523800001
}