{
    "std": 11439274.167874493, 
    "raw_results": {
        "0": 44073180.391000003, 
        "1": 57875230.200999998, 
        "2": 63732492.193999998, 
        "3": 82259802.247999996, 
        "4": 62233185.634000003, 
        "5": 67885985.039000005, 
        "6": 84772149.268000007, 
        "7": 73374889.204999998, 
        "8": 67449872.657000005, 
        "9": 57884769.169
    }, 
    "averaged_NPV": 66154155.600600004
}