{
    "std": 11486726.641211268, 
    "raw_results": {
        "0": 43820023.313000001, 
        "1": 57837206.783, 
        "2": 63667179.594999999, 
        "3": 82240727.512999997, 
        "4": 62221490.638999999, 
        "5": 67883763.106999993, 
        "6": 84772149.268000007, 
        "7": 73221162.647, 
        "8": 67410011.069999993, 
        "9": 57791148.550999999
    }, 
    "averaged_NPV": 66086486.248599991
}