{
    "std": 11450838.018242784, 
    "raw_results": {
        "0": 43924292.379000001, 
        "1": 57987565.262999997, 
        "2": 63838430.270999998, 
        "3": 82250688.622999996, 
        "4": 62363605.899999999, 
        "5": 67956327.496999994, 
        "6": 84762842.840000004, 
        "7": 73444477.959999993, 
        "8": 67556559.875, 
        "9": 57974432.732000001
    }, 
    "averaged_NPV": 66205922.334000006
}