{
    "std": 11388692.903754173, 
    "raw_results": {
        "0": 43795074.32, 
        "1": 57816505.332000002, 
        "2": 63554537.623000003, 
        "3": 81963907.733999997, 
        "4": 62196818.773000002, 
        "5": 67750672.334000006, 
        "6": 84389812.680999994, 
        "7": 73175310.237000003, 
        "8": 67329352.763999999, 
        "9": 57802017.648000002
    }, 
    "averaged_NPV": 65977400.944600001
}