{
    "std": 11859821.948157614, 
    "raw_results": {
        "0": 43451629.504000001, 
        "1": 57546315.082999997, 
        "2": 63370566.182999998, 
        "3": 84714438.474000007, 
        "4": 61962240.527999997, 
        "5": 67283462.642000005, 
        "6": 84247372.172000006, 
        "7": 72638292.589000002, 
        "8": 67123163.468999997, 
        "9": 57439918.372000001
    }, 
    "averaged_NPV": 65977739.901599988
}