{
    "std": 11599994.649761327, 
    "raw_results": {
        "0": 22083860.138, 
        "1": 34728486.730999999, 
        "2": 38285931.380999997, 
        "3": 59982576.924999997, 
        "4": 37824239.495999999, 
        "5": 47537559.792999998, 
        "6": 60371818.299000002, 
        "7": 51790520.655000001, 
        "8": 41000547.772, 
        "9": 33010941.072999999
    }, 
    "averaged_NPV": 42661648.226300001
}