{
    "std": 12716509.494602071, 
    "raw_results": {
        "0": 43424146.795999996, 
        "1": 56940378.486000001, 
        "2": 62406135.226000004, 
        "3": 83944517.762999997, 
        "4": 61292365.170000002, 
        "5": 70275109.591000006, 
        "6": 87935648.362000003, 
        "7": 75877409.724999994, 
        "8": 66973823.281999998, 
        "9": 57371298.636
    }, 
    "averaged_NPV": 66644083.303700007
}