{
    "std": 11214979.994499482, 
    "raw_results": {
        "0": 20345663.800999999, 
        "1": 34016479.218999997, 
        "2": 37491439.840000004, 
        "3": 58329386.759000003, 
        "4": 37020695.277000003, 
        "5": 44362746.772, 
        "6": 56525085.787, 
        "7": 50797588.704999998, 
        "8": 40832003.528999999, 
        "9": 30723980.465
    }, 
    "averaged_NPV": 41044507.0154
}