{
    "std": 11484537.444206312, 
    "raw_results": {
        "0": 43831318.350000001, 
        "1": 57837206.783, 
        "2": 63667179.594999999, 
        "3": 82240727.512999997, 
        "4": 62221490.638999999, 
        "5": 67883763.106999993, 
        "6": 84772149.268000007, 
        "7": 73221162.647, 
        "8": 67410011.069999993, 
        "9": 57791148.550999999
    }, 
    "averaged_NPV": 66087615.752300002
}