{
    "std": 12753580.2845129, 
    "raw_results": {
        "0": 43221450.799999997, 
        "1": 56745842.159999996, 
        "2": 62263505.972999997, 
        "3": 83970358.762999997, 
        "4": 61174236.181000002, 
        "5": 70253171.746000007, 
        "6": 87636893.422999993, 
        "7": 75952998.010000005, 
        "8": 66992395.895999998, 
        "9": 57143986.969999999
    }, 
    "averaged_NPV": 66535483.992200002
}