{
    "std": 12733554.608376838, 
    "raw_results": {
        "0": 43212008.778999999, 
        "1": 56877518.935999997, 
        "2": 62387695.512999997, 
        "3": 84044961.313999996, 
        "4": 61103407.299000002, 
        "5": 70263181.356000006, 
        "6": 87611018.196999997, 
        "7": 75777593.640000001, 
        "8": 67052629.068999998, 
        "9": 57201398.049000002
    }, 
    "averaged_NPV": 66553141.215200007
}