{
    "std": 12223944.997019399, 
    "raw_results": {
        "0": 20709204.076000001, 
        "1": 34259667.619000003, 
        "2": 38052321.434, 
        "3": 59563597.112000003, 
        "4": 37650876.314999998, 
        "5": 47227245.278999999, 
        "6": 61659883.303999998, 
        "7": 51855784.994999997, 
        "8": 41311034.233999997, 
        "9": 30707930.173999999
    }, 
    "averaged_NPV": 42299754.454200007
}