{
    "std": 11736606.584689623, 
    "raw_results": {
        "0": 44032381.857000001, 
        "1": 57918372.094999999, 
        "2": 64211928.898999996, 
        "3": 83181451.878999993, 
        "4": 62754037.450000003, 
        "5": 69411453.679000005, 
        "6": 85427110.239999995, 
        "7": 74786365.463, 
        "8": 68317081.702000007, 
        "9": 58495309.799999997
    }, 
    "averaged_NPV": 66853549.306400001
}