{
    "std": 12704347.682352697, 
    "raw_results": {
        "0": 43412572.964000002, 
        "1": 56983509.990999997, 
        "2": 62525361.116999999, 
        "3": 84162553.964000002, 
        "4": 61183285.927000001, 
        "5": 70327253.884000003, 
        "6": 87748931.972000003, 
        "7": 75795063.736000001, 
        "8": 67119586.645999998, 
        "9": 57459613.016000003
    }, 
    "averaged_NPV": 66671773.321700014
}