{
    "std": 11440402.323953556, 
    "raw_results": {
        "0": 43807048.520999998, 
        "1": 57752466.092, 
        "2": 63506200.857000001, 
        "3": 82171604.819999993, 
        "4": 62009962.770999998, 
        "5": 67705317.088, 
        "6": 84509152.891000003, 
        "7": 73117139.422000006, 
        "8": 67252187.331, 
        "9": 57819988.369000003
    }, 
    "averaged_NPV": 65965106.816199996
}