{
    "std": 12642974.240277139, 
    "raw_results": {
        "0": 43470092.920000002, 
        "1": 56989080.377999999, 
        "2": 62518117.884999998, 
        "3": 83963073.567000002, 
        "4": 61372990.678999998, 
        "5": 70325643.156000003, 
        "6": 87568533.540000007, 
        "7": 76007384.423999995, 
        "8": 67200730.700000003, 
        "9": 57473914.077
    }, 
    "averaged_NPV": 66688956.132600009
}