{
    "std": 12161756.61656259, 
    "raw_results": {
        "0": 42964733.522, 
        "1": 58871859.064000003, 
        "2": 65508148.365000002, 
        "3": 83594536.099000007, 
        "4": 63254625.766999997, 
        "5": 69649868.274000004, 
        "6": 85822118.827999994, 
        "7": 75200650.416999996, 
        "8": 69479423.333000004, 
        "9": 56555881.152000003
    }, 
    "averaged_NPV": 67090184.482099988
}