{
    "std": 12188017.260091878, 
    "raw_results": {
        "0": 42994135.305, 
        "1": 58871859.064000003, 
        "2": 65508148.365000002, 
        "3": 83709650.613999993, 
        "4": 63254625.766999997, 
        "5": 69673138.150000006, 
        "6": 85921739.202999994, 
        "7": 75209587.789000005, 
        "8": 69479423.333000004, 
        "9": 56555881.152000003
    }, 
    "averaged_NPV": 67117818.874199986
}