{
    "std": 11275132.17217101, 
    "raw_results": {
        "0": 42912630.923, 
        "1": 58717456.987999998, 
        "2": 64857334.855999999, 
        "3": 81706529.160999998, 
        "4": 63254883.486000001, 
        "5": 67923783.634000003, 
        "6": 84057953.766000003, 
        "7": 73041280.172999993, 
        "8": 69186833.552000001, 
        "9": 59459296.123999998
    }, 
    "averaged_NPV": 66511798.2663
}