{
    "std": 11273123.1292508, 
    "raw_results": {
        "0": 44269890.876999997, 
        "1": 57962092.713, 
        "2": 63765728.174000002, 
        "3": 81932025.085999995, 
        "4": 62343891.609999999, 
        "5": 67808178.857999995, 
        "6": 84461146.678000003, 
        "7": 73261831.528999999, 
        "8": 67514147.748999998, 
        "9": 58067728.732000001
    }, 
    "averaged_NPV": 66138666.200599991
}