{
    "std": 12742703.209235728, 
    "raw_results": {
        "0": 43061298.917999998, 
        "1": 56706360.851999998, 
        "2": 62180992.692000002, 
        "3": 83759035.598000005, 
        "4": 61149959.008000001, 
        "5": 70172873.178000003, 
        "6": 87503359.598000005, 
        "7": 75894959.891000003, 
        "8": 66965626.251999997, 
        "9": 57000043.524999999
    }, 
    "averaged_NPV": 66439450.951199993
}