{
    "std": 11789612.890236558, 
    "raw_results": {
        "0": 21757536.210000001, 
        "1": 34317735.495999999, 
        "2": 37686916.82, 
        "3": 59814812.850000001, 
        "4": 37343850.061999999, 
        "5": 47546683.226999998, 
        "6": 60003534.538999997, 
        "7": 51658781.505999997, 
        "8": 40886302.689999998, 
        "9": 31293308.357000001
    }, 
    "averaged_NPV": 42230946.175699994
}