{
    "std": 11450524.276480058, 
    "raw_results": {
        "0": 43577213.096000001, 
        "1": 57515654.089000002, 
        "2": 63218878.744000003, 
        "3": 81969478.996999994, 
        "4": 61780107.590999998, 
        "5": 67546584.531000003, 
        "6": 84293161.885000005, 
        "7": 72787906.209999993, 
        "8": 67010488.629000001, 
        "9": 57486687.328000002
    }, 
    "averaged_NPV": 65718616.109999992
}