{
    "std": 11466759.548715245, 
    "raw_results": {
        "0": 43867434.674999997, 
        "1": 57875230.200999998, 
        "2": 63732492.193999998, 
        "3": 82240727.512999997, 
        "4": 62233185.634000003, 
        "5": 67883763.106999993, 
        "6": 84772149.268000007, 
        "7": 73221162.647, 
        "8": 67449872.657000005, 
        "9": 57884769.169
    }, 
    "averaged_NPV": 66116078.706500009
}