{
    "std": 11178215.615928838, 
    "raw_results": {
        "0": 44641301.954000004, 
        "1": 57927909.347999997, 
        "2": 63692851.097000003, 
        "3": 81889936.615999997, 
        "4": 62276297.575999998, 
        "5": 67733977.709999993, 
        "6": 84339443.570999995, 
        "7": 73139193.099999994, 
        "8": 67522802.644999996, 
        "9": 58000001.225000001
    }, 
    "averaged_NPV": 66116371.484199986
}