{
    "std": 11731164.617020508, 
    "raw_results": {
        "0": 43981862.638999999, 
        "1": 57778229.413999997, 
        "2": 64029289.362999998, 
        "3": 83101609.480000004, 
        "4": 62447701.204000004, 
        "5": 69271919.122999996, 
        "6": 85309011.245000005, 
        "7": 74587887.333000004, 
        "8": 68222398.25, 
        "9": 58404325.545999996
    }, 
    "averaged_NPV": 66713423.359700009
}