{
    "std": 12301338.782051332, 
    "raw_results": {
        "0": 42878002.229000002, 
        "1": 58598263.479999997, 
        "2": 61981989.611000001, 
        "3": 83520594.555999994, 
        "4": 63231641.122000001, 
        "5": 69542864.208000004, 
        "6": 85944302.561000004, 
        "7": 75046997.320999995, 
        "8": 69782730.515000001, 
        "9": 56439319.199000001
    }, 
    "averaged_NPV": 66696670.480199993
}