{
    "std": 11283773.633410452, 
    "raw_results": {
        "0": 44228989.582000002, 
        "1": 57962092.713, 
        "2": 63764344.916000001, 
        "3": 81932025.085999995, 
        "4": 62343891.609999999, 
        "5": 67808178.857999995, 
        "6": 84461146.678000003, 
        "7": 73261831.528999999, 
        "8": 67514147.748999998, 
        "9": 58030279.891999997
    }, 
    "averaged_NPV": 66130692.861299992
}