{
    "std": 11459530.398945995, 
    "raw_results": {
        "0": 43663544.130000003, 
        "1": 57658457.347000003, 
        "2": 63411107.163000003, 
        "3": 82019463.937000006, 
        "4": 61960000.534999996, 
        "5": 67700439.285999998, 
        "6": 84509152.891000003, 
        "7": 72971477.341999993, 
        "8": 67204330.011000007, 
        "9": 57652145.958999999
    }, 
    "averaged_NPV": 65875011.860100009
}