{
    "std": 10642836.040478617, 
    "raw_results": {
        "0": 19675157.046, 
        "1": 32229792.864, 
        "2": 34817896.486000001, 
        "3": 55403284.497000001, 
        "4": 36231117.516000003, 
        "5": 43588377.329999998, 
        "6": 55026262.365000002, 
        "7": 47145535.236000001, 
        "8": 39955627.072999999, 
        "9": 30286056.589000002
    }, 
    "averaged_NPV": 39435910.700200006
}