{
    "std": 11725865.638843723, 
    "raw_results": {
        "0": 43972372.317000002, 
        "1": 57745052.513999999, 
        "2": 64017828.408, 
        "3": 83013875.189999998, 
        "4": 62430523.160999998, 
        "5": 69262385.204999998, 
        "6": 85309011.245000005, 
        "7": 74579307.099000007, 
        "8": 68219912.506999999, 
        "9": 58369092.305
    }, 
    "averaged_NPV": 66691935.995099984
}