{
    "std": 12721256.2313568, 
    "raw_results": {
        "0": 43430844.564000003, 
        "1": 57013439.660999998, 
        "2": 62458996.502999999, 
        "3": 83993277.827999994, 
        "4": 61348480.409000002, 
        "5": 70329970.949000001, 
        "6": 87989363.353, 
        "7": 75915677.835999995, 
        "8": 67031497.033, 
        "9": 57432516.627999999
    }, 
    "averaged_NPV": 66694406.476399995
}