{
    "std": 11710621.777927628, 
    "raw_results": {
        "0": 21581511.730999999, 
        "1": 34196497.033, 
        "2": 37707939.717, 
        "3": 59633754.969999999, 
        "4": 37438899.971000001, 
        "5": 47274355.626000002, 
        "6": 59622336.339000002, 
        "7": 51333075.531999998, 
        "8": 40855554.585000001, 
        "9": 31197603.469000001
    }, 
    "averaged_NPV": 42084152.89729999
}