{
    "std": 11215430.221045112, 
    "raw_results": {
        "0": 20277948.015000001, 
        "1": 34044202.538999997, 
        "2": 37560831.777999997, 
        "3": 58361664.516000003, 
        "4": 37080938.858999997, 
        "5": 44464535.519000001, 
        "6": 56551723.037, 
        "7": 50886801.379000001, 
        "8": 40920285.358999997, 
        "9": 31001206.546999998
    }, 
    "averaged_NPV": 41115013.754800007
}