{
    "std": 11425392.514484977, 
    "raw_results": {
        "0": 43953209.903999999, 
        "1": 57819310.086999997, 
        "2": 63700356.424999997, 
        "3": 82196911.446999997, 
        "4": 62168465.473999999, 
        "5": 67813995.019999996, 
        "6": 84636049.930999994, 
        "7": 73274099.596000001, 
        "8": 67375376.471000001, 
        "9": 57951134.376000002
    }, 
    "averaged_NPV": 66088890.873100005
}