{
    "std": 10807798.015784901, 
    "raw_results": {
        "0": 20141962.226, 
        "1": 32150697.208999999, 
        "2": 34934698.810000002, 
        "3": 55167023.582999997, 
        "4": 34720647.372000001, 
        "5": 44359624.931999996, 
        "6": 55851173.546999998, 
        "7": 48028881.748000003, 
        "8": 40116208.228, 
        "9": 30218381.973999999
    }, 
    "averaged_NPV": 39568929.962899998
}