{
    "std": 10837351.042235408, 
    "raw_results": {
        "0": 45270283.928000003, 
        "1": 58416685.762999997, 
        "2": 64465190.809, 
        "3": 81754809.812000006, 
        "4": 63183135.803999998, 
        "5": 68032285.453999996, 
        "6": 84058460.107999995, 
        "7": 72891017.066, 
        "8": 69157352.459000006, 
        "9": 59270844.987999998
    }, 
    "averaged_NPV": 66650006.619099997
}