{
    "std": 11425006.092406977, 
    "raw_results": {
        "0": 44048877.147, 
        "1": 57760627.288999997, 
        "2": 63639683.778999999, 
        "3": 82239389.905000001, 
        "4": 62117482.715999998, 
        "5": 67779759.542999998, 
        "6": 84632008.041999996, 
        "7": 73246409.847000003, 
        "8": 67341084.870000005, 
        "9": 57837958.803999998
    }, 
    "averaged_NPV": 66064328.194200002
}