{
    "std": 11398436.980710819, 
    "raw_results": {
        "0": 44004703.189000003, 
        "1": 57874566.636, 
        "2": 63735574.711999997, 
        "3": 82156142.103, 
        "4": 62258293.552000001, 
        "5": 67818514.578999996, 
        "6": 84632516.834000006, 
        "7": 73264416.150000006, 
        "8": 67425326.391000003, 
        "9": 57991693.082000002
    }, 
    "averaged_NPV": 66116174.722800002
}