{
    "std": 11275042.082615977, 
    "raw_results": {
        "0": 44261712.781999998, 
        "1": 57848899.880999997, 
        "2": 63697212.766000003, 
        "3": 81963230.768000007, 
        "4": 62172688.038000003, 
        "5": 67624585.481999993, 
        "6": 84415604.074000001, 
        "7": 73061904.652999997, 
        "8": 67368412.909999996, 
        "9": 58000208.256999999
    }, 
    "averaged_NPV": 66041445.961099997
}