{
    "std": 11459599.494383248, 
    "raw_results": {
        "0": 43794402.718999997, 
        "1": 57891584.254000001, 
        "2": 63661482.603, 
        "3": 82147386.544, 
        "4": 62293507.015000001, 
        "5": 67921955.012999997, 
        "6": 84684423.607999995, 
        "7": 73262760.591000006, 
        "8": 67412811.402999997, 
        "9": 57816013.402999997
    }, 
    "averaged_NPV": 66088632.715300001
}