{
    "std": 12561277.742515152, 
    "raw_results": {
        "0": 42849100.623000003, 
        "1": 58579312.994000003, 
        "2": 61951026.026000001, 
        "3": 83431817.463, 
        "4": 63204833.343000002, 
        "5": 69504084.633000001, 
        "6": 87437881.588, 
        "7": 75403592.769999996, 
        "8": 69742765.459999993, 
        "9": 56422694.828000002
    }, 
    "averaged_NPV": 66852710.972800002
}