{
    "std": 11216985.972060971, 
    "raw_results": {
        "0": 44307213.811999999, 
        "1": 57929703.682999998, 
        "2": 63724012.107000001, 
        "3": 81852538.155000001, 
        "4": 62268602.630000003, 
        "5": 67632506.989999995, 
        "6": 84309092.187000006, 
        "7": 73049019.819000006, 
        "8": 67494861.025000006, 
        "9": 58105147.178000003
    }, 
    "averaged_NPV": 66067269.758599997
}