{
    "std": 11502935.690262664, 
    "raw_results": {
        "0": 43791912.038000003, 
        "1": 57804665.556000002, 
        "2": 63619846.552000001, 
        "3": 82231386.592999995, 
        "4": 62170177.468000002, 
        "5": 67831014.312999994, 
        "6": 84768027.108999997, 
        "7": 73327914.503999993, 
        "8": 67356616.037, 
        "9": 57757712.298
    }, 
    "averaged_NPV": 66065927.246799991
}