{
    "std": 12706018.402621606, 
    "raw_results": {
        "0": 43277937.626000002, 
        "1": 56891027.623000003, 
        "2": 62382702.034999996, 
        "3": 83893771.581, 
        "4": 61303023.123999998, 
        "5": 70271941.968999997, 
        "6": 87634782.710999995, 
        "7": 75979128.722000003, 
        "8": 67164959.804000005, 
        "9": 57267467.353
    }, 
    "averaged_NPV": 66606674.254800007
}