{
    "std": 12497216.369920487, 
    "raw_results": {
        "0": 43058346.994999997, 
        "1": 58951198.994000003, 
        "2": 65611045.802000001, 
        "3": 83779061.150999993, 
        "4": 63333170.151000001, 
        "5": 69823592.402999997, 
        "6": 87746525.471000001, 
        "7": 75684584.099999994, 
        "8": 69729799.060000002, 
        "9": 56630244.277999997
    }, 
    "averaged_NPV": 67434756.840500012
}