{
    "std": 11384925.739457408, 
    "raw_results": {
        "0": 43811627.689999998, 
        "1": 57845983.942000002, 
        "2": 63593264.258000001, 
        "3": 81972183.886999995, 
        "4": 62226669.248000003, 
        "5": 67790114.118000001, 
        "6": 84393859.788000003, 
        "7": 73209443.908999994, 
        "8": 67365014.827000007, 
        "9": 57824756.137000002
    }, 
    "averaged_NPV": 66003291.780399993
}