{
    "std": 11520443.001417432, 
    "raw_results": {
        "0": 43763283.541000001, 
        "1": 57827746.566, 
        "2": 63601519.247000001, 
        "3": 82274216.466999993, 
        "4": 62171944.173, 
        "5": 67886012.527999997, 
        "6": 84846139.121999994, 
        "7": 73220197.921000004, 
        "8": 67353136.631999999, 
        "9": 57751118.386
    }, 
    "averaged_NPV": 66069531.458299994
}