{
    "std": 11483932.45843038, 
    "raw_results": {
        "0": 43702448.994000003, 
        "1": 57709030.020000003, 
        "2": 63451393.979000002, 
        "3": 82050702.773000002, 
        "4": 62009698.086999997, 
        "5": 67765329.929000005, 
        "6": 84666009.223000005, 
        "7": 73066320.562999994, 
        "8": 67188810.875, 
        "9": 57632316.870999999
    }, 
    "averaged_NPV": 65924206.131400004
}