{
    "std": 12289381.238599259, 
    "raw_results": {
        "0": 42849403.420000002, 
        "1": 58588663.5, 
        "2": 61981989.611000001, 
        "3": 83402642.186000004, 
        "4": 63227319.577, 
        "5": 69517411.812000006, 
        "6": 85929397.134000003, 
        "7": 75041170.287, 
        "8": 69782730.515000001, 
        "9": 56425402.185999997
    }, 
    "averaged_NPV": 66674613.022800006
}