{
    "std": 11452923.606057541, 
    "raw_results": {
        "0": 43913575.597999997, 
        "1": 57987565.262999997, 
        "2": 63838430.270999998, 
        "3": 82250688.622999996, 
        "4": 62363605.899999999, 
        "5": 67956327.496999994, 
        "6": 84762842.840000004, 
        "7": 73444477.959999993, 
        "8": 67556559.875, 
        "9": 57974432.732000001
    }, 
    "averaged_NPV": 66204850.655899987
}