{
    "std": 11398111.077397646, 
    "raw_results": {
        "0": 44109475.582999997, 
        "1": 57908308.222000003, 
        "2": 63776874.093999997, 
        "3": 82184433.652999997, 
        "4": 62281877.030000001, 
        "5": 67870925.703999996, 
        "6": 84697209.504999995, 
        "7": 73358570.474999994, 
        "8": 67477706.435000002, 
        "9": 57959962.780000001
    }, 
    "averaged_NPV": 66162534.348099992
}