{
    "std": 11079428.135289904, 
    "raw_results": {
        "0": 44840452.913000003, 
        "1": 57771733.908, 
        "2": 63543607.288000003, 
        "3": 81755536.806999996, 
        "4": 62111960.957000002, 
        "5": 67544823.343999997, 
        "6": 84209115.357999995, 
        "7": 72927777.743000001, 
        "8": 67318731.297000006, 
        "9": 58316324.071999997
    }, 
    "averaged_NPV": 66034006.368700005
}