{
    "std": 12439906.092602557, 
    "raw_results": {
        "0": 42985380.629000001, 
        "1": 58851984.037, 
        "2": 65476317.715000004, 
        "3": 83512777.287, 
        "4": 63224872.236000001, 
        "5": 69667970.237000003, 
        "6": 87478678.320999995, 
        "7": 75562002.939999998, 
        "8": 69610265.319000006, 
        "9": 56540225.022
    }, 
    "averaged_NPV": 67291047.374299988
}