{
    "std": 11346196.379060097, 
    "raw_results": {
        "0": 44148301.185000002, 
        "1": 57890731.086000003, 
        "2": 63613490.442000002, 
        "3": 82136778.515000001, 
        "4": 62223848.862999998, 
        "5": 67816009.953999996, 
        "6": 84505225.039000005, 
        "7": 73197372.202000007, 
        "8": 67486379.025000006, 
        "9": 57993503.909000002
    }, 
    "averaged_NPV": 66101164.022
}