{
    "std": 11323482.722607983, 
    "raw_results": {
        "0": 44204784.765000001, 
        "1": 57903493.386, 
        "2": 63752973.311999999, 
        "3": 82071432.162, 
        "4": 62279997.233999997, 
        "5": 67804879.223000005, 
        "6": 84510905.099999994, 
        "7": 73275410.400000006, 
        "8": 67434695.665999994, 
        "9": 58018386.660999998
    }, 
    "averaged_NPV": 66125695.790899992
}