{
    "std": 12544949.263725774, 
    "raw_results": {
        "0": 43048155.254000001, 
        "1": 58980282.199000001, 
        "2": 65659622.321000002, 
        "3": 83876853.566, 
        "4": 63365640.733000003, 
        "5": 69877790.130999997, 
        "6": 87938149.436000004, 
        "7": 75746423.980000004, 
        "8": 69752239.865999997, 
        "9": 56630244.277999997
    }, 
    "averaged_NPV": 67487540.176400006
}