{
    "std": 11754110.50346479, 
    "raw_results": {
        "0": 44058149.637999997, 
        "1": 57918372.094999999, 
        "2": 64211928.898999996, 
        "3": 83304234.244000003, 
        "4": 62754037.450000003, 
        "5": 69441143.707000002, 
        "6": 85452147.170000002, 
        "7": 74797939.957000002, 
        "8": 68317081.702000007, 
        "9": 58495309.799999997
    }, 
    "averaged_NPV": 66875034.466199994
}