{
    "std": 12085146.124714455, 
    "raw_results": {
        "0": 44028633.414999999, 
        "1": 57801805.078000002, 
        "2": 64058734.651000001, 
        "3": 83688942.015000001, 
        "4": 62441397.853, 
        "5": 69336409.319999993, 
        "6": 86906449.760000005, 
        "7": 74925648.254999995, 
        "8": 68487371.162, 
        "9": 58426102.328000002
    }, 
    "averaged_NPV": 67010149.383699976
}