{
    "std": 12394046.392419733, 
    "raw_results": {
        "0": 42869369.408, 
        "1": 58182173.571000002, 
        "2": 65025498.943999998, 
        "3": 83764280.631999999, 
        "4": 63074411.538999997, 
        "5": 69749277.216000006, 
        "6": 87747093.769999996, 
        "7": 75613931.388999999, 
        "8": 69028920.472000003, 
        "9": 59176556.207999997
    }, 
    "averaged_NPV": 67423151.314899996
}