{
    "std": 11539670.50386087, 
    "raw_results": {
        "0": 43670458.167999998, 
        "1": 57781151.093999997, 
        "2": 63578027.626999997, 
        "3": 82234662.247999996, 
        "4": 62140966.920000002, 
        "5": 67891078.283999994, 
        "6": 84807939.731999993, 
        "7": 73215211.393999994, 
        "8": 67343031.687000006, 
        "9": 57633955.57
    }, 
    "averaged_NPV": 66029648.272399999
}