{
    "std": 12718937.694595005, 
    "raw_results": {
        "0": 43302332.822999999, 
        "1": 56891027.623000003, 
        "2": 62403211.539999999, 
        "3": 84016508.620000005, 
        "4": 61303023.123999998, 
        "5": 70302340.924999997, 
        "6": 87630885.067000002, 
        "7": 75994113.081, 
        "8": 67164959.804000005, 
        "9": 57267467.353
    }, 
    "averaged_NPV": 66627586.996000007
}