{
    "std": 11443770.813331924, 
    "raw_results": {
        "0": 43743494.722999997, 
        "1": 57658457.347000003, 
        "2": 63411107.163000003, 
        "3": 82019463.937000006, 
        "4": 61960000.534999996, 
        "5": 67700439.285999998, 
        "6": 84509152.891000003, 
        "7": 72971477.341999993, 
        "8": 67204330.011000007, 
        "9": 57656008.960000001
    }, 
    "averaged_NPV": 65883393.219500005
}