{
    "std": 11532371.051034225, 
    "raw_results": {
        "0": 43575580.761, 
        "1": 57603561.234999999, 
        "2": 63380339.064000003, 
        "3": 82191205.354000002, 
        "4": 61963594.163999997, 
        "5": 67724007.517000005, 
        "6": 84606765.601999998, 
        "7": 73024825.187000006, 
        "8": 67129107.376000002, 
        "9": 57535731.239
    }, 
    "averaged_NPV": 65873471.749900006
}