{
    "std": 11430870.523868175, 
    "raw_results": {
        "0": 43941994.946000002, 
        "1": 57699133.222000003, 
        "2": 63545660.605999999, 
        "3": 82106972.332000002, 
        "4": 62058964.138999999, 
        "5": 67729251.692000002, 
        "6": 84578840.505999997, 
        "7": 73185990.344999999, 
        "8": 67256231.908999994, 
        "9": 57704130.762999997
    }, 
    "averaged_NPV": 65980717.046000004
}