{
    "std": 12095086.706202645, 
    "raw_results": {
        "0": 42603491.368000001, 
        "1": 58191326.203000002, 
        "2": 64892869.218000002, 
        "3": 83520594.555999994, 
        "4": 62900795.254000001, 
        "5": 69542864.208000004, 
        "6": 85944302.561000004, 
        "7": 75046997.320999995, 
        "8": 69003283.147, 
        "9": 59132600.873000003
    }, 
    "averaged_NPV": 67077912.470899999
}