{
    "std": 11529320.074306363, 
    "raw_results": {
        "0": 43582902.490999997, 
        "1": 57596693.549000002, 
        "2": 63354192.689000003, 
        "3": 82190906.322999999, 
        "4": 61935847.659999996, 
        "5": 67681823.013999999, 
        "6": 84594339.703999996, 
        "7": 72994959.432999998, 
        "8": 67090437.770999998, 
        "9": 57516823.736000001
    }, 
    "averaged_NPV": 65853892.637000009
}