{
    "std": 12752356.013766551, 
    "raw_results": {
        "0": 43225820.795000002, 
        "1": 56848962.769000001, 
        "2": 62362505.182999998, 
        "3": 84034222.599999994, 
        "4": 61245838.526000001, 
        "5": 70285522.278999999, 
        "6": 87706519.445999995, 
        "7": 75960792.647, 
        "8": 67036605.049999997, 
        "9": 57254831.189000003
    }, 
    "averaged_NPV": 66596162.0484
}