{
    "std": 11183625.035775004, 
    "raw_results": {
        "0": 44637855.663999997, 
        "1": 57899436.259999998, 
        "2": 63675054.005999997, 
        "3": 81889936.615999997, 
        "4": 62254592.744000003, 
        "5": 67724548.754999995, 
        "6": 84339443.570999995, 
        "7": 73136109.408999994, 
        "8": 67513770.692000002, 
        "9": 57972864.436999999
    }, 
    "averaged_NPV": 66104361.215400003
}