{
    "std": 12574156.33422686, 
    "raw_results": {
        "0": 42911335.049999997, 
        "1": 58586313.316, 
        "2": 61951026.026000001, 
        "3": 83556762.592999995, 
        "4": 63204833.343000002, 
        "5": 69530444.290000007, 
        "6": 87488120.886000007, 
        "7": 75407022.561000004, 
        "8": 69742765.459999993, 
        "9": 56426730.006999999
    }, 
    "averaged_NPV": 66880535.353200004
}