{
    "std": 11838069.148253065, 
    "raw_results": {
        "0": 43462018.685999997, 
        "1": 57572934.924000002, 
        "2": 63372968.273000002, 
        "3": 84671360.025999993, 
        "4": 61968268.612000003, 
        "5": 67271409.566, 
        "6": 84201159.214000002, 
        "7": 72613179.678000003, 
        "8": 67118555.608999997, 
        "9": 57469424.251000002
    }, 
    "averaged_NPV": 65972127.883900002
}