{
    "std": 11164299.654750997, 
    "raw_results": {
        "0": 44570947.211999997, 
        "1": 57807420.123000003, 
        "2": 63625239.913000003, 
        "3": 81862260.796000004, 
        "4": 62181189.376999997, 
        "5": 67615526.538000003, 
        "6": 84321348.937000006, 
        "7": 73054461.575000003, 
        "8": 67355254.216999993, 
        "9": 58355958.017999999
    }, 
    "averaged_NPV": 66074960.670599997
}