{
    "std": 12711787.926054779, 
    "raw_results": {
        "0": 43412964.454000004, 
        "1": 56980717.998000003, 
        "2": 62551834.920999996, 
        "3": 84185860.608999997, 
        "4": 61201261.001999997, 
        "5": 70370737.188999996, 
        "6": 87757019.025000006, 
        "7": 75846620.553000003, 
        "8": 67163078.113000005, 
        "9": 57469657.5
    }, 
    "averaged_NPV": 66693975.136399999
}