{
    "std": 11472095.850988545, 
    "raw_results": {
        "0": 43709897.740999997, 
        "1": 57684567.505000003, 
        "2": 63511291.703000002, 
        "3": 82094904.056999996, 
        "4": 62034320.364, 
        "5": 67678614.358999997, 
        "6": 84571134.790999994, 
        "7": 73141746.009000003, 
        "8": 67207835.651999995, 
        "9": 57693040.016000003
    }, 
    "averaged_NPV": 65932735.219700001
}