{
    "std": 11414951.287319304, 
    "raw_results": {
        "0": 44002381.392999999, 
        "1": 57760811.328000002, 
        "2": 63597837.652000003, 
        "3": 82130073.231999993, 
        "4": 62112788.625, 
        "5": 67768667.544, 
        "6": 84582880.930999994, 
        "7": 73228351.055000007, 
        "8": 67295075.562999994, 
        "9": 57765943.839000002
    }, 
    "averaged_NPV": 66024481.116200007
}