{
    "std": 11382452.288261671, 
    "raw_results": {
        "0": 44167698.185000002, 
        "1": 57908308.222000003, 
        "2": 63786006.898999996, 
        "3": 82184433.652999997, 
        "4": 62281877.030000001, 
        "5": 67870925.703999996, 
        "6": 84697209.504999995, 
        "7": 73358570.474999994, 
        "8": 67477706.435000002, 
        "9": 58018537.726000004
    }, 
    "averaged_NPV": 66175127.383400001
}