{
    "std": 11352886.421918631, 
    "raw_results": {
        "0": 44146631.685000002, 
        "1": 57837637.586999997, 
        "2": 63712406.144000001, 
        "3": 82041554.432999998, 
        "4": 62241987.840999998, 
        "5": 67771324.959000006, 
        "6": 84583215.930000007, 
        "7": 73277597.5, 
        "8": 67415850.002000004, 
        "9": 57959157.369999997
    }, 
    "averaged_NPV": 66098736.345100001
}