{
    "std": 11746179.261927959, 
    "raw_results": {
        "0": 21422696.385000002, 
        "1": 33780660.924000002, 
        "2": 35465757.402999997, 
        "3": 59217537.435999997, 
        "4": 36782077.515000001, 
        "5": 46658019.299999997, 
        "6": 58967231.789999999, 
        "7": 51155997.590000004, 
        "8": 40468919.931000002, 
        "9": 30615614.395
    }, 
    "averaged_NPV": 41453451.266900003
}