{
    "std": 11699148.07482798, 
    "raw_results": {
        "0": 43753217.213, 
        "1": 58066286.241999999, 
        "2": 63179509.060000002, 
        "3": 83021494.623999998, 
        "4": 61999095.631999999, 
        "5": 68651583.893000007, 
        "6": 85023195.818000004, 
        "7": 74072077.525999993, 
        "8": 67783685.890000001, 
        "9": 58172071.946000002
    }, 
    "averaged_NPV": 66372221.784400001
}