{
    "std": 11368746.21483841, 
    "raw_results": {
        "0": 44179628.048, 
        "1": 57967012.647, 
        "2": 63763093.935000002, 
        "3": 82228361.831, 
        "4": 62291228.348999999, 
        "5": 67833018.378000006, 
        "6": 84637165.783999994, 
        "7": 73271828.775000006, 
        "8": 67492348.166999996, 
        "9": 57989340.145000003
    }, 
    "averaged_NPV": 66165302.605900005
}