{
    "std": 11393371.578655243, 
    "raw_results": {
        "0": 44000286.664999999, 
        "1": 57880206.581, 
        "2": 63753847.119000003, 
        "3": 82151646.451000005, 
        "4": 62279076.725000001, 
        "5": 67828507.556999996, 
        "6": 84589535.577000007, 
        "7": 73313085.822999999, 
        "8": 67460433.741999999, 
        "9": 57997900.810999997
    }, 
    "averaged_NPV": 66125452.7051
}