{
    "std": 12702235.579676028, 
    "raw_results": {
        "0": 43479639.741999999, 
        "1": 57023198.354000002, 
        "2": 62558798.368000001, 
        "3": 84148260.627000004, 
        "4": 61409779.158, 
        "5": 70409744.304000005, 
        "6": 87770863.075000003, 
        "7": 76077894.934, 
        "8": 67238843.545000002, 
        "9": 57473914.077
    }, 
    "averaged_NPV": 66759093.6184
}