{
    "std": 11457835.256346542, 
    "raw_results": {
        "0": 43870146.226999998, 
        "1": 57771933.494000003, 
        "2": 63644074.563000001, 
        "3": 82239389.905000001, 
        "4": 62117482.715999998, 
        "5": 67779759.542999998, 
        "6": 84632008.041999996, 
        "7": 73246409.847000003, 
        "8": 67341084.870000005, 
        "9": 57848794.208999999
    }, 
    "averaged_NPV": 66049108.341600001
}