{
    "std": 12715076.527103288, 
    "raw_results": {
        "0": 43502628.442000002, 
        "1": 57003870.232000001, 
        "2": 62564435.230999999, 
        "3": 84186425.028999999, 
        "4": 61415039.807999998, 
        "5": 70441781.642000005, 
        "6": 87810846.756999999, 
        "7": 76114728.658000007, 
        "8": 67263297.697999999, 
        "9": 57468193.445
    }, 
    "averaged_NPV": 66777124.694200002
}