{
    "std": 12657620.403379021, 
    "raw_results": {
        "0": 43683996.702, 
        "1": 57145963.943000004, 
        "2": 62665625.825999998, 
        "3": 84204071.996999994, 
        "4": 61498800.353, 
        "5": 70469826.877000004, 
        "6": 87819592.682999998, 
        "7": 76120880.804000005, 
        "8": 67374153.218999997, 
        "9": 57632420.211000003
    }, 
    "averaged_NPV": 66861533.261499986
}