{
    "std": 10650066.694490215, 
    "raw_results": {
        "0": 19910857.191, 
        "1": 33385523.168000001, 
        "2": 35186988.523000002, 
        "3": 55610630.336000003, 
        "4": 36481099.296999998, 
        "5": 43740608.354000002, 
        "6": 55614264.880999997, 
        "7": 47547109.523000002, 
        "8": 40199035.545999996, 
        "9": 30342282.861000001
    }, 
    "averaged_NPV": 39801839.968000002
}