{
    "std": 11453454.653692871, 
    "raw_results": {
        "0": 43808635.376999997, 
        "1": 57744327.531999998, 
        "2": 63505347.023999996, 
        "3": 82211214.719999999, 
        "4": 62005544.557999998, 
        "5": 67695402.027999997, 
        "6": 84545067.828999996, 
        "7": 73122105.038000003, 
        "8": 67258316.922999993, 
        "9": 57806822.585000001
    }, 
    "averaged_NPV": 65970278.361399993
}