{
    "std": 11902368.271014581, 
    "raw_results": {
        "0": 42975815.103, 
        "1": 58952548.809, 
        "2": 65381377.501000002, 
        "3": 82475290.118000001, 
        "4": 63610092.133000001, 
        "5": 69375413.410999998, 
        "6": 86950486.511999995, 
        "7": 74670792.253999993, 
        "8": 69727408.585999995, 
        "9": 59741163.800999999
    }, 
    "averaged_NPV": 67386038.822799996
}