{
    "std": 12728083.752300547, 
    "raw_results": {
        "0": 43424146.795999996, 
        "1": 56940378.486000001, 
        "2": 62410845.119999997, 
        "3": 83970789.361000001, 
        "4": 61297889.262999997, 
        "5": 70302998.909999996, 
        "6": 87972634.689999998, 
        "7": 75895732.342999995, 
        "8": 67000176.82, 
        "9": 57371298.636
    }, 
    "averaged_NPV": 66658689.042500004
}