{
    "std": 11430833.599109204, 
    "raw_results": {
        "0": 43901767.307999998, 
        "1": 57879892.403999999, 
        "2": 63740635.328000002, 
        "3": 82148792.959999993, 
        "4": 62253230.973999999, 
        "5": 67835612.732999995, 
        "6": 84666304.294, 
        "7": 73320091.328999996, 
        "8": 67443418.912, 
        "9": 57931350.071000002
    }, 
    "averaged_NPV": 66112109.631299987
}