{
    "std": 12753490.746693645, 
    "raw_results": {
        "0": 43337165.615000002, 
        "1": 56925145.273000002, 
        "2": 62440805.737000003, 
        "3": 84143561.115999997, 
        "4": 61332898.498999998, 
        "5": 70360755.386999995, 
        "6": 87770863.075000003, 
        "7": 76045293.353, 
        "8": 67184952.597000003, 
        "9": 57267467.353
    }, 
    "averaged_NPV": 66680890.800499998
}