{
    "std": 11353941.174228881, 
    "raw_results": {
        "0": 44194899.651000001, 
        "1": 57880206.581, 
        "2": 63752299.182999998, 
        "3": 82144528.599000007, 
        "4": 62276625.638999999, 
        "5": 67820184.451000005, 
        "6": 84586568.033000007, 
        "7": 73311183.613000005, 
        "8": 67450705.959999993, 
        "9": 57997900.810999997
    }, 
    "averaged_NPV": 66141510.252100006
}