{
    "std": 11349154.886774316, 
    "raw_results": {
        "0": 44159106.502999999, 
        "1": 57866049.739, 
        "2": 63749175.318999998, 
        "3": 82048839.365999997, 
        "4": 62270655.978, 
        "5": 67806739.496999994, 
        "6": 84586639.083000004, 
        "7": 73309743.645999998, 
        "8": 67450705.959999993, 
        "9": 57987747.553000003
    }, 
    "averaged_NPV": 66123540.26439999
}