{
    "std": 11389499.771787297, 
    "raw_results": {
        "0": 44059532.43, 
        "1": 57785430.550999999, 
        "2": 63664270.479000002, 
        "3": 82151327.466000006, 
        "4": 62141437.858999997, 
        "5": 67753889.113999993, 
        "6": 84561523.508000001, 
        "7": 73210531.347000003, 
        "8": 67315666.054000005, 
        "9": 57886226.519000001
    }, 
    "averaged_NPV": 66052983.532700002
}