{
    "std": 11531080.197024468, 
    "raw_results": {
        "0": 43726174.258000001, 
        "1": 57805391.369000003, 
        "2": 63580916.774999999, 
        "3": 82274216.466999993, 
        "4": 62158357.976000004, 
        "5": 67880389.388999999, 
        "6": 84846139.121999994, 
        "7": 73216094.581, 
        "8": 67331276.136000007, 
        "9": 57729821.221000001
    }, 
    "averaged_NPV": 66054877.729400001
}