{
    "std": 12116552.099825049, 
    "raw_results": {
        "0": 44332985.655000001, 
        "1": 58197272.739, 
        "2": 64527620.847999997, 
        "3": 83597573.644999996, 
        "4": 62928886.111000001, 
        "5": 69748514.133000001, 
        "6": 87538935.152999997, 
        "7": 75602079.076000005, 
        "8": 69056535.314999998, 
        "9": 58477121.419
    }, 
    "averaged_NPV": 67400752.409400001
}