{
    "std": 11328782.441787934, 
    "raw_results": {
        "0": 44201431.767999999, 
        "1": 57874566.636, 
        "2": 63735620.975000001, 
        "3": 82071432.162, 
        "4": 62258293.552000001, 
        "5": 67795863.928000003, 
        "6": 84510905.099999994, 
        "7": 73271875.246000007, 
        "8": 67425326.391000003, 
        "9": 57991693.082000002
    }, 
    "averaged_NPV": 66113700.884000003
}