{
    "std": 12732707.315727115, 
    "raw_results": {
        "0": 43379718.441, 
        "1": 56877518.935999997, 
        "2": 62427513.825999998, 
        "3": 84162553.964000002, 
        "4": 61103407.299000002, 
        "5": 70290937.362000003, 
        "6": 87748931.972000003, 
        "7": 75795063.736000001, 
        "8": 67052503.136, 
        "9": 57337518.919
    }, 
    "averaged_NPV": 66617566.759100005
}