{
    "std": 12686796.389555834, 
    "raw_results": {
        "0": 43271369.677000001, 
        "1": 56916000.359999999, 
        "2": 62404352.707999997, 
        "3": 83849805.070999995, 
        "4": 61323750.189000003, 
        "5": 70266056.674999997, 
        "6": 87581570.251000002, 
        "7": 75974263.431999996, 
        "8": 67161180.606000006, 
        "9": 57289399.403999999
    }, 
    "averaged_NPV": 66603774.837300017
}