{
    "std": 12662958.792811159, 
    "raw_results": {
        "0": 43470092.920000002, 
        "1": 56989080.377999999, 
        "2": 62524376.421999998, 
        "3": 84021208.130999997, 
        "4": 61379903.783, 
        "5": 70351352.312999994, 
        "6": 87630885.067000002, 
        "7": 76026722.854000002, 
        "8": 67218850.753000006, 
        "9": 57473914.077
    }, 
    "averaged_NPV": 66708638.669800006
}