{
    "std": 12109259.852431988, 
    "raw_results": {
        "0": 44346101.236000001, 
        "1": 58177652.333999999, 
        "2": 64504083.906000003, 
        "3": 83529833.184, 
        "4": 62906458.541000001, 
        "5": 69704107.775000006, 
        "6": 87548596.269999996, 
        "7": 75592120.326000005, 
        "8": 69029035.680999994, 
        "9": 58454447.759000003
    }, 
    "averaged_NPV": 67379243.701200008
}