{
    "std": 11510459.184893088, 
    "raw_results": {
        "0": 43681920.535999998, 
        "1": 57710714.755000003, 
        "2": 63506082.546999998, 
        "3": 82244351.295000002, 
        "4": 62052188.5, 
        "5": 67776546.685000002, 
        "6": 84653240.452000007, 
        "7": 73075751.266000003, 
        "8": 67252250.810000002, 
        "9": 57651602.465000004
    }, 
    "averaged_NPV": 65960464.931099996
}