{
    "std": 11501754.127159247, 
    "raw_results": {
        "0": 43684830.435999997, 
        "1": 57716477.623000003, 
        "2": 63477231.969999999, 
        "3": 82227474.169, 
        "4": 62031352.328000002, 
        "5": 67729169.881999999, 
        "6": 84636040.858999997, 
        "7": 73032415.324000001, 
        "8": 67209054.875, 
        "9": 57651206.734999999
    }, 
    "averaged_NPV": 65939525.420099996
}