{
    "std": 12727172.386364279, 
    "raw_results": {
        "0": 43390043.869000003, 
        "1": 56877518.935999997, 
        "2": 62467458.609999999, 
        "3": 84162553.964000002, 
        "4": 61108484.515000001, 
        "5": 70290937.362000003, 
        "6": 87748931.972000003, 
        "7": 75795063.736000001, 
        "8": 67080656.486000001, 
        "9": 57367971.858999997
    }, 
    "averaged_NPV": 66628962.130900003
}