{
    "std": 11389312.889603907, 
    "raw_results": {
        "0": 44109475.582999997, 
        "1": 57908308.222000003, 
        "2": 63776874.093999997, 
        "3": 82156141.822999999, 
        "4": 62281877.030000001, 
        "5": 67870925.703999996, 
        "6": 84670343.259000003, 
        "7": 73351373.903999999, 
        "8": 67477706.435000002, 
        "9": 57959962.780000001
    }, 
    "averaged_NPV": 66156298.883399986
}