{
    "std": 11581659.127909224, 
    "raw_results": {
        "0": 22400772.741999999, 
        "1": 35198642.659000002, 
        "2": 38414128.607000001, 
        "3": 60455047.987000003, 
        "4": 38186240.082000002, 
        "5": 48125346.939999998, 
        "6": 60675195.376999997, 
        "7": 51748723.056000002, 
        "8": 43956582.134000003, 
        "9": 33418454.394000001
    }, 
    "averaged_NPV": 43257913.397799999
}