{
    "std": 11896398.75074048, 
    "raw_results": {
        "0": 20218648.822999999, 
        "1": 32164653.991, 
        "2": 34856146.696000002, 
        "3": 58014530.549000002, 
        "4": 34733010.038000003, 
        "5": 44449131.868000001, 
        "6": 60245524.630999997, 
        "7": 48040230.045000002, 
        "8": 40085018.693999998, 
        "9": 30482731.227000002
    }, 
    "averaged_NPV": 40328962.656200007
}