{
    "std": 11450874.534664849, 
    "raw_results": {
        "0": 43666121.549000002, 
        "1": 57664194.946999997, 
        "2": 63382241.822999999, 
        "3": 82002588.155000001, 
        "4": 61939141.103, 
        "5": 67653044.231999993, 
        "6": 84491939.534999996, 
        "7": 72928099.935000002, 
        "8": 67161126.590000004, 
        "9": 57651744.762000002
    }, 
    "averaged_NPV": 65854024.263099991
}