{
    "std": 11434045.216179166, 
    "raw_results": {
        "0": 44043364.612000003, 
        "1": 57760627.288999997, 
        "2": 63639683.778999999, 
        "3": 82267106.193000004, 
        "4": 62117482.715999998, 
        "5": 67779759.542999998, 
        "6": 84654223.936000004, 
        "7": 73253430.004999995, 
        "8": 67341084.870000005, 
        "9": 57837958.803999998
    }, 
    "averaged_NPV": 66069472.174700007
}