{
    "std": 11427144.411635021, 
    "raw_results": {
        "0": 20484864.855, 
        "1": 33924527.795000002, 
        "2": 37013489.556000002, 
        "3": 58871103.322999999, 
        "4": 36735405.805, 
        "5": 44089603.669, 
        "6": 58594722.523000002, 
        "7": 48200219.522, 
        "8": 40631814.332999997, 
        "9": 30492780.447999999
    }, 
    "averaged_NPV": 40903853.182900004
}