{
    "std": 11718910.721713474, 
    "raw_results": {
        "0": 43978265.115999997, 
        "1": 57778229.413999997, 
        "2": 64029289.362999998, 
        "3": 83013875.189999998, 
        "4": 62447701.204000004, 
        "5": 69265459.238999993, 
        "6": 85309011.245000005, 
        "7": 74579307.099000007, 
        "8": 68222398.25, 
        "9": 58404325.545999996
    }, 
    "averaged_NPV": 66702786.166600004
}