{
    "std": 11947825.307546351, 
    "raw_results": {
        "0": 20338346.662, 
        "1": 32339295.649999999, 
        "2": 35236235.247000001, 
        "3": 58177891.821999997, 
        "4": 35054669.572999999, 
        "5": 44786155.122000001, 
        "6": 60474486.034000002, 
        "7": 48506383.828000002, 
        "8": 40477099.457999997, 
        "9": 30343758.995999999
    }, 
    "averaged_NPV": 40573432.239200003
}