{
    "std": 11952463.945039516, 
    "raw_results": {
        "0": 20177931.899999999, 
        "1": 32007109.272, 
        "2": 34999834.601000004, 
        "3": 58210580.615000002, 
        "4": 34554222.199000001, 
        "5": 44438059.145999998, 
        "6": 60191056.328000002, 
        "7": 48019371.376000002, 
        "8": 40055885.332000002, 
        "9": 30268832.495000001
    }, 
    "averaged_NPV": 40292288.326399997
}