{
    "std": 11424895.290137857, 
    "raw_results": {
        "0": 22089629.350000001, 
        "1": 35310726.405000001, 
        "2": 38547750.803999998, 
        "3": 59867161.376999997, 
        "4": 37858981.504000001, 
        "5": 47589398.321000002, 
        "6": 60018707.416000001, 
        "7": 51632298.563000001, 
        "8": 41573156.269000001, 
        "9": 33442971.502
    }, 
    "averaged_NPV": 42793078.151099995
}