{
    "std": 11528723.496127322, 
    "raw_results": {
        "0": 43604256.998000003, 
        "1": 57661776.795999996, 
        "2": 63403880.880999997, 
        "3": 82230400.650999993, 
        "4": 61995210.305, 
        "5": 67729169.881999999, 
        "6": 84637771.013999999, 
        "7": 73034941.981999993, 
        "8": 67138293.828999996, 
        "9": 57587626.152000003
    }, 
    "averaged_NPV": 65902332.848999999
}