{
    "std": 11100178.522379424, 
    "raw_results": {
        "0": 44627541.009000003, 
        "1": 57873651.452, 
        "2": 63606425.204999998, 
        "3": 81744440.781000003, 
        "4": 62191558.134999998, 
        "5": 67600849.064999998, 
        "6": 84194403.166999996, 
        "7": 72963066.260000005, 
        "8": 67397487.770999998, 
        "9": 58436705.691
    }, 
    "averaged_NPV": 66063612.853600003
}