{
    "std": 11731463.77902676, 
    "raw_results": {
        "0": 43813107.964000002, 
        "1": 58144559.380999997, 
        "2": 63293422.965999998, 
        "3": 83180297.804000005, 
        "4": 62194209.795000002, 
        "5": 68695302.555999994, 
        "6": 85167952.327999994, 
        "7": 74291836.734999999, 
        "8": 67973455.118000001, 
        "9": 58222673.619000003
    }, 
    "averaged_NPV": 66497681.8266
}