{
    "std": 11482560.952857785, 
    "raw_results": {
        "0": 43747192.568000004, 
        "1": 57721835.950999998, 
        "2": 63545372.296999998, 
        "3": 82165587.755999997, 
        "4": 62056702.060999997, 
        "5": 67725829.347000003, 
        "6": 84628075.302000001, 
        "7": 73194949.694999993, 
        "8": 67251988.430000007, 
        "9": 57719719.902000003
    }, 
    "averaged_NPV": 65975725.330899991
}