{
    "std": 11411491.720729709, 
    "raw_results": {
        "0": 44059330.688000001, 
        "1": 57835073.039999999, 
        "2": 63693086.743000001, 
        "3": 82167490.560000002, 
        "4": 62202751.214000002, 
        "5": 67787623.688999996, 
        "6": 84684509.181999996, 
        "7": 73287699.481999993, 
        "8": 67393858.004999995, 
        "9": 57889876.270000003
    }, 
    "averaged_NPV": 66100129.887299992
}