{
    "std": 11243536.382924808, 
    "raw_results": {
        "0": 44574507.644000001, 
        "1": 57875536.011, 
        "2": 63697474.530000001, 
        "3": 82022392.017000005, 
        "4": 62246423.024999999, 
        "5": 67746435.430999994, 
        "6": 84469558.265000001, 
        "7": 73192075.447999999, 
        "8": 67392338.399000004, 
        "9": 57919505.740999997
    }, 
    "averaged_NPV": 66113624.651099995
}