{
    "std": 11537773.673001166, 
    "raw_results": {
        "0": 43737638.464000002, 
        "1": 57755296.325999998, 
        "2": 63560001.222000003, 
        "3": 82274216.466999993, 
        "4": 62120926.005000003, 
        "5": 67880389.388999999, 
        "6": 84846139.121999994, 
        "7": 73216094.581, 
        "8": 67331276.136000007, 
        "9": 57679998.795000002
    }, 
    "averaged_NPV": 66040197.650699995
}