{
    "std": 11553547.591004279, 
    "raw_results": {
        "0": 22231125.921999998, 
        "1": 35452418.502999999, 
        "2": 38860219.131999999, 
        "3": 60257238.506999999, 
        "4": 38280055.897, 
        "5": 47860954.965000004, 
        "6": 60567150.737000003, 
        "7": 52031633.681999996, 
        "8": 41671607.092, 
        "9": 33316825.460999999
    }, 
    "averaged_NPV": 43052922.989800006
}