{
    "std": 12719075.728146037, 
    "raw_results": {
        "0": 43439171.255999997, 
        "1": 56994024.284000002, 
        "2": 62429514.377999999, 
        "3": 83988562.552000001, 
        "4": 61336330.526000001, 
        "5": 70295986.001000002, 
        "6": 87991760.844999999, 
        "7": 75882267.085999995, 
        "8": 66990790.744000003, 
        "9": 57431103.583999999
    }, 
    "averaged_NPV": 66677951.125599995
}