{
    "std": 11376111.453362504, 
    "raw_results": {
        "0": 44151859.375, 
        "1": 57957621.43, 
        "2": 63803240.163999997, 
        "3": 82148337.111000001, 
        "4": 62354301.464000002, 
        "5": 67874042.064999998, 
        "6": 84686012.710999995, 
        "7": 73377757.480000004, 
        "8": 67547500.501000002, 
        "9": 57993382.148999996
    }, 
    "averaged_NPV": 66189405.445000015
}