{
    "std": 11217741.571488969, 
    "raw_results": {
        "0": 44571181.288999997, 
        "1": 57846551.329999998, 
        "2": 63677444.865999997, 
        "3": 81902430.031000003, 
        "4": 62222196.550999999, 
        "5": 67714212.130999997, 
        "6": 84387964.902999997, 
        "7": 73178040.327000007, 
        "8": 67375090.377000004, 
        "9": 57892049.482000001
    }, 
    "averaged_NPV": 66076716.128699996
}