{
    "std": 11404505.547770986, 
    "raw_results": {
        "0": 44109475.582999997, 
        "1": 57908308.222000003, 
        "2": 63776874.093999997, 
        "3": 82226979.059, 
        "4": 62281877.030000001, 
        "5": 67878760.910999998, 
        "6": 84697209.504999995, 
        "7": 73363186.113000005, 
        "8": 67477706.435000002, 
        "9": 57959962.780000001
    }, 
    "averaged_NPV": 66168033.973200008
}