{
    "std": 12717362.72761373, 
    "raw_results": {
        "0": 43448910.103, 
        "1": 57023198.354000002, 
        "2": 62515380.465999998, 
        "3": 84148260.627000004, 
        "4": 61409779.158, 
        "5": 70409744.304000005, 
        "6": 87770863.075000003, 
        "7": 76077894.934, 
        "8": 67238843.545000002, 
        "9": 57364153.612999998
    }, 
    "averaged_NPV": 66740702.817900002
}