{
    "std": 11079653.943965182, 
    "raw_results": {
        "0": 44840452.913000003, 
        "1": 57771733.908, 
        "2": 63543607.288000003, 
        "3": 81756973.548999995, 
        "4": 62111960.957000002, 
        "5": 67544823.343999997, 
        "6": 84209115.357999995, 
        "7": 72928130.213, 
        "8": 67318731.297000006, 
        "9": 58316324.071999997
    }, 
    "averaged_NPV": 66034185.289900005
}