{
    "std": 12028028.296649167, 
    "raw_results": {
        "0": 20111945.239999998, 
        "1": 32204810.728, 
        "2": 35123362.674000002, 
        "3": 58155088.288000003, 
        "4": 34854935.734999999, 
        "5": 44490666.725000001, 
        "6": 60529407.240000002, 
        "7": 48408791.053999998, 
        "8": 40037559.011, 
        "9": 30010755.796999998
    }, 
    "averaged_NPV": 40392732.249200001
}