{
    "std": 11436087.483108839, 
    "raw_results": {
        "0": 44073180.391000003, 
        "1": 57875230.200999998, 
        "2": 63732492.193999998, 
        "3": 82240727.512999997, 
        "4": 62233185.634000003, 
        "5": 67883763.106999993, 
        "6": 84772149.268000007, 
        "7": 73367466.886999995, 
        "8": 67449872.657000005, 
        "9": 57884769.169
    }, 
    "averaged_NPV": 66151283.702100001
}