{
    "std": 11051599.052535942, 
    "raw_results": {
        "0": 44879884.953000002, 
        "1": 57873651.452, 
        "2": 63606425.204999998, 
        "3": 81744440.781000003, 
        "4": 62191558.134999998, 
        "5": 67600849.064999998, 
        "6": 84194403.166999996, 
        "7": 72963066.260000005, 
        "8": 67397487.770999998, 
        "9": 58436705.691
    }, 
    "averaged_NPV": 66088847.248000003
}