{
    "std": 11290021.719066562, 
    "raw_results": {
        "0": 44228989.582000002, 
        "1": 57962092.713, 
        "2": 63764344.916000001, 
        "3": 81972308.045000002, 
        "4": 62343891.609999999, 
        "5": 67828409.931999996, 
        "6": 84461146.678000003, 
        "7": 73266590.792999998, 
        "8": 67514147.748999998, 
        "9": 58030279.891999997
    }, 
    "averaged_NPV": 66137220.190999985
}