{
    "std": 11380157.374428751, 
    "raw_results": {
        "0": 43900326.020999998, 
        "1": 57881450.101000004, 
        "2": 63571325.153999999, 
        "3": 82068165.106000006, 
        "4": 62203739.359999999, 
        "5": 67806130.493000001, 
        "6": 84437805.811000004, 
        "7": 73178069.388999999, 
        "8": 67447404.381999999, 
        "9": 57909311.556000002
    }, 
    "averaged_NPV": 66040372.737300001
}