{
    "std": 11548825.996215394, 
    "raw_results": {
        "0": 43675246.200999998, 
        "1": 57689472.539999999, 
        "2": 63512592.581, 
        "3": 82234662.247999996, 
        "4": 62096461.346000001, 
        "5": 67881377.552000001, 
        "6": 84810353.781000003, 
        "7": 73215211.393999994, 
        "8": 67245519.797999993, 
        "9": 57613956.272
    }, 
    "averaged_NPV": 65997485.371299997
}