{
    "std": 11373648.891451251, 
    "raw_results": {
        "0": 44167698.185000002, 
        "1": 57908308.222000003, 
        "2": 63786006.898999996, 
        "3": 82156141.822999999, 
        "4": 62281877.030000001, 
        "5": 67870925.703999996, 
        "6": 84670343.259000003, 
        "7": 73351373.903999999, 
        "8": 67477706.435000002, 
        "9": 58018537.726000004
    }, 
    "averaged_NPV": 66168891.918699995
}