{
    "std": 10949809.081534265, 
    "raw_results": {
        "0": 42932563.251999997, 
        "1": 55773540.777999997, 
        "2": 61759898.016000003, 
        "3": 78944023.513999999, 
        "4": 60174313.931000002, 
        "5": 65574513.792000003, 
        "6": 82170238.453999996, 
        "7": 71248047.949000001, 
        "8": 65483540.670000002, 
        "9": 56440419.579000004
    }, 
    "averaged_NPV": 64050109.993499994
}