{
    "std": 10495987.420671679, 
    "raw_results": {
        "0": 42793712.269000001, 
        "1": 55166876.158, 
        "2": 60649606.979999997, 
        "3": 77761117.579999998, 
        "4": 59063577.303999998, 
        "5": 64728328.247000001, 
        "6": 80071099.319999993, 
        "7": 69650709.523000002, 
        "8": 64634855.983000003, 
        "9": 55803370.877999999
    }, 
    "averaged_NPV": 63032325.424199998
}