{
    "std": 10495882.228314878, 
    "raw_results": {
        "0": 42781922.895999998, 
        "1": 55107669.082999997, 
        "2": 60633733.560999997, 
        "3": 77665625.854000002, 
        "4": 59033734.745999999, 
        "5": 64651106.875, 
        "6": 80081696.084999993, 
        "7": 69647675.707000002, 
        "8": 64556763.873999998, 
        "9": 55717091.164999999
    }, 
    "averaged_NPV": 62987701.984599993
}