{
    "std": 10596136.02940868, 
    "raw_results": {
        "0": 42807398.847000003, 
        "1": 56167210.555, 
        "2": 61992038.737999998, 
        "3": 78068837.010000005, 
        "4": 60326464.840999998, 
        "5": 65642748.241999999, 
        "6": 80847670.594999999, 
        "7": 71138456.785999998, 
        "8": 65858540.740999997, 
        "9": 56521475.522
    }, 
    "averaged_NPV": 63937084.187699996
}