{
    "std": 10290384.313103158, 
    "raw_results": {
        "0": 18672418.142000001, 
        "1": 29538845.267000001, 
        "2": 32976321.963, 
        "3": 52479945.266999997, 
        "4": 31840834.583999999, 
        "5": 41083183.218000002, 
        "6": 52224049.0, 
        "7": 44386418.822999999, 
        "8": 35237556.784000002, 
        "9": 28053739.809
    }, 
    "averaged_NPV": 36649331.285700001
}