{
    "std": 10091615.304536395, 
    "raw_results": {
        "0": 19187756.951000001, 
        "1": 29404756.171, 
        "2": 32707607.210000001, 
        "3": 52139671.296999998, 
        "4": 31979870.434999999, 
        "5": 40591840.336000003, 
        "6": 51926241.327, 
        "7": 44064707.963, 
        "8": 35209044.137999997, 
        "9": 27820468.487
    }, 
    "averaged_NPV": 36503196.431500003
}