{
    "std": 11015105.528033465, 
    "raw_results": {
        "0": 42956487.592, 
        "1": 55922548.594999999, 
        "2": 61734956.486000001, 
        "3": 79193910.908999994, 
        "4": 60016650.32, 
        "5": 65718735.931999996, 
        "6": 82313802.046000004, 
        "7": 71376841.438999996, 
        "8": 65550113.298, 
        "9": 56360665.351000004
    }, 
    "averaged_NPV": 64114471.196799994
}