{
    "std": 10344881.635735149, 
    "raw_results": {
        "0": 20187037.752999999, 
        "1": 32650321.557, 
        "2": 35971388.781999998, 
        "3": 54184232.696999997, 
        "4": 35590005.366999999, 
        "5": 42880388.954999998, 
        "6": 54746079.024999999, 
        "7": 46865757.524999999, 
        "8": 38847135.681999996, 
        "9": 29012220.789999999
    }, 
    "averaged_NPV": 39093456.813299999
}