{
    "std": 11771801.914480159, 
    "raw_results": {
        "0": 41014399.648000002, 
        "1": 55767974.711000003, 
        "2": 58253578.729000002, 
        "3": 79046144.184, 
        "4": 59939002.045000002, 
        "5": 66001258.115000002, 
        "6": 82921717.377000004, 
        "7": 70806644.711999997, 
        "8": 65696813.651000001, 
        "9": 53642470.559
    }, 
    "averaged_NPV": 63309000.373100005
}