{
    "std": 11036726.680318026, 
    "raw_results": {
        "0": 43025928.767999999, 
        "1": 56052292.170000002, 
        "2": 61876579.071999997, 
        "3": 79254829.553000003, 
        "4": 60164432.866999999, 
        "5": 65899330.186999999, 
        "6": 82549745.689999998, 
        "7": 71444057.229000002, 
        "8": 65726651.675999999, 
        "9": 56412603.596000001
    }, 
    "averaged_NPV": 64240645.080799997
}