{
    "std": 10900540.52434306, 
    "raw_results": {
        "0": 42744539.880999997, 
        "1": 56069303.892999999, 
        "2": 62014600.713, 
        "3": 78580791.732999995, 
        "4": 60124535.509999998, 
        "5": 66430815.016000003, 
        "6": 81961599.841999993, 
        "7": 71037794.355000004, 
        "8": 66133360.300999999, 
        "9": 56283284.674000002
    }, 
    "averaged_NPV": 64138062.591799997
}