{
    "std": 11207955.551548915, 
    "raw_results": {
        "0": 42640280.223999999, 
        "1": 55881877.287, 
        "2": 61837133.431999996, 
        "3": 79173105.496000007, 
        "4": 59946140.873999998, 
        "5": 66078480.883000001, 
        "6": 83108706.332000002, 
        "7": 70882009.025999993, 
        "8": 65804451.634999998, 
        "9": 56073546.081
    }, 
    "averaged_NPV": 64142573.126999997
}