{
    "std": 10280038.37274033, 
    "raw_results": {
        "0": 43152323.952, 
        "1": 55613417.461999997, 
        "2": 61336504.531999998, 
        "3": 77788696.980000004, 
        "4": 59768871.207999997, 
        "5": 64840473.761, 
        "6": 79839239.923999995, 
        "7": 69453850.744000003, 
        "8": 65916495.236000001, 
        "9": 56586902.142999999
    }, 
    "averaged_NPV": 63429677.5942
}