{
    "std": 10308841.235895943, 
    "raw_results": {
        "0": 42828410.230999999, 
        "1": 55633029.310999997, 
        "2": 61351021.112999998, 
        "3": 77796572.408999994, 
        "4": 59915819.677000001, 
        "5": 64727489.938000001, 
        "6": 79754762.963, 
        "7": 69292648.461999997, 
        "8": 65945867.535999998, 
        "9": 56679723.097000003
    }, 
    "averaged_NPV": 63392534.473700002
}