{
    "std": 11841812.670885369, 
    "raw_results": {
        "0": 41379741.287, 
        "1": 53621334.718999997, 
        "2": 59105430.758000001, 
        "3": 78966773.068000004, 
        "4": 57598640.931000002, 
        "5": 66180938.270999998, 
        "6": 82876573.409999996, 
        "7": 70725627.447999999, 
        "8": 62794256.952, 
        "9": 53861019.781000003
    }, 
    "averaged_NPV": 62711033.662500001
}