{
    "std": 10742743.248595964, 
    "raw_results": {
        "0": 42083853.858000003, 
        "1": 55336781.711999997, 
        "2": 60570943.853, 
        "3": 78005080.465000004, 
        "4": 59307138.854999997, 
        "5": 64994516.269000001, 
        "6": 80309050.405000001, 
        "7": 69984338.215000004, 
        "8": 64840455.704999998, 
        "9": 55417919.222999997
    }, 
    "averaged_NPV": 63085007.856000006
}