{
    "std": 10910903.788731799, 
    "raw_results": {
        "0": 42863405.751000002, 
        "1": 55701925.527000003, 
        "2": 61659438.313000001, 
        "3": 78805793.333000004, 
        "4": 60099843.589000002, 
        "5": 65486487.611000001, 
        "6": 81923259.023000002, 
        "7": 71156524.548999995, 
        "8": 65383261.939000003, 
        "9": 56357149.522
    }, 
    "averaged_NPV": 63943708.915699996
}