{
    "std": 10758782.177663893, 
    "raw_results": {
        "0": 42227445.550999999, 
        "1": 55299657.597999997, 
        "2": 60618640.469999999, 
        "3": 78133838.175999999, 
        "4": 59266604.424999997, 
        "5": 64997633.572999999, 
        "6": 80455820.835999995, 
        "7": 69990433.826000005, 
        "8": 64810272.954000004, 
        "9": 55424511.365000002
    }, 
    "averaged_NPV": 63122485.877399996
}