{
    "std": 10588997.209384123, 
    "raw_results": {
        "0": 42807398.847000003, 
        "1": 56167210.555, 
        "2": 61992038.737999998, 
        "3": 78017500.363000005, 
        "4": 60326464.840999998, 
        "5": 65632227.615999997, 
        "6": 80847670.594999999, 
        "7": 71136521.839000002, 
        "8": 65858540.740999997, 
        "9": 56521475.522
    }, 
    "averaged_NPV": 63930704.965699993
}