{
    "std": 10492495.666915994, 
    "raw_results": {
        "0": 42820669.533, 
        "1": 55166876.158, 
        "2": 60657850.626000002, 
        "3": 77790808.520999998, 
        "4": 59070297.695, 
        "5": 64740854.549000002, 
        "6": 80056718.421000004, 
        "7": 69660723.175999999, 
        "8": 64647290.236000001, 
        "9": 55813740.732000001
    }, 
    "averaged_NPV": 63042582.964699998
}