{
    "std": 10799316.965219932, 
    "raw_results": {
        "0": 41942911.487000003, 
        "1": 55233226.267999999, 
        "2": 60522989.534000002, 
        "3": 78019955.341000006, 
        "4": 59182162.763999999, 
        "5": 64928654.615000002, 
        "6": 80369210.452999994, 
        "7": 69981598.354000002, 
        "8": 64735509.914999999, 
        "9": 55314972.208999999
    }, 
    "averaged_NPV": 63023119.093999997
}