{
    "std": 11540666.537023239, 
    "raw_results": {
        "0": 19776089.592999998, 
        "1": 32439416.116, 
        "2": 35873732.204000004, 
        "3": 56979538.432999998, 
        "4": 34725618.582000002, 
        "5": 42156903.622000001, 
        "6": 57975092.191, 
        "7": 49041322.119999997, 
        "8": 38787525.289999999, 
        "9": 28923807.030999999
    }, 
    "averaged_NPV": 39667904.51820001
}