{
    "std": 11828920.801095268, 
    "raw_results": {
        "0": 41379990.976999998, 
        "1": 53588071.697999999, 
        "2": 59017462.511, 
        "3": 78964072.799999997, 
        "4": 57501989.559, 
        "5": 66139699.266000003, 
        "6": 82796010.179000005, 
        "7": 70622663.359999999, 
        "8": 62761450.976000004, 
        "9": 53861269.471000001
    }, 
    "averaged_NPV": 62663268.079699993
}