{
    "std": 10924517.71943968, 
    "raw_results": {
        "0": 42772954.215999998, 
        "1": 56031070.162, 
        "2": 62035871.105999999, 
        "3": 78642981.518999994, 
        "4": 60128213.936999999, 
        "5": 66450736.479999997, 
        "6": 82051874.986000001, 
        "7": 71103531.055000007, 
        "8": 66059763.553999998, 
        "9": 56269907.291000001
    }, 
    "averaged_NPV": 64154690.430600002
}