{
    "std": 10034273.120273404, 
    "raw_results": {
        "0": 41316020.762000002, 
        "1": 54015289.324000001, 
        "2": 59341153.847000003, 
        "3": 75265694.835999995, 
        "4": 58271647.759999998, 
        "5": 62576883.098999999, 
        "6": 77165713.526999995, 
        "7": 67700920.338, 
        "8": 63128727.571000002, 
        "9": 54319669.081
    }, 
    "averaged_NPV": 61310172.0145
}