{
    "std": 10769896.201817911, 
    "raw_results": {
        "0": 42732619.417999998, 
        "1": 56068002.120999999, 
        "2": 61888379.313000001, 
        "3": 77984345.434, 
        "4": 60226153.663000003, 
        "5": 65569748.773999996, 
        "6": 81814993.468999997, 
        "7": 71061750.059, 
        "8": 65761001.796999998, 
        "9": 56407780.354999997
    }, 
    "averaged_NPV": 63951477.440300003
}