{
    "std": 10606324.504024092, 
    "raw_results": {
        "0": 17829813.57, 
        "1": 29868940.993000001, 
        "2": 32824552.530999999, 
        "3": 52427228.847999997, 
        "4": 32455382.192000002, 
        "5": 41313649.111000001, 
        "6": 52999657.818999998, 
        "7": 45950514.116999999, 
        "8": 37281062.945, 
        "9": 28289525.559999999
    }, 
    "averaged_NPV": 37124032.768600002
}