{
    "std": 10713535.771292334, 
    "raw_results": {
        "0": 42111715.803999998, 
        "1": 55282714.888999999, 
        "2": 60503780.386, 
        "3": 77957245.488000005, 
        "4": 59202175.997000001, 
        "5": 64879609.463, 
        "6": 80257622.346000001, 
        "7": 69817826.090000004, 
        "8": 64766903.909000002, 
        "9": 55477284.740000002
    }, 
    "averaged_NPV": 63025687.911200009
}