{
    "std": 11796529.281310204, 
    "raw_results": {
        "0": 41278444.333999999, 
        "1": 53548632.329000004, 
        "2": 58928204.115999997, 
        "3": 78807558.790999994, 
        "4": 57510223.196999997, 
        "5": 66019616.597000003, 
        "6": 82742357.689999998, 
        "7": 70555291.613000005, 
        "8": 62566291.968999997, 
        "9": 54098452.218999997
    }, 
    "averaged_NPV": 62605507.28549999
}