{
    "std": 10313572.029744303, 
    "raw_results": {
        "0": 41129508.953000002, 
        "1": 53784241.059, 
        "2": 59023846.770999998, 
        "3": 75645902.305000007, 
        "4": 58015967.916000001, 
        "5": 62868780.442000002, 
        "6": 78055034.627000004, 
        "7": 67720121.526999995, 
        "8": 62821267.457999997, 
        "9": 54097926.917999998
    }, 
    "averaged_NPV": 61316259.797599994
}