{
    "std": 10920596.621615484, 
    "raw_results": {
        "0": 42932563.251999997, 
        "1": 55773540.777999997, 
        "2": 61739757.838, 
        "3": 78913094.488999993, 
        "4": 60174313.931000002, 
        "5": 65553443.493000001, 
        "6": 82025214.721000001, 
        "7": 71234944.513999999, 
        "8": 65459690.678999998, 
        "9": 56440419.579000004
    }, 
    "averaged_NPV": 64024698.327400006
}