{
    "std": 10650371.012424871, 
    "raw_results": {
        "0": 42315821.325000003, 
        "1": 55223252.479999997, 
        "2": 60413085.442000002, 
        "3": 77863808.657000005, 
        "4": 59141502.019000001, 
        "5": 64806964.498999998, 
        "6": 80127057.480000004, 
        "7": 69751610.719999999, 
        "8": 64711619.387999997, 
        "9": 55359903.589000002
    }, 
    "averaged_NPV": 62971462.559900008
}