{
    "std": 10838205.392236268, 
    "raw_results": {
        "0": 41991228.119999997, 
        "1": 55247928.028999999, 
        "2": 60527288.233000003, 
        "3": 78178783.185000002, 
        "4": 59150448.766000003, 
        "5": 64946914.240999997, 
        "6": 80539029.113000005, 
        "7": 69990917.105000004, 
        "8": 64728905.902000003, 
        "9": 55341907.975000001
    }, 
    "averaged_NPV": 63064335.0669
}