{
    "std": 10548908.989541378, 
    "raw_results": {
        "0": 42791661.978, 
        "1": 55202520.773000002, 
        "2": 60660788.998000003, 
        "3": 77895361.238999993, 
        "4": 59150627.660999998, 
        "5": 64821167.012999997, 
        "6": 80251936.978, 
        "7": 69810509.106000006, 
        "8": 64665927.784999996, 
        "9": 55825923.098999999
    }, 
    "averaged_NPV": 63107642.463
}