{
    "std": 10170896.585812872, 
    "raw_results": {
        "0": 19115598.484999999, 
        "1": 29843951.480999999, 
        "2": 32875282.370000001, 
        "3": 52479945.266999997, 
        "4": 31879211.760000002, 
        "5": 41083183.218000002, 
        "6": 52224049.0, 
        "7": 44386418.822999999, 
        "8": 37315774.340000004, 
        "9": 28197786.710000001
    }, 
    "averaged_NPV": 36940120.145399995
}