{
    "std": 10117021.18114257, 
    "raw_results": {
        "0": 19379891.956, 
        "1": 29896686.925000001, 
        "2": 33050393.774, 
        "3": 52479945.266999997, 
        "4": 32114929.107000001, 
        "5": 41083183.218000002, 
        "6": 52224049.0, 
        "7": 44386418.822999999, 
        "8": 35573567.806000002, 
        "9": 28124737.745999999
    }, 
    "averaged_NPV": 36831380.362199999
}