{
    "std": 10757723.700904559, 
    "raw_results": {
        "0": 42707918.986000001, 
        "1": 56054896.202, 
        "2": 61862367.343999997, 
        "3": 77909734.378999993, 
        "4": 60202657.452, 
        "5": 65525944.546999998, 
        "6": 81778035.356999993, 
        "7": 71018917.719999999, 
        "8": 65722086.068999998, 
        "9": 56398151.603
    }, 
    "averaged_NPV": 63918070.965900004
}