{
    "std": 10873375.59070617, 
    "raw_results": {
        "0": 42744539.880999997, 
        "1": 56069303.892999999, 
        "2": 61999876.677000001, 
        "3": 78551858.099000007, 
        "4": 60124535.509999998, 
        "5": 66412701.520999998, 
        "6": 81818239.187000006, 
        "7": 71040256.344999999, 
        "8": 66133360.300999999, 
        "9": 56283284.674000002
    }, 
    "averaged_NPV": 64117795.608800009
}