{
    "std": 10232494.695796849, 
    "raw_results": {
        "0": 18809300.193, 
        "1": 31501372.761, 
        "2": 33005717.989999998, 
        "3": 52920486.770999998, 
        "4": 34142653.592, 
        "5": 41604583.126999997, 
        "6": 52825158.204000004, 
        "7": 45227675.351999998, 
        "8": 37633220.005999997, 
        "9": 28491992.331999999
    }, 
    "averaged_NPV": 37616216.032800004
}