{
    "std": 10149031.236363459, 
    "raw_results": {
        "0": 19316984.827, 
        "1": 30384380.824000001, 
        "2": 33221248.877999999, 
        "3": 52709847.611000001, 
        "4": 32487045.888, 
        "5": 41237153.827, 
        "6": 52523707.107000001, 
        "7": 44736607.214000002, 
        "8": 37812647.630000003, 
        "9": 28427387.223999999
    }, 
    "averaged_NPV": 37285701.103
}