{
    "std": 11227643.506720252, 
    "raw_results": {
        "0": 42675491.336000003, 
        "1": 55893650.689999998, 
        "2": 61826838.104000002, 
        "3": 79347169.832000002, 
        "4": 59967661.395000003, 
        "5": 66190032.817000002, 
        "6": 83123163.277999997, 
        "7": 70967038.254999995, 
        "8": 65870816.185000002, 
        "9": 56157127.552000001
    }, 
    "averaged_NPV": 64201898.944399998
}