{
    "std": 10198805.211686958, 
    "raw_results": {
        "0": 18774310.392000001, 
        "1": 31998387.000999998, 
        "2": 35438594.865999997, 
        "3": 53222081.258000001, 
        "4": 34441216.971000001, 
        "5": 41862425.405000001, 
        "6": 53128346.781999998, 
        "7": 45492376.792000003, 
        "8": 38225645.696000002, 
        "9": 28845513.125999998
    }, 
    "averaged_NPV": 38142889.828899994
}