{
    "std": 11686270.131221179, 
    "raw_results": {
        "0": 41023689.32, 
        "1": 55823767.380999997, 
        "2": 61841416.870999999, 
        "3": 79136370.493000001, 
        "4": 59875111.262000002, 
        "5": 66027492.575000003, 
        "6": 82988871.548999995, 
        "7": 70792647.052000001, 
        "8": 65747155.044, 
        "9": 53645148.237999998
    }, 
    "averaged_NPV": 63690166.978499994
}