{
    "std": 10964490.251553632, 
    "raw_results": {
        "0": 42887073.623999998, 
        "1": 55817962.979999997, 
        "2": 61646400.928999998, 
        "3": 78923965.004999995, 
        "4": 59939921.228, 
        "5": 65598077.972999997, 
        "6": 82064151.422000006, 
        "7": 71287400.930999994, 
        "8": 65463277.189000003, 
        "9": 56212934.719999999
    }, 
    "averaged_NPV": 63984116.600099996
}