{
    "std": 10693175.34906859, 
    "raw_results": {
        "0": 42078976.831, 
        "1": 55237172.281000003, 
        "2": 60460117.708999999, 
        "3": 77872419.312999994, 
        "4": 59171470.104999997, 
        "5": 64842914.723999999, 
        "6": 80130797.819000006, 
        "7": 69788604.406000003, 
        "8": 64747813.976000004, 
        "9": 55437155.123000003
    }, 
    "averaged_NPV": 62976744.228700005
}