{
    "std": 11161019.579205792, 
    "raw_results": {
        "0": 20688210.651000001, 
        "1": 32441357.947000001, 
        "2": 35521877.553999998, 
        "3": 57039728.973999999, 
        "4": 35213011.597000003, 
        "5": 44764825.185999997, 
        "6": 57173586.674999997, 
        "7": 48658885.836999997, 
        "8": 38449165.976999998, 
        "9": 30656343.513999999
    }, 
    "averaged_NPV": 40060699.391199999
}