{
    "std": 10802801.144630533, 
    "raw_results": {
        "0": 42944435.118000001, 
        "1": 55960958.509000003, 
        "2": 61755902.828000002, 
        "3": 77887976.692000002, 
        "4": 60075322.747000001, 
        "5": 65365450.854999997, 
        "6": 82241744.942000002, 
        "7": 71059058.384000003, 
        "8": 65599164.024999999, 
        "9": 56333573.119000003
    }, 
    "averaged_NPV": 63922358.721900001
}