{
    "std": 10490070.106676875, 
    "raw_results": {
        "0": 42742237.636, 
        "1": 55089139.354999997, 
        "2": 60619957.276000001, 
        "3": 77607238.405000001, 
        "4": 59019165.009999998, 
        "5": 64629184.857000001, 
        "6": 80033163.420000002, 
        "7": 69620265.442000002, 
        "8": 64526952.093000002, 
        "9": 55675334.559
    }, 
    "averaged_NPV": 62956263.805300012
}