{
    "std": 10779960.842598381, 
    "raw_results": {
        "0": 42971568.636, 
        "1": 56034679.862000003, 
        "2": 61831458.577, 
        "3": 77847409.997999996, 
        "4": 60177439.935999997, 
        "5": 65414102.370999999, 
        "6": 82212322.186000004, 
        "7": 71122782.905000001, 
        "8": 65700079.989, 
        "9": 56379905.858000003
    }, 
    "averaged_NPV": 63969175.031799994
}