{
    "std": 11214318.39712465, 
    "raw_results": {
        "0": 20840672.780000001, 
        "1": 32441357.947000001, 
        "2": 35521877.553999998, 
        "3": 56962680.890000001, 
        "4": 35213011.597000003, 
        "5": 44742786.373000003, 
        "6": 57083422.887999997, 
        "7": 48634508.883000001, 
        "8": 38437693.748999998, 
        "9": 29444999.91
    }, 
    "averaged_NPV": 39932301.257100001
}