{
    "std": 10466624.642986452, 
    "raw_results": {
        "0": 42875677.328000002, 
        "1": 55200071.079999998, 
        "2": 60612111.343999997, 
        "3": 77751794.714000002, 
        "4": 59118451.174999997, 
        "5": 64717776.034000002, 
        "6": 80032958.518000007, 
        "7": 69684414.824000001, 
        "8": 64679915.270000003, 
        "9": 55876416.872000001
    }, 
    "averaged_NPV": 63054958.715899989
}