{
    "std": 11738478.167714557, 
    "raw_results": {
        "0": 40961386.274999999, 
        "1": 55789081.645000003, 
        "2": 61834932.410999998, 
        "3": 79258170.501000002, 
        "4": 59875610.906999998, 
        "5": 66086354.284000002, 
        "6": 83052338.410999998, 
        "7": 70879242.033999994, 
        "8": 65715557.079000004, 
        "9": 53584720.479999997
    }, 
    "averaged_NPV": 63703739.402700007
}