{
    "std": 11790707.99270739, 
    "raw_results": {
        "0": 41188126.756999999, 
        "1": 53453211.313000001, 
        "2": 59031919.725000001, 
        "3": 78775747.651999995, 
        "4": 57502338.868000001, 
        "5": 65935484.968000002, 
        "6": 82624503.379999995, 
        "7": 70440643.713, 
        "8": 62677295.211999997, 
        "9": 53990101.255000003
    }, 
    "averaged_NPV": 62561937.284299992
}