{
    "std": 10775121.516248643, 
    "raw_results": {
        "0": 42021057.501999997, 
        "1": 55245934.773999996, 
        "2": 60552806.104999997, 
        "3": 78071549.669, 
        "4": 59220183.174999997, 
        "5": 64938875.163000003, 
        "6": 80324553.048999995, 
        "7": 69941777.090000004, 
        "8": 64756620.244999997, 
        "9": 55370462.864
    }, 
    "averaged_NPV": 63044381.963599995
}