{
    "std": 10899631.842468683, 
    "raw_results": {
        "0": 42785202.204000004, 
        "1": 56115050.821000002, 
        "2": 61926007.950000003, 
        "3": 78638515.689999998, 
        "4": 60237498.799000002, 
        "5": 66529378.090999998, 
        "6": 81926676.898000002, 
        "7": 71205075.710999995, 
        "8": 66159641.120999999, 
        "9": 56316675.961999997
    }, 
    "averaged_NPV": 64183972.324700013
}