{
    "std": 10826334.53365678, 
    "raw_results": {
        "0": 41998635.284000002, 
        "1": 55265431.740999997, 
        "2": 60551286.740000002, 
        "3": 78153249.732999995, 
        "4": 59173408.729999997, 
        "5": 64971855.244000003, 
        "6": 80511655.327000007, 
        "7": 69996909.415000007, 
        "8": 64751191.43, 
        "9": 55355536.468999997
    }, 
    "averaged_NPV": 63072916.011300005
}