{
    "std": 10926355.779759519, 
    "raw_results": {
        "0": 42929612.016999997, 
        "1": 55897064.347000003, 
        "2": 61785723.805, 
        "3": 78937833.715000004, 
        "4": 60011024.413000003, 
        "5": 65592349.284999996, 
        "6": 82089129.145999998, 
        "7": 71284204.467999995, 
        "8": 65490768.594999999, 
        "9": 56564973.060000002
    }, 
    "averaged_NPV": 64058268.285100006
}