{
    "std": 11787840.350495879, 
    "raw_results": {
        "0": 41203949.244999997, 
        "1": 53453211.313000001, 
        "2": 59031919.725000001, 
        "3": 78775747.651999995, 
        "4": 57502338.868000001, 
        "5": 65935484.968000002, 
        "6": 82624503.379999995, 
        "7": 70440643.713, 
        "8": 62677295.211999997, 
        "9": 53990101.255000003
    }, 
    "averaged_NPV": 62563519.533099994
}