{
    "std": 10011080.952247348, 
    "raw_results": {
        "0": 19433992.090999998, 
        "1": 31600310.894000001, 
        "2": 33158998.954999998, 
        "3": 52709847.611000001, 
        "4": 33929460.645999998, 
        "5": 41237153.827, 
        "6": 52523707.107000001, 
        "7": 44736607.214000002, 
        "8": 37709368.259000003, 
        "9": 28225596.993999999
    }, 
    "averaged_NPV": 37526504.359799996
}