{
    "std": 11589932.982909717, 
    "raw_results": {
        "0": 20153455.530000001, 
        "1": 32144992.392000001, 
        "2": 35333876.557999998, 
        "3": 57098338.739, 
        "4": 34850577.424000002, 
        "5": 42149651.207000002, 
        "6": 58186194.631999999, 
        "7": 49327481.859999999, 
        "8": 38595434.511, 
        "9": 28874229.259
    }, 
    "averaged_NPV": 39671423.211199999
}