{
    "std": 10707369.646988457, 
    "raw_results": {
        "0": 42007807.281999998, 
        "1": 55145971.284000002, 
        "2": 60386726.994000003, 
        "3": 77831431.445999995, 
        "4": 58982875.163999997, 
        "5": 64698779.608000003, 
        "6": 80087150.405000001, 
        "7": 69653288.452000007, 
        "8": 64573059.630000003, 
        "9": 55268853.980999999
    }, 
    "averaged_NPV": 62863594.42459999
}