{
    "std": 10839765.812705748, 
    "raw_results": {
        "0": 41917276.206, 
        "1": 55167262.895999998, 
        "2": 60440786.333999999, 
        "3": 78168165.357999995, 
        "4": 59066982.637999997, 
        "5": 64900558.248000003, 
        "6": 80406833.969999999, 
        "7": 69899520.584000006, 
        "8": 64647610.555, 
        "9": 55244049.601000004
    }, 
    "averaged_NPV": 62985904.638999984
}