{
    "std": 10704890.609500663, 
    "raw_results": {
        "0": 42059284.796999998, 
        "1": 55127844.022, 
        "2": 60397570.535999998, 
        "3": 77837982.325000003, 
        "4": 59079182.479000002, 
        "5": 64752113.350000001, 
        "6": 80112616.100999996, 
        "7": 69743256.789000005, 
        "8": 64623852.316, 
        "9": 55304295.134999998
    }, 
    "averaged_NPV": 62903799.785000004
}