{
    "std": 10708749.140964061, 
    "raw_results": {
        "0": 42983063.237999998, 
        "1": 56024068.796999998, 
        "2": 61846687.299999997, 
        "3": 77909734.378999993, 
        "4": 60185574.325999998, 
        "5": 65518969.685000002, 
        "6": 81778035.356999993, 
        "7": 71018917.719999999, 
        "8": 65714399.816, 
        "9": 56367759.593000002
    }, 
    "averaged_NPV": 63934721.0211
}