{
    "std": 10757358.716665085, 
    "raw_results": {
        "0": 43022800.200000003, 
        "1": 56049675.383000001, 
        "2": 61866450.501000002, 
        "3": 78002836.490999997, 
        "4": 60155418.064999998, 
        "5": 65462566.136, 
        "6": 82110015.525000006, 
        "7": 70918150.957000002, 
        "8": 65711467.173, 
        "9": 56407125.814000003
    }, 
    "averaged_NPV": 63970650.624499999
}