{
    "std": 10947649.199237857, 
    "raw_results": {
        "0": 42935535.088, 
        "1": 55753639.876000002, 
        "2": 61719638.127999999, 
        "3": 78926567.348000005, 
        "4": 60164129.677000001, 
        "5": 65587698.730999999, 
        "6": 82148393.695999995, 
        "7": 71253731.025999993, 
        "8": 65457048.509000003, 
        "9": 56419201.339000002
    }, 
    "averaged_NPV": 64036558.341799997
}