{
    "std": 10380115.588145856, 
    "raw_results": {
        "0": 41272118.859999999, 
        "1": 53957717.402999997, 
        "2": 59224382.553999998, 
        "3": 75953960.730000004, 
        "4": 58199074.472000003, 
        "5": 63126696.853, 
        "6": 78511956.942000002, 
        "7": 67789065.638999999, 
        "8": 63036131.832999997, 
        "9": 54256442.266999997
    }, 
    "averaged_NPV": 61532754.7553
}