{
    "std": 10975333.218411811, 
    "raw_results": {
        "0": 42871459.527999997, 
        "1": 55776156.924999997, 
        "2": 61621850.116999999, 
        "3": 78959113.005999997, 
        "4": 59861652.784999996, 
        "5": 65558433.262999997, 
        "6": 82085452.542999998, 
        "7": 71208414.630999997, 
        "8": 65418826.094999999, 
        "9": 56221388.829999998
    }, 
    "averaged_NPV": 63958274.77229999
}