{
    "std": 10839896.878589887, 
    "raw_results": {
        "0": 42842687.306000002, 
        "1": 55791024.423, 
        "2": 61370627.097000003, 
        "3": 78532164.872999996, 
        "4": 59975737.342, 
        "5": 65453395.424999997, 
        "6": 81673967.280000001, 
        "7": 70881050.873999998, 
        "8": 65189759.169, 
        "9": 56064535.644000001
    }, 
    "averaged_NPV": 63777494.943300009
}