{
    "std": 11656436.858014353, 
    "raw_results": {
        "0": 19086140.482999999, 
        "1": 32421662.149, 
        "2": 35758263.688000001, 
        "3": 56979538.432999998, 
        "4": 34923615.022, 
        "5": 42156903.622000001, 
        "6": 57975092.191, 
        "7": 49041322.119999997, 
        "8": 38685136.258000001, 
        "9": 28944244.004999999
    }, 
    "averaged_NPV": 39597191.7971
}