{
    "std": 10427854.311025932, 
    "raw_results": {
        "0": 42794064.042999998, 
        "1": 55172718.623000003, 
        "2": 61485780.752999999, 
        "3": 77683058.379999995, 
        "4": 59067350.839000002, 
        "5": 64592660.114, 
        "6": 79984944.232999995, 
        "7": 69561230.020999998, 
        "8": 65177940.104999997, 
        "9": 56218512.245999999
    }, 
    "averaged_NPV": 63173825.935700014
}