{
    "std": 10661009.477440421, 
    "raw_results": {
        "0": 42066599.781999998, 
        "1": 55200071.079999998, 
        "2": 60430432.443000004, 
        "3": 77751936.445999995, 
        "4": 59118451.174999997, 
        "5": 64717776.034000002, 
        "6": 80032958.518000007, 
        "7": 69684921.059, 
        "8": 64679915.270000003, 
        "9": 55401483.181000002
    }, 
    "averaged_NPV": 62908454.498800002
}