{
    "std": 10787255.248514788, 
    "raw_results": {
        "0": 43019334.921999998, 
        "1": 55987020.155000001, 
        "2": 61852670.012000002, 
        "3": 77920518.878999993, 
        "4": 60115104.009999998, 
        "5": 65390786.041000001, 
        "6": 82274487.251000002, 
        "7": 71088457.694999993, 
        "8": 65681745.175999999, 
        "9": 56462962.920999996
    }, 
    "averaged_NPV": 63979308.706200004
}