{
    "std": 10885042.456961209, 
    "raw_results": {
        "0": 42849561.019000001, 
        "1": 55901184.25, 
        "2": 61562836.744000003, 
        "3": 78713038.306999996, 
        "4": 60019875.748000003, 
        "5": 65608496.814999998, 
        "6": 81855689.237000003, 
        "7": 71019053.938999996, 
        "8": 65359852.053000003, 
        "9": 56176124.321999997
    }, 
    "averaged_NPV": 63906571.2434
}