{
    "std": 11013055.758504899, 
    "raw_results": {
        "0": 42870402.777000003, 
        "1": 55811259.542999998, 
        "2": 61637622.016000003, 
        "3": 79066908.148000002, 
        "4": 59932401.733000003, 
        "5": 65614800.718999997, 
        "6": 82208180.827999994, 
        "7": 71292234.311000004, 
        "8": 65458168.772, 
        "9": 56204278.450000003
    }, 
    "averaged_NPV": 64009625.729700007
}