{
    "std": 10017984.169915615, 
    "raw_results": {
        "0": 19641428.550999999, 
        "1": 31863053.348000001, 
        "2": 33696217.317000002, 
        "3": 52920486.770999998, 
        "4": 34364557.171999998, 
        "5": 41604583.126999997, 
        "6": 52825158.204000004, 
        "7": 45227675.351999998, 
        "8": 38034160.169, 
        "9": 28529555.614
    }, 
    "averaged_NPV": 37870687.562500007
}