{
    "std": 10358457.974555442, 
    "raw_results": {
        "0": 42915843.447999999, 
        "1": 55686388.945, 
        "2": 61458914.092, 
        "3": 77886443.647, 
        "4": 59867248.541000001, 
        "5": 64908060.710000001, 
        "6": 79984944.232999995, 
        "7": 69567516.775000006, 
        "8": 65954903.655000001, 
        "9": 56621869.795000002
    }, 
    "averaged_NPV": 63485213.384099998
}