{
    "std": 10297513.475032715, 
    "raw_results": {
        "0": 42969447.126000002, 
        "1": 55736257.916000001, 
        "2": 61458575.483999997, 
        "3": 77645546.733999997, 
        "4": 59882652.693999998, 
        "5": 64927907.880999997, 
        "6": 79931224.091999993, 
        "7": 69542683.338, 
        "8": 66018450.288999997, 
        "9": 56689516.359999999
    }, 
    "averaged_NPV": 63480226.191400006
}