{
    "std": 10321157.144675532, 
    "raw_results": {
        "0": 42915843.447999999, 
        "1": 55650072.061999999, 
        "2": 61359743.902999997, 
        "3": 77788696.980000004, 
        "4": 59794080.089000002, 
        "5": 64852872.443000004, 
        "6": 79839239.923999995, 
        "7": 69460144.023000002, 
        "8": 65925345.829000004, 
        "9": 56621869.795000002
    }, 
    "averaged_NPV": 63420790.849599995
}