{
    "std": 10722909.785465997, 
    "raw_results": {
        "0": 42095282.685000002, 
        "1": 55237172.281000003, 
        "2": 60473944.465000004, 
        "3": 77955396.718999997, 
        "4": 59171470.104999997, 
        "5": 64859486.089000002, 
        "6": 80257622.346000001, 
        "7": 69804573.400999993, 
        "8": 64747813.976000004, 
        "9": 55437155.123000003
    }, 
    "averaged_NPV": 63003991.718999997
}