{
    "std": 10482258.965068132, 
    "raw_results": {
        "0": 42772665.730999999, 
        "1": 55089139.354999997, 
        "2": 60619957.276000001, 
        "3": 77607238.405000001, 
        "4": 59019165.009999998, 
        "5": 64629184.857000001, 
        "6": 80033163.420000002, 
        "7": 69620265.442000002, 
        "8": 64526952.093000002, 
        "9": 55703449.328000002
    }, 
    "averaged_NPV": 62962118.091700003
}