{
    "std": 10928084.907906506, 
    "raw_results": {
        "0": 42827212.732000001, 
        "1": 56145863.902999997, 
        "2": 62002210.935000002, 
        "3": 78740177.331, 
        "4": 60325124.206, 
        "5": 66446656.067000002, 
        "6": 82125767.501000002, 
        "7": 71285450.273000002, 
        "8": 66040932.748000003, 
        "9": 56368029.255999997
    }, 
    "averaged_NPV": 64230742.495200001
}