{
    "std": 10894622.827653311, 
    "raw_results": {
        "0": 42772329.336000003, 
        "1": 56074209.32, 
        "2": 62014600.713, 
        "3": 78580791.732999995, 
        "4": 60124535.509999998, 
        "5": 66430815.016000003, 
        "6": 81961599.841999993, 
        "7": 71037794.355000004, 
        "8": 66133360.300999999, 
        "9": 56284701.870999999
    }, 
    "averaged_NPV": 64141473.799700007
}