{
    "std": 10920212.475219596, 
    "raw_results": {
        "0": 42682139.266999997, 
        "1": 55960768.670000002, 
        "2": 61974980.5, 
        "3": 78556206.537, 
        "4": 60066944.291000001, 
        "5": 66305990.590000004, 
        "6": 81978303.702999994, 
        "7": 71016761.054000005, 
        "8": 65903202.509999998, 
        "9": 56213697.045000002
    }, 
    "averaged_NPV": 64065899.416700006
}