{
    "std": 10500388.502439652, 
    "raw_results": {
        "0": 42774155.101999998, 
        "1": 55150624.038000003, 
        "2": 60626877.090000004, 
        "3": 77755996.370000005, 
        "4": 59041203.409999996, 
        "5": 64699975.336999997, 
        "6": 80067987.304000005, 
        "7": 69632899.419, 
        "8": 64614057.109999999, 
        "9": 55786368.25
    }, 
    "averaged_NPV": 63015014.34300001
}