{
    "std": 10945809.045663649, 
    "raw_results": {
        "0": 42895895.842, 
        "1": 55849722.18, 
        "2": 61688113.710000001, 
        "3": 78919423.540999994, 
        "4": 59974537.906000003, 
        "5": 65594847.332000002, 
        "6": 82032456.226999998, 
        "7": 71263492.040000007, 
        "8": 65499266.057999998, 
        "9": 56290289.936999999
    }, 
    "averaged_NPV": 64000804.477300011
}