{
    "std": 10729142.749589467, 
    "raw_results": {
        "0": 42853770.626000002, 
        "1": 56140381.946000002, 
        "2": 62003448.719999999, 
        "3": 77984345.434, 
        "4": 60285937.980999999, 
        "5": 65574179.968999997, 
        "6": 81814993.468999997, 
        "7": 71061750.059, 
        "8": 65858217.583999999, 
        "9": 56537157.362999998
    }, 
    "averaged_NPV": 64011418.315099999
}