{
    "std": 10751340.953606026, 
    "raw_results": {
        "0": 42051494.861000001, 
        "1": 55234892.277000003, 
        "2": 60469987.934, 
        "3": 78029807.600999996, 
        "4": 59151999.939000003, 
        "5": 64859511.453000002, 
        "6": 80268141.340000004, 
        "7": 69825019.713, 
        "8": 64683789.831, 
        "9": 55344184.965000004
    }, 
    "averaged_NPV": 62991882.991400018
}