{
    "std": 10763309.801635144, 
    "raw_results": {
        "0": 42699504.346000001, 
        "1": 56033872.118000001, 
        "2": 61846687.299999997, 
        "3": 77909734.378999993, 
        "4": 60190864.343999997, 
        "5": 65518969.685000002, 
        "6": 81778035.356999993, 
        "7": 71018917.719999999, 
        "8": 65714399.816, 
        "9": 56370765.089000002
    }, 
    "averaged_NPV": 63908175.015399992
}