{
    "std": 9958412.1254786141, 
    "raw_results": {
        "0": 19845375.114999998, 
        "1": 32496758.949000001, 
        "2": 35660467.210000001, 
        "3": 53222081.258000001, 
        "4": 34720206.833999999, 
        "5": 42017580.052000001, 
        "6": 53128346.781999998, 
        "7": 45492376.792000003, 
        "8": 38663018.068999998, 
        "9": 28836738.671
    }, 
    "averaged_NPV": 38408294.973200001
}