{
    "std": 10779412.437995654, 
    "raw_results": {
        "0": 41951432.825000003, 
        "1": 55062179.056999996, 
        "2": 60383534.865999997, 
        "3": 77989496.123999998, 
        "4": 58987645.163000003, 
        "5": 64768082.799999997, 
        "6": 80234696.959999993, 
        "7": 69764947.341999993, 
        "8": 64547331.818999998, 
        "9": 55249566.821000002
    }, 
    "averaged_NPV": 62893891.377699994
}