{
    "std": 11743377.742050603, 
    "raw_results": {
        "0": 41106724.031000003, 
        "1": 55706817.748000003, 
        "2": 58181459.987000003, 
        "3": 78966773.068000004, 
        "4": 59870031.990000002, 
        "5": 65934627.033, 
        "6": 82877821.180000007, 
        "7": 70725627.447999999, 
        "8": 65694028.846000001, 
        "9": 53585680.574000001
    }, 
    "averaged_NPV": 63264959.190500006
}