{
    "std": 10872532.610829525, 
    "raw_results": {
        "0": 41922839.975000001, 
        "1": 55245383.663999997, 
        "2": 60474708.013999999, 
        "3": 78364509.760000005, 
        "4": 59149079.675999999, 
        "5": 64986041.498999998, 
        "6": 80468648.724000007, 
        "7": 69989922.431999996, 
        "8": 64705916.850000001, 
        "9": 55277885.303000003
    }, 
    "averaged_NPV": 63058493.589699998
}