{
    "std": 10135184.768473836, 
    "raw_results": {
        "0": 19510708.034000002, 
        "1": 30105359.805, 
        "2": 33292481.579, 
        "3": 52709847.611000001, 
        "4": 32558910.965, 
        "5": 41237153.827, 
        "6": 52523707.107000001, 
        "7": 44736607.214000002, 
        "8": 37819877.435999997, 
        "9": 28346615.388
    }, 
    "averaged_NPV": 37284126.896599993
}