{
    "std": 10918617.086541064, 
    "raw_results": {
        "0": 42932563.251999997, 
        "1": 55773540.777999997, 
        "2": 61739757.838, 
        "3": 78905220.272, 
        "4": 60174313.931000002, 
        "5": 65553443.493000001, 
        "6": 82022672.016000003, 
        "7": 71227566.319000006, 
        "8": 65459690.678999998, 
        "9": 56440419.579000004
    }, 
    "averaged_NPV": 64022918.815700009
}