{
    "std": 10138854.289717479, 
    "raw_results": {
        "0": 19798632.331, 
        "1": 32373952.752, 
        "2": 35224868.736000001, 
        "3": 53856888.386, 
        "4": 35174566.615999997, 
        "5": 42392317.026000001, 
        "6": 53550549.732000001, 
        "7": 45727258.516999997, 
        "8": 38763861.280000001, 
        "9": 29056090.397
    }, 
    "averaged_NPV": 38591898.577300005
}