{
    "std": 11215714.099641779, 
    "raw_results": {
        "0": 20851370.337000001, 
        "1": 32946750.460000001, 
        "2": 35684054.838, 
        "3": 57025385.425999999, 
        "4": 35580632.103, 
        "5": 42773424.233999997, 
        "6": 58096690.101000004, 
        "7": 49491516.609999999, 
        "8": 39148902.817000002, 
        "9": 30620276.886999998
    }, 
    "averaged_NPV": 40221900.381300002
}