{
    "std": 10158058.528597051, 
    "raw_results": {
        "0": 18854536.249000002, 
        "1": 29479216.221999999, 
        "2": 32511166.407000002, 
        "3": 52139671.296999998, 
        "4": 32014590.107000001, 
        "5": 40591840.336000003, 
        "6": 51926241.327, 
        "7": 44064707.963, 
        "8": 35604515.256999999, 
        "9": 27677199.927999999
    }, 
    "averaged_NPV": 36486368.509299994
}