{
    "std": 10078819.112346871, 
    "raw_results": {
        "0": 19613288.030000001, 
        "1": 31573810.136, 
        "2": 33049238.989, 
        "3": 52920486.770999998, 
        "4": 34137340.104999997, 
        "5": 41604583.126999997, 
        "6": 52825158.204000004, 
        "7": 45227675.351999998, 
        "8": 37732089.413999997, 
        "9": 28507513.780000001
    }, 
    "averaged_NPV": 37719118.390799999
}