{
    "std": 10135606.517495813, 
    "raw_results": {
        "0": 19188030.111000001, 
        "1": 29821945.184, 
        "2": 32873962.149999999, 
        "3": 52479945.266999997, 
        "4": 32142746.256000001, 
        "5": 41083183.218000002, 
        "6": 52224049.0, 
        "7": 44386418.822999999, 
        "8": 37310879.230999999, 
        "9": 28329862.162999999
    }, 
    "averaged_NPV": 36984102.140299998
}