{
    "std": 10816741.320986856, 
    "raw_results": {
        "0": 42001935.729000002, 
        "1": 55167262.895999998, 
        "2": 60476845.703000002, 
        "3": 78168165.357999995, 
        "4": 59073384.391000003, 
        "5": 64900558.248000003, 
        "6": 80406833.969999999, 
        "7": 69899520.584000006, 
        "8": 64671835.012999997, 
        "9": 55326470.784999996
    }, 
    "averaged_NPV": 63009281.267700002
}