{
    "std": 10876812.823355876, 
    "raw_results": {
        "0": 41929132.688000001, 
        "1": 55237880.862000003, 
        "2": 60497106.971000001, 
        "3": 78243048.123999998, 
        "4": 59195024.163999997, 
        "5": 65019187.075999998, 
        "6": 80584240.199000001, 
        "7": 70078849.385000005, 
        "8": 64729567.566, 
        "9": 55292425.531000003
    }, 
    "averaged_NPV": 63080646.2566
}