{
    "std": 10182874.484957583, 
    "raw_results": {
        "0": 19412533.945, 
        "1": 31353670.622000001, 
        "2": 32837561.601, 
        "3": 53052721.963, 
        "4": 34112568.717, 
        "5": 41476581.353, 
        "6": 52982071.340000004, 
        "7": 45110046.596000001, 
        "8": 37596662.711999997, 
        "9": 28356040.513
    }, 
    "averaged_NPV": 37629045.9362
}