{
    "std": 10872581.626864433, 
    "raw_results": {
        "0": 42987608.541000001, 
        "1": 55822330.942000002, 
        "2": 61717494.012000002, 
        "3": 78827902.041999996, 
        "4": 60186399.167000003, 
        "5": 65544984.535999998, 
        "6": 81945142.544, 
        "7": 71167269.717999995, 
        "8": 65518903.055, 
        "9": 56514757.067000002
    }, 
    "averaged_NPV": 64023279.162400007
}