{
    "std": 10383817.276450714, 
    "raw_results": {
        "0": 19488726.480999999, 
        "1": 32479754.646000002, 
        "2": 35648051.590999998, 
        "3": 53880792.447999999, 
        "4": 35443821.199000001, 
        "5": 42633711.369999997, 
        "6": 54429223.777000003, 
        "7": 46377681.399999999, 
        "8": 38466373.162, 
        "9": 28787630.857999999
    }, 
    "averaged_NPV": 38763576.6932
}