{
    "std": 10984582.06217494, 
    "raw_results": {
        "0": 43005489.101999998, 
        "1": 55845789.292000003, 
        "2": 61654520.526000001, 
        "3": 79095474.798999995, 
        "4": 59958947.969999999, 
        "5": 65643670.368000001, 
        "6": 82202001.354000002, 
        "7": 71306876.442000002, 
        "8": 65480368.57, 
        "9": 56249630.958999999
    }, 
    "averaged_NPV": 64044276.938200012
}