{
    "std": 10495512.111943152, 
    "raw_results": {
        "0": 42820669.533, 
        "1": 55166876.158, 
        "2": 60649606.979999997, 
        "3": 77795181.572999999, 
        "4": 59063577.303999998, 
        "5": 64732205.821999997, 
        "6": 80071099.319999993, 
        "7": 69657444.040000007, 
        "8": 64634855.983000003, 
        "9": 55811375.865999997
    }, 
    "averaged_NPV": 63040289.2579
}