{
    "std": 10191175.886403175, 
    "raw_results": {
        "0": 18808792.0, 
        "1": 31893764.420000002, 
        "2": 35375464.101000004, 
        "3": 53222081.258000001, 
        "4": 34447252.943000004, 
        "5": 41862425.405000001, 
        "6": 53128346.781999998, 
        "7": 45492376.792000003, 
        "8": 37990698.545999996, 
        "9": 28944340.445999999
    }, 
    "averaged_NPV": 38116554.269299999
}