{
    "std": 10288504.829232326, 
    "raw_results": {
        "0": 41122253.989, 
        "1": 53745404.963, 
        "2": 59012549.086999997, 
        "3": 75570969.482999995, 
        "4": 57967738.810999997, 
        "5": 62804881.064000003, 
        "6": 77971130.858999997, 
        "7": 67648931.200000003, 
        "8": 62794188.751999997, 
        "9": 54116949.553000003
    }, 
    "averaged_NPV": 61275499.776099995
}