{
    "std": 11025512.008885646, 
    "raw_results": {
        "0": 43019334.921999998, 
        "1": 55987020.155000001, 
        "2": 61852670.012000002, 
        "3": 79316032.296000004, 
        "4": 60115104.009999998, 
        "5": 65815710.287, 
        "6": 82448147.873999998, 
        "7": 71354881.488000005, 
        "8": 65681745.175999999, 
        "9": 56462962.920999996
    }, 
    "averaged_NPV": 64205360.914100006
}