{
    "std": 10324279.073260561, 
    "raw_results": {
        "0": 42909150.537, 
        "1": 55642286.799000002, 
        "2": 61343370.038999997, 
        "3": 77788696.980000004, 
        "4": 59775803.366999999, 
        "5": 64840473.761, 
        "6": 79839239.923999995, 
        "7": 69453850.744000003, 
        "8": 65916495.236000001, 
        "9": 56606830.758000001
    }, 
    "averaged_NPV": 63411619.814499997
}