{
    "std": 11390539.097724389, 
    "raw_results": {
        "0": 20476655.980999999, 
        "1": 33196759.568999998, 
        "2": 35879091.714000002, 
        "3": 57025385.425999999, 
        "4": 35096715.313000001, 
        "5": 42708584.067000002, 
        "6": 58096690.101000004, 
        "7": 49304423.111000001, 
        "8": 39435848.568999998, 
        "9": 29164477.392000001
    }, 
    "averaged_NPV": 40038463.124300003
}