{
    "std": 10995010.960947685, 
    "raw_results": {
        "0": 42985496.078000002, 
        "1": 55980839.461000003, 
        "2": 61808113.311999999, 
        "3": 79157219.841000006, 
        "4": 60113428.288999997, 
        "5": 65761158.436999999, 
        "6": 82293785.104000002, 
        "7": 71458074.009000003, 
        "8": 65651696.465999998, 
        "9": 56418112.302000001
    }, 
    "averaged_NPV": 64162792.329900004
}