{
    "std": 10876375.882181099, 
    "raw_results": {
        "0": 42750943.424999997, 
        "1": 56007632.581, 
        "2": 61959058.351000004, 
        "3": 78512142.660999998, 
        "4": 60075580.542000003, 
        "5": 66289790.072999999, 
        "6": 81886361.518999994, 
        "7": 70972868.084999993, 
        "8": 65997332.579999998, 
        "9": 56275751.700000003
    }, 
    "averaged_NPV": 64072746.151700005
}