{
    "std": 10004659.386554874, 
    "raw_results": {
        "0": 19399737.857999999, 
        "1": 31559684.201000001, 
        "2": 33391743.670000002, 
        "3": 52709847.611000001, 
        "4": 34142730.57, 
        "5": 41237153.827, 
        "6": 52523707.107000001, 
        "7": 44736607.214000002, 
        "8": 37755088.612000003, 
        "9": 28201164.670000002
    }, 
    "averaged_NPV": 37565746.533999994
}