{
    "std": 11275481.096086433, 
    "raw_results": {
        "0": 42618365.075999998, 
        "1": 55843089.218000002, 
        "2": 61842317.741999999, 
        "3": 79428782.483999997, 
        "4": 59938253.93, 
        "5": 66193579.982000001, 
        "6": 83216431.963, 
        "7": 71006448.471000001, 
        "8": 65771635.783, 
        "9": 56092826.512999997
    }, 
    "averaged_NPV": 64195173.116200007
}