{
    "std": 10535912.895291695, 
    "raw_results": {
        "0": 18572689.691, 
        "1": 29367580.136, 
        "2": 32370992.750999998, 
        "3": 52577322.203000002, 
        "4": 32529084.026000001, 
        "5": 41612670.461999997, 
        "6": 52833944.239, 
        "7": 45496555.131999999, 
        "8": 34958806.214000002, 
        "9": 28051131.967
    }, 
    "averaged_NPV": 36837077.682099998
}