{
    "std": 10074865.698651824, 
    "raw_results": {
        "0": 41237386.476999998, 
        "1": 53853927.805, 
        "2": 59134285.098999999, 
        "3": 74922941.398000002, 
        "4": 58064800.942000002, 
        "5": 62444381.776000001, 
        "6": 77568523.942000002, 
        "7": 67392731.501000002, 
        "8": 62930197.559, 
        "9": 54176492.473999999
    }, 
    "averaged_NPV": 61172566.89729999
}