{
    "std": 10652532.64086022, 
    "raw_results": {
        "0": 42316822.636, 
        "1": 55237172.281000003, 
        "2": 60439351.207999997, 
        "3": 77872419.312999994, 
        "4": 59163191.914999999, 
        "5": 64842914.723999999, 
        "6": 80130797.819000006, 
        "7": 69788604.406000003, 
        "8": 64742152.534999996, 
        "9": 55367012.43
    }, 
    "averaged_NPV": 62990043.926699996
}