{
    "std": 10860532.174480803, 
    "raw_results": {
        "0": 41958342.423, 
        "1": 55299210.428000003, 
        "2": 60568773.862000003, 
        "3": 78295642.960999995, 
        "4": 59231743.656000003, 
        "5": 65019187.075999998, 
        "6": 80529262.127000004, 
        "7": 70078849.385000005, 
        "8": 64807951.794, 
        "9": 55332819.18
    }, 
    "averaged_NPV": 63112178.289199993
}