{
    "std": 10724727.568745341, 
    "raw_results": {
        "0": 42088808.479999997, 
        "1": 55305825.362999998, 
        "2": 60528939.222999997, 
        "3": 77994470.805999994, 
        "4": 59246067.276000001, 
        "5": 64920184.923, 
        "6": 80248053.899000004, 
        "7": 69868390.255999997, 
        "8": 64832643.428999998, 
        "9": 55450508.088
    }, 
    "averaged_NPV": 63048389.1743
}