{
    "std": 10905782.404447533, 
    "raw_results": {
        "0": 42879753.984999999, 
        "1": 55894176.546999998, 
        "2": 61625568.963, 
        "3": 78801355.652999997, 
        "4": 59999952.495999999, 
        "5": 65611116.608999997, 
        "6": 81938054.417999998, 
        "7": 71072150.770999998, 
        "8": 65284833.439000003, 
        "9": 56197043.174000002
    }, 
    "averaged_NPV": 63930400.605500005
}