{
    "std": 10990446.27349396, 
    "raw_results": {
        "0": 42932476.049000002, 
        "1": 55833710.614, 
        "2": 61623639.961999997, 
        "3": 79070528.605000004, 
        "4": 59930102.783, 
        "5": 65602088.601999998, 
        "6": 82175426.025000006, 
        "7": 71265440.746999994, 
        "8": 65435479.973999999, 
        "9": 56236023.442000002
    }, 
    "averaged_NPV": 64010491.680299997
}