{
    "std": 11235538.369959181, 
    "raw_results": {
        "0": 42683765.946000002, 
        "1": 55951060.037, 
        "2": 61938078.600000001, 
        "3": 79330336.325000003, 
        "4": 60057652.392999999, 
        "5": 66233355.219999999, 
        "6": 83220242.498999998, 
        "7": 71054842.252000004, 
        "8": 65896008.667999998, 
        "9": 56172736.222000003
    }, 
    "averaged_NPV": 64253807.816200003
}