{
    "std": 10591556.830974093, 
    "raw_results": {
        "0": 18576849.381999999, 
        "1": 29252627.629000001, 
        "2": 32610901.324000001, 
        "3": 52645195.145000003, 
        "4": 32111238.149, 
        "5": 41112071.647, 
        "6": 53336172.162, 
        "7": 44882832.902000003, 
        "8": 35152978.234999999, 
        "9": 27738467.818999998
    }, 
    "averaged_NPV": 36741933.439400002
}