{
    "std": 10712133.42309718, 
    "raw_results": {
        "0": 41996121.019000001, 
        "1": 55158974.708999999, 
        "2": 60409574.269000001, 
        "3": 77837982.325000003, 
        "4": 59094524.766000003, 
        "5": 64752113.350000001, 
        "6": 80112616.100999996, 
        "7": 69743256.789000005, 
        "8": 64626758.864, 
        "9": 55333012.303000003
    }, 
    "averaged_NPV": 62906493.449500002
}