{
    "std": 10234976.732854579, 
    "raw_results": {
        "0": 43018389.479000002, 
        "1": 55916746.090999998, 
        "2": 61222224.042000003, 
        "3": 77665543.358999997, 
        "4": 59670787.038999997, 
        "5": 64848317.589000002, 
        "6": 79618122.561000004, 
        "7": 69265971.121999994, 
        "8": 65763898.689000003, 
        "9": 56407400.979000002
    }, 
    "averaged_NPV": 63339740.094999991
}