{
    "std": 11775224.144439366, 
    "raw_results": {
        "0": 41014828.153999999, 
        "1": 55731428.674999997, 
        "2": 58170925.818999998, 
        "3": 79069969.954999998, 
        "4": 59843356.259000003, 
        "5": 65963657.921999998, 
        "6": 82916624.240999997, 
        "7": 70712979.528999999, 
        "8": 65664269.619999997, 
        "9": 53643017.207000002
    }, 
    "averaged_NPV": 63273105.738099992
}