{
    "std": 10346345.882243486, 
    "raw_results": {
        "0": 42909150.537, 
        "1": 55678603.210000001, 
        "2": 61442540.228, 
        "3": 77779057.074000001, 
        "4": 59848971.818999998, 
        "5": 64872120.457999997, 
        "6": 79984944.232999995, 
        "7": 69560979.309, 
        "8": 65946053.063000001, 
        "9": 56606830.758000001
    }, 
    "averaged_NPV": 63462925.068900004
}