{
    "std": 10808424.323110769, 
    "raw_results": {
        "0": 42022937.169, 
        "1": 55218447.295999996, 
        "2": 60531922.634999998, 
        "3": 78180052.153999999, 
        "4": 59127003.196000002, 
        "5": 64954407.942000002, 
        "6": 80411187.066, 
        "7": 69942239.549999997, 
        "8": 64713677.480999999, 
        "9": 55382384.414999999
    }, 
    "averaged_NPV": 63048425.890399992
}