{
    "std": 10831660.158055393, 
    "raw_results": {
        "0": 41908459.998000003, 
        "1": 55174815.023999996, 
        "2": 60433020.457000002, 
        "3": 78147705.475999996, 
        "4": 59060107.626999997, 
        "5": 64880888.818999998, 
        "6": 80379492.258000001, 
        "7": 69878667.113999993, 
        "8": 64627703.652999997, 
        "9": 55250572.115999997
    }, 
    "averaged_NPV": 62974143.254200004
}