{
    "std": 10475671.669561878, 
    "raw_results": {
        "0": 42796330.843000002, 
        "1": 55168998.364, 
        "2": 60642262.346000001, 
        "3": 77707975.361000001, 
        "4": 59054475.116999999, 
        "5": 64708838.538999997, 
        "6": 80010425.303000003, 
        "7": 69622008.406000003, 
        "8": 64606953.395000003, 
        "9": 55807844.527999997
    }, 
    "averaged_NPV": 63012611.220200002
}