{
    "std": 10784382.912004668, 
    "raw_results": {
        "0": 42979734.674999997, 
        "1": 56047482.138999999, 
        "2": 61866115.691, 
        "3": 77869675.984999999, 
        "4": 60208899.016999997, 
        "5": 65454608.338, 
        "6": 82229080.618000001, 
        "7": 71164616.745000005, 
        "8": 65745639.064000003, 
        "9": 56394269.461999997
    }, 
    "averaged_NPV": 63996012.173400007
}