{
    "std": 11737072.253040439, 
    "raw_results": {
        "0": 40974565.593999997, 
        "1": 55851377.766999997, 
        "2": 61918961.063000001, 
        "3": 79242727.224000007, 
        "4": 59954496.306999996, 
        "5": 66136901.421999998, 
        "6": 83123706.078999996, 
        "7": 70946304.780000001, 
        "8": 65799064.112999998, 
        "9": 53666601.745999999
    }, 
    "averaged_NPV": 63761470.609500006
}