{
    "std": 10789435.027590223, 
    "raw_results": {
        "0": 43054818.016999997, 
        "1": 56122134.916000001, 
        "2": 61949119.332000002, 
        "3": 77971951.511999995, 
        "4": 60282979.612999998, 
        "5": 65508518.990000002, 
        "6": 82323696.464000002, 
        "7": 71237021.281000003, 
        "8": 65809069.800999999, 
        "9": 56483723.522
    }, 
    "averaged_NPV": 64074303.344799995
}