{
    "std": 10974225.477950659, 
    "raw_results": {
        "0": 42961594.276000001, 
        "1": 55888048.581, 
        "2": 61720171.009000003, 
        "3": 79038522.640000001, 
        "4": 60008757.936999999, 
        "5": 65660873.618000001, 
        "6": 82165531.554000005, 
        "7": 71361230.726999998, 
        "8": 65542276.472999997, 
        "9": 56295257.399999999
    }, 
    "averaged_NPV": 64064226.421500005
}