{
    "std": 10512079.591516623, 
    "raw_results": {
        "0": 42793449.783, 
        "1": 55199590.035999998, 
        "2": 60661237.619000003, 
        "3": 77749404.076000005, 
        "4": 59149908.957000002, 
        "5": 64757175.142999999, 
        "6": 80169604.143999994, 
        "7": 69752766.378000006, 
        "8": 64690656.115000002, 
        "9": 55805473.259999998
    }, 
    "averaged_NPV": 63072926.551100001
}