{
    "std": 11041037.142653221, 
    "raw_results": {
        "0": 42949126.589000002, 
        "1": 55960958.509000003, 
        "2": 61755902.828000002, 
        "3": 79286379.338, 
        "4": 60075322.747000001, 
        "5": 65789246.880999997, 
        "6": 82417223.381999999, 
        "7": 71325494.567000002, 
        "8": 65599164.024999999, 
        "9": 56333573.119000003
    }, 
    "averaged_NPV": 64149239.198499992
}