{
    "std": 10898845.371617075, 
    "raw_results": {
        "0": 42780332.890000001, 
        "1": 56127745.901000001, 
        "2": 61926007.950000003, 
        "3": 78638515.689999998, 
        "4": 60241244.162, 
        "5": 66529378.090999998, 
        "6": 81926676.898000002, 
        "7": 71205075.710999995, 
        "8": 66159641.120999999, 
        "9": 56325932.088
    }, 
    "averaged_NPV": 64186055.050200008
}