{
    "std": 11730190.258611659, 
    "raw_results": {
        "0": 41109701.706, 
        "1": 55715393.82, 
        "2": 58175767.276000001, 
        "3": 78937119.483999997, 
        "4": 59864870.226999998, 
        "5": 65918448.675999999, 
        "6": 82845016.709000006, 
        "7": 70700104.316, 
        "8": 65674623.890000001, 
        "9": 53593404.204000004
    }, 
    "averaged_NPV": 63253445.0308
}