{
    "std": 10892683.476884454, 
    "raw_results": {
        "0": 42772954.215999998, 
        "1": 56031070.162, 
        "2": 62023371.917000003, 
        "3": 78582502.253000006, 
        "4": 60128310.722000003, 
        "5": 66429108.704999998, 
        "6": 81912014.961999997, 
        "7": 71099262.312000006, 
        "8": 66034112.001999997, 
        "9": 56269907.291000001
    }, 
    "averaged_NPV": 64128261.454199992
}