{
    "std": 10860711.168412501, 
    "raw_results": {
        "0": 41961329.674000002, 
        "1": 55295234.354000002, 
        "2": 60566663.732000001, 
        "3": 78295642.960999995, 
        "4": 59228111.204999998, 
        "5": 65019187.075999998, 
        "6": 80529262.127000004, 
        "7": 70078849.385000005, 
        "8": 64807951.794, 
        "9": 55328695.379000001
    }, 
    "averaged_NPV": 63111092.768699989
}