{
    "std": 10314025.899751926, 
    "raw_results": {
        "0": 42966639.626999997, 
        "1": 55732784.045999996, 
        "2": 61471394.840999998, 
        "3": 77686730.877000004, 
        "4": 59895677.774999999, 
        "5": 64956364.561999999, 
        "6": 79976928.883000001, 
        "7": 69577512.068000004, 
        "8": 66053291.75, 
        "9": 56687700.254000001
    }, 
    "averaged_NPV": 63500502.4683
}