{
    "std": 10739056.889034206, 
    "raw_results": {
        "0": 42114925.255000003, 
        "1": 55377555.710000001, 
        "2": 60624876.798, 
        "3": 78042907.488999993, 
        "4": 59337961.277000003, 
        "5": 64997971.281999998, 
        "6": 80357572.458000004, 
        "7": 69995698.030000001, 
        "8": 64863247.693999998, 
        "9": 55509649.868000001
    }, 
    "averaged_NPV": 63122236.586100005
}