{
    "std": 10288108.959614841, 
    "raw_results": {
        "0": 41122253.989, 
        "1": 53745404.963, 
        "2": 59012549.086999997, 
        "3": 75569194.726999998, 
        "4": 57967738.810999997, 
        "5": 62804881.064000003, 
        "6": 77970210.921000004, 
        "7": 67648931.200000003, 
        "8": 62794188.751999997, 
        "9": 54116949.553000003
    }, 
    "averaged_NPV": 61275230.306699991
}