{
    "std": 10979766.566903578, 
    "raw_results": {
        "0": 42956457.593000002, 
        "1": 55922791.645999998, 
        "2": 61759597.384000003, 
        "3": 79063957.008000001, 
        "4": 60049064.204000004, 
        "5": 65704217.016999997, 
        "6": 82192003.359999999, 
        "7": 71402626.313999996, 
        "8": 65587143.620999999, 
        "9": 56328570.932999998
    }, 
    "averaged_NPV": 64096642.908000007
}