{
    "std": 10807954.663123781, 
    "raw_results": {
        "0": 42028247.887999997, 
        "1": 55214464.332999997, 
        "2": 60530337.872000001, 
        "3": 78180052.153999999, 
        "4": 59127003.196000002, 
        "5": 64954407.942000002, 
        "6": 80411187.066, 
        "7": 69942239.549999997, 
        "8": 64713677.480999999, 
        "9": 55379032.504000001
    }, 
    "averaged_NPV": 63048064.998599991
}