{
    "std": 10143177.177388985, 
    "raw_results": {
        "0": 18916289.377999999, 
        "1": 29542762.059, 
        "2": 32598431.342, 
        "3": 52139671.296999998, 
        "4": 31956852.960999999, 
        "5": 40591840.336000003, 
        "6": 51926241.327, 
        "7": 44064707.963, 
        "8": 35147446.942000002, 
        "9": 27722881.901999999
    }, 
    "averaged_NPV": 36460712.550700001
}