{
    "std": 11807301.596353639, 
    "raw_results": {
        "0": 41278444.333999999, 
        "1": 53548632.329000004, 
        "2": 58928204.115999997, 
        "3": 78883423.893000007, 
        "4": 57510223.196999997, 
        "5": 66036302.316, 
        "6": 82741252.943000004, 
        "7": 70555902.251000002, 
        "8": 62566291.968999997, 
        "9": 54098452.218999997
    }, 
    "averaged_NPV": 62614712.95669999
}