{
    "std": 10896467.37583195, 
    "raw_results": {
        "0": 42780332.890000001, 
        "1": 56127745.901000001, 
        "2": 61926007.950000003, 
        "3": 78629013.892000005, 
        "4": 60241244.162, 
        "5": 66529378.090999998, 
        "6": 81920152.452999994, 
        "7": 71204202.901999995, 
        "8": 66159641.120999999, 
        "9": 56325932.088
    }, 
    "averaged_NPV": 64184365.145000003
}