{
    "std": 10961449.611256786, 
    "raw_results": {
        "0": 42917415.850000001, 
        "1": 55905397.806999996, 
        "2": 61681256.056999996, 
        "3": 78962331.214000002, 
        "4": 60055296.064000003, 
        "5": 65660709.740999997, 
        "6": 82130254.412, 
        "7": 71298010.871999994, 
        "8": 65561489.306999996, 
        "9": 56280903.417000003
    }, 
    "averaged_NPV": 64045306.474100009
}