{
    "std": 11022428.315893488, 
    "raw_results": {
        "0": 42979734.674999997, 
        "1": 56047482.138999999, 
        "2": 61866115.691, 
        "3": 79268322.438999996, 
        "4": 60208899.016999997, 
        "5": 65873819.524999999, 
        "6": 82403192.063999996, 
        "7": 71430092.583000004, 
        "8": 65745639.064000003, 
        "9": 56394269.461999997
    }, 
    "averaged_NPV": 64221756.665900007
}