{
    "std": 10328269.203520434, 
    "raw_results": {
        "0": 18318969.405000001, 
        "1": 30318470.605, 
        "2": 33137639.112, 
        "3": 52709847.611000001, 
        "4": 32523090.677999999, 
        "5": 41237153.827, 
        "6": 52523707.107000001, 
        "7": 44736607.214000002, 
        "8": 35913560.758000001, 
        "9": 28551713.973999999
    }, 
    "averaged_NPV": 36997076.029100001
}