{
    "std": 10897253.695325766, 
    "raw_results": {
        "0": 42785202.204000004, 
        "1": 56115050.821000002, 
        "2": 61926007.950000003, 
        "3": 78629013.892000005, 
        "4": 60237498.799000002, 
        "5": 66529378.090999998, 
        "6": 81920152.452999994, 
        "7": 71204202.901999995, 
        "8": 66159641.120999999, 
        "9": 56316675.961999997
    }, 
    "averaged_NPV": 64182282.419500016
}