{
    "std": 10671554.789649887, 
    "raw_results": {
        "0": 42291316.314000003, 
        "1": 55345829.879000001, 
        "2": 60545514.880000003, 
        "3": 77977269.866999999, 
        "4": 59267906.136, 
        "5": 64920184.923, 
        "6": 80225988.324000001, 
        "7": 69863267.570999995, 
        "8": 64830912.766000003, 
        "9": 55497108.381999999
    }, 
    "averaged_NPV": 63076529.904199995
}