{
    "std": 10161337.712830313, 
    "raw_results": {
        "0": 19766810.958000001, 
        "1": 30666846.502, 
        "2": 33517546.015999999, 
        "3": 52920486.770999998, 
        "4": 32686307.048, 
        "5": 41604583.126999997, 
        "6": 52825158.204000004, 
        "7": 45227675.351999998, 
        "8": 38233330.825999998, 
        "9": 28408381.962000001
    }, 
    "averaged_NPV": 37585712.676599994
}