{
    "std": 10300175.327482939, 
    "raw_results": {
        "0": 42851436.938000001, 
        "1": 55645980.114, 
        "2": 61351401.618000001, 
        "3": 77791025.085999995, 
        "4": 59922775.060000002, 
        "5": 64717231.115999997, 
        "6": 79754253.053000003, 
        "7": 69280111.180999994, 
        "8": 65938861.144000001, 
        "9": 56694744.153999999
    }, 
    "averaged_NPV": 63394781.946400009
}