{
    "std": 11848259.232680175, 
    "raw_results": {
        "0": 41110173.884000003, 
        "1": 55608334.972999997, 
        "2": 58309485.375, 
        "3": 78953195.113999993, 
        "4": 56919829.127999999, 
        "5": 65858158.013999999, 
        "6": 82823247.045000002, 
        "7": 70631265.246999994, 
        "8": 65585446.192000002, 
        "9": 53484866.631999999
    }, 
    "averaged_NPV": 62928400.160399996
}