{
    "std": 10991767.901568053, 
    "raw_results": {
        "0": 42988034.066, 
        "1": 55986631.939999998, 
        "2": 61821713.232000001, 
        "3": 79149216.103, 
        "4": 60126735.015000001, 
        "5": 65773933.333999999, 
        "6": 82285135.907000005, 
        "7": 71471361.562000006, 
        "8": 65667679.685999997, 
        "9": 56422523.402999997
    }, 
    "averaged_NPV": 64169296.424800001
}