{
    "std": 11263205.422837187, 
    "raw_results": {
        "0": 42672434.169, 
        "1": 56010017.873999998, 
        "2": 61987377.939999998, 
        "3": 79420239.714000002, 
        "4": 60111314.239, 
        "5": 66297298.593000002, 
        "6": 83300067.780000001, 
        "7": 71129656.079999998, 
        "8": 65976434.998999998, 
        "9": 56166016.557999998
    }, 
    "averaged_NPV": 64307085.794599995
}