{
    "std": 10336622.970279193, 
    "raw_results": {
        "0": 41129508.953000002, 
        "1": 53784241.059, 
        "2": 59042257.254000001, 
        "3": 75640375.045000002, 
        "4": 58015967.916000001, 
        "5": 62880827.833999999, 
        "6": 78199246.941, 
        "7": 67723951.812999994, 
        "8": 62844696.747000001, 
        "9": 54097926.917999998
    }, 
    "averaged_NPV": 61335900.047999993
}