{
    "std": 10021933.802069748, 
    "raw_results": {
        "0": 41320161.854000002, 
        "1": 54027597.564999998, 
        "2": 59338653.085000001, 
        "3": 75237799.268999994, 
        "4": 58273901.494000003, 
        "5": 62568492.987999998, 
        "6": 77136137.579999998, 
        "7": 67683555.432999998, 
        "8": 63119849.614, 
        "9": 54329378.421999998
    }, 
    "averaged_NPV": 61303552.730400003
}