{
    "std": 10877964.65714555, 
    "raw_results": {
        "0": 42910626.925999999, 
        "1": 55922946.531000003, 
        "2": 61708649.684, 
        "3": 78541902.453999996, 
        "4": 60061515.031999998, 
        "5": 65557861.144000001, 
        "6": 82084413.265000001, 
        "7": 71020239.247999996, 
        "8": 65571091.792000003, 
        "9": 56263101.859999999
    }, 
    "averaged_NPV": 63964234.7936
}