{
    "std": 10072040.823749486, 
    "raw_results": {
        "0": 19814176.655999999, 
        "1": 31834421.035999998, 
        "2": 33597063.022, 
        "3": 52920486.770999998, 
        "4": 32763113.234000001, 
        "5": 41604583.126999997, 
        "6": 52825158.204000004, 
        "7": 45227675.351999998, 
        "8": 38094952.715999998, 
        "9": 28402427.598000001
    }, 
    "averaged_NPV": 37708405.771600001
}