{
    "std": 10947773.932164146, 
    "raw_results": {
        "0": 42679148.968000002, 
        "1": 56026162.652999997, 
        "2": 62025753.435000002, 
        "3": 78642981.518999994, 
        "4": 60128038.142999999, 
        "5": 66450736.479999997, 
        "6": 82051874.986000001, 
        "7": 71103531.055000007, 
        "8": 66059763.553999998, 
        "9": 56210199.884000003
    }, 
    "averaged_NPV": 64137819.067700006
}