{
    "std": 10911760.381554613, 
    "raw_results": {
        "0": 42863405.751000002, 
        "1": 55701925.527000003, 
        "2": 61659438.313000001, 
        "3": 78807151.772, 
        "4": 60099843.589000002, 
        "5": 65486487.611000001, 
        "6": 81926793.659999996, 
        "7": 71157872.031000003, 
        "8": 65383261.939000003, 
        "9": 56357149.522
    }, 
    "averaged_NPV": 63944332.971499994
}