{
    "std": 10806291.490941359, 
    "raw_results": {
        "0": 42945069.516000003, 
        "1": 55938265.398000002, 
        "2": 61747407.522, 
        "3": 77887976.692000002, 
        "4": 60063948.998000003, 
        "5": 65363189.675999999, 
        "6": 82241744.942000002, 
        "7": 71059058.384000003, 
        "8": 65599164.024999999, 
        "9": 56313740.443999998
    }, 
    "averaged_NPV": 63915956.559699997
}