{
    "std": 10981649.820512153, 
    "raw_results": {
        "0": 42889142.593999997, 
        "1": 55733999.982000001, 
        "2": 61691701.424999997, 
        "3": 79028236.060000002, 
        "4": 60118706.438000001, 
        "5": 65574346.068999998, 
        "6": 82171236.899000004, 
        "7": 71249815.377000004, 
        "8": 65421143.601999998, 
        "9": 56352506.923
    }, 
    "averaged_NPV": 64023083.536899999
}