{
    "std": 10518504.894328943, 
    "raw_results": {
        "0": 42793449.783, 
        "1": 55199590.035999998, 
        "2": 60661237.619000003, 
        "3": 77762827.643000007, 
        "4": 59149908.957000002, 
        "5": 64757175.142999999, 
        "6": 80194043.326000005, 
        "7": 69761820.518999994, 
        "8": 64690656.115000002, 
        "9": 55805473.259999998
    }, 
    "averaged_NPV": 63077618.240100004
}