{
    "std": 11729742.879186617, 
    "raw_results": {
        "0": 40982779.965999998, 
        "1": 55891036.483999997, 
        "2": 61950831.575999998, 
        "3": 79244551.887999997, 
        "4": 59984831.586999997, 
        "5": 66157531.873999998, 
        "6": 83123706.078999996, 
        "7": 70959487.194999993, 
        "8": 65816288.155000001, 
        "9": 53705523.987999998
    }, 
    "averaged_NPV": 63781656.879200004
}