{
    "std": 10355566.738722919, 
    "raw_results": {
        "0": 41237386.476999998, 
        "1": 53853927.805, 
        "2": 59134285.098999999, 
        "3": 75880622.971000001, 
        "4": 58064800.942000002, 
        "5": 62977238.729000002, 
        "6": 78324121.704999998, 
        "7": 67687362.925999999, 
        "8": 62930197.559, 
        "9": 54176492.473999999
    }, 
    "averaged_NPV": 61426643.668699995
}