{
    "std": 11217177.964411993, 
    "raw_results": {
        "0": 42642530.994999997, 
        "1": 55881877.287, 
        "2": 61837133.431999996, 
        "3": 79242440.881999999, 
        "4": 59946140.873999998, 
        "5": 66098569.675999999, 
        "6": 83108253.490999997, 
        "7": 70883171.545000002, 
        "8": 65804451.634999998, 
        "9": 56073546.081
    }, 
    "averaged_NPV": 64151811.5898
}