{
    "std": 10901279.940285608, 
    "raw_results": {
        "0": 42879753.984999999, 
        "1": 55894176.546999998, 
        "2": 61625568.963, 
        "3": 78771528.511000007, 
        "4": 59999952.495999999, 
        "5": 65606730.027000003, 
        "6": 81938054.417999998, 
        "7": 71066495.593999997, 
        "8": 65284833.439000003, 
        "9": 56197043.174000002
    }, 
    "averaged_NPV": 63926413.715400003
}