{
    "std": 10606921.552313065, 
    "raw_results": {
        "0": 42860343.857000001, 
        "1": 56254013.795000002, 
        "2": 62114911.684, 
        "3": 78128904.128000006, 
        "4": 60429350.892999999, 
        "5": 65783512.061999999, 
        "6": 80980186.963, 
        "7": 71230134.327999994, 
        "8": 65983114.577, 
        "9": 56614031.189999998
    }, 
    "averaged_NPV": 64037850.3477
}