{
    "std": 10293881.37966707, 
    "raw_results": {
        "0": 18207325.971999999, 
        "1": 29221313.123, 
        "2": 32630057.960999999, 
        "3": 52139671.296999998, 
        "4": 31954393.943999998, 
        "5": 40591840.336000003, 
        "6": 51926241.327, 
        "7": 44064707.963, 
        "8": 35255554.416000001, 
        "9": 27639846.068
    }, 
    "averaged_NPV": 36363095.240699999
}