{
    "std": 11737095.199541068, 
    "raw_results": {
        "0": 41101815.211000003, 
        "1": 55682263.787, 
        "2": 58159298.516000003, 
        "3": 78935717.150999993, 
        "4": 59844219.572999999, 
        "5": 65905406.309, 
        "6": 82845016.709000006, 
        "7": 70698303.336999997, 
        "8": 65666730.368000001, 
        "9": 53560192.880999997
    }, 
    "averaged_NPV": 63239896.384199999
}