{
    "std": 10962750.480752232, 
    "raw_results": {
        "0": 42929612.016999997, 
        "1": 55897064.347000003, 
        "2": 61785723.805, 
        "3": 79060679.027999997, 
        "4": 60011024.413000003, 
        "5": 65614800.718999997, 
        "6": 82203599.327999994, 
        "7": 71290582.376000002, 
        "8": 65490768.594999999, 
        "9": 56564973.060000002
    }, 
    "averaged_NPV": 64084882.768799998
}