{
    "std": 10162954.040832583, 
    "raw_results": {
        "0": 19750069.811999999, 
        "1": 32611048.982999999, 
        "2": 35115227.118000001, 
        "3": 53841754.052000001, 
        "4": 35245602.800999999, 
        "5": 42659728.593000002, 
        "6": 53600084.902999997, 
        "7": 45754619.370999999, 
        "8": 38727521.052000001, 
        "9": 28941863.528000001
    }, 
    "averaged_NPV": 38624752.021299995
}