{
    "std": 10463706.688907491, 
    "raw_results": {
        "0": 42772763.381999999, 
        "1": 55054504.468999997, 
        "2": 60516842.520000003, 
        "3": 77634649.822999999, 
        "4": 58952456.715999998, 
        "5": 64601488.744999997, 
        "6": 79894998.919, 
        "7": 69518994.858999997, 
        "8": 64493317.153999999, 
        "9": 55703546.978
    }, 
    "averaged_NPV": 62914356.356500007
}