{
    "std": 10583380.304796413, 
    "raw_results": {
        "0": 18284813.431000002, 
        "1": 29305673.923999999, 
        "2": 32738475.109999999, 
        "3": 52587067.557999998, 
        "4": 32040693.578000002, 
        "5": 40903685.351000004, 
        "6": 52916113.169, 
        "7": 45219527.373000003, 
        "8": 35249900.578000002, 
        "9": 27690867.508000001
    }, 
    "averaged_NPV": 36693681.758000001
}