{
    "std": 10471504.912723074, 
    "raw_results": {
        "0": 42742335.287, 
        "1": 55054504.468999997, 
        "2": 60516842.520000003, 
        "3": 77634649.822999999, 
        "4": 58952456.715999998, 
        "5": 64601488.744999997, 
        "6": 79894998.919, 
        "7": 69518994.858999997, 
        "8": 64493317.153999999, 
        "9": 55675432.210000001
    }, 
    "averaged_NPV": 62908502.070200004
}