{
    "std": 10968685.496940849, 
    "raw_results": {
        "0": 42898671.061999999, 
        "1": 55901347.237999998, 
        "2": 61712555.355999999, 
        "3": 79072130.319999993, 
        "4": 60001622.152000003, 
        "5": 65602088.601999998, 
        "6": 82177919.850999996, 
        "7": 71265440.746999994, 
        "8": 65435479.973999999, 
        "9": 56512627.204999998
    }, 
    "averaged_NPV": 64057988.250699997
}