{
    "std": 10316584.254585795, 
    "raw_results": {
        "0": 41122253.989, 
        "1": 53745404.963, 
        "2": 59029408.178000003, 
        "3": 75592034.899000004, 
        "4": 57967738.810999997, 
        "5": 62834959.967, 
        "6": 78123153.356000006, 
        "7": 67654572.042999998, 
        "8": 62794188.751999997, 
        "9": 54116949.553000003
    }, 
    "averaged_NPV": 61298066.451099992
}