{
    "std": 10945530.385201197, 
    "raw_results": {
        "0": 42863405.751000002, 
        "1": 55701925.527000003, 
        "2": 61680362.799999997, 
        "3": 78881560.471000001, 
        "4": 60099843.589000002, 
        "5": 65519442.924000002, 
        "6": 82059994.914000005, 
        "7": 71178064.465000004, 
        "8": 65405842.759000003, 
        "9": 56357149.522
    }, 
    "averaged_NPV": 63974759.272200003
}