{
    "std": 11252755.142590519, 
    "raw_results": {
        "0": 42672672.075999998, 
        "1": 55970207.751999997, 
        "2": 61896201.182999998, 
        "3": 79431408.814999998, 
        "4": 60023328.438000001, 
        "5": 66253613.401000001, 
        "6": 83216431.963, 
        "7": 71048373.246999994, 
        "8": 65960482.574000001, 
        "9": 56166254.465000004
    }, 
    "averaged_NPV": 64263897.391400002
}