{
    "std": 10764607.466146367, 
    "raw_results": {
        "0": 41987893.559, 
        "1": 55112691.277999997, 
        "2": 60434664.640000001, 
        "3": 77989440.516000003, 
        "4": 59034644.806999996, 
        "5": 64807292.188000001, 
        "6": 80229056.864999995, 
        "7": 69798153.024000004, 
        "8": 64584573.934, 
        "9": 55300604.829999998
    }, 
    "averaged_NPV": 62927901.564100005
}