{
    "std": 10736277.533096382, 
    "raw_results": {
        "0": 42018569.343999997, 
        "1": 55202520.773000002, 
        "2": 60480926.064999998, 
        "3": 77895361.238999993, 
        "4": 59150627.660999998, 
        "5": 64821167.012999997, 
        "6": 80251936.978, 
        "7": 69810509.106000006, 
        "8": 64665927.784999996, 
        "9": 55349616.240000002
    }, 
    "averaged_NPV": 62964716.220399998
}