{
    "std": 10716021.245940929, 
    "raw_results": {
        "0": 42095282.685000002, 
        "1": 55237172.281000003, 
        "2": 60473944.465000004, 
        "3": 77933768.194999993, 
        "4": 59171470.104999997, 
        "5": 64859486.089000002, 
        "6": 80236079.126000002, 
        "7": 69798899.035999998, 
        "8": 64744888.008000001, 
        "9": 55437155.123000003
    }, 
    "averaged_NPV": 62998814.511300005
}