{
    "std": 10276243.485344233, 
    "raw_results": {
        "0": 42964588.659000002, 
        "1": 55726828.961999997, 
        "2": 61447596.579999998, 
        "3": 77697833.794, 
        "4": 60008156.875, 
        "5": 64782572.082000002, 
        "6": 79837789.734999999, 
        "7": 69363304.458000004, 
        "8": 65905680.884000003, 
        "9": 56629105.112999998
    }, 
    "averaged_NPV": 63436345.714200005
}