{
    "std": 10925095.96988043, 
    "raw_results": {
        "0": 42957145.218000002, 
        "1": 55983290.593000002, 
        "2": 61814569.237999998, 
        "3": 78986664.454999998, 
        "4": 60119341.173, 
        "5": 65647502.475000001, 
        "6": 82153647.601999998, 
        "7": 71295469.761999995, 
        "8": 65577298.925999999, 
        "9": 56636013.678000003
    }, 
    "averaged_NPV": 64117094.311999999
}