{
    "std": 10947023.069055274, 
    "raw_results": {
        "0": 42958673.840000004, 
        "1": 56009676.237000003, 
        "2": 61850978.019000001, 
        "3": 79063026.261000007, 
        "4": 60167907.138999999, 
        "5": 65696117.936999999, 
        "6": 82214032.790999994, 
        "7": 71376557.305999994, 
        "8": 65640697.340000004, 
        "9": 56643240.450999998
    }, 
    "averaged_NPV": 64162090.732099995
}