{
    "std": 10304656.562440803, 
    "raw_results": {
        "0": 42844397.472000003, 
        "1": 55628637.876000002, 
        "2": 61340928.314000003, 
        "3": 77791025.085999995, 
        "4": 59905862.384000003, 
        "5": 64715403.060000002, 
        "6": 79752518.738000005, 
        "7": 69280111.180999994, 
        "8": 65933339.946000002, 
        "9": 56672788.369000003
    }, 
    "averaged_NPV": 63386501.242599986
}