{
    "std": 10706268.1686658, 
    "raw_results": {
        "0": 42994518.978, 
        "1": 56054896.202, 
        "2": 61862367.343999997, 
        "3": 77944505.875, 
        "4": 60202657.452, 
        "5": 65532882.450000003, 
        "6": 81778035.356999993, 
        "7": 71022121.416999996, 
        "8": 65722086.068999998, 
        "9": 56398151.603
    }, 
    "averaged_NPV": 63951222.274700001
}