{
    "std": 10628483.299906909, 
    "raw_results": {
        "0": 42060252.204000004, 
        "1": 55183815.785999998, 
        "2": 60407407.262000002, 
        "3": 77629804.525000006, 
        "4": 59095972.351000004, 
        "5": 64666975.839000002, 
        "6": 79921999.541999996, 
        "7": 69662312.232999995, 
        "8": 64659355.858999997, 
        "9": 55384879.568999998
    }, 
    "averaged_NPV": 62867277.516999997
}