{
    "std": 10117568.308743279, 
    "raw_results": {
        "0": 19461592.022999998, 
        "1": 31263941.011, 
        "2": 32706575.910999998, 
        "3": 52882122.505999997, 
        "4": 33991474.288999997, 
        "5": 41353716.148999996, 
        "6": 52755574.762999997, 
        "7": 44911150.787, 
        "8": 37530432.233000003, 
        "9": 28281807.427999999
    }, 
    "averaged_NPV": 37513838.709999993
}