{
    "std": 10891654.276371026, 
    "raw_results": {
        "0": 42936184.843000002, 
        "1": 55701925.527000003, 
        "2": 61682335.795000002, 
        "3": 78805793.333000004, 
        "4": 60100177.648999996, 
        "5": 65486487.611000001, 
        "6": 81923259.023000002, 
        "7": 71156524.548999995, 
        "8": 65384687.803000003, 
        "9": 56425238.615999997
    }, 
    "averaged_NPV": 63960261.474900007
}