{
    "std": 11678954.013667723, 
    "raw_results": {
        "0": 41023689.32, 
        "1": 55823767.380999997, 
        "2": 61841416.870999999, 
        "3": 79082744.960999995, 
        "4": 59875111.262000002, 
        "5": 66026431.649999999, 
        "6": 82989016.082000002, 
        "7": 70788706.526999995, 
        "8": 65747155.044, 
        "9": 53645148.237999998
    }, 
    "averaged_NPV": 63684318.733600006
}