{
    "std": 10570776.255674064, 
    "raw_results": {
        "0": 18581542.339000002, 
        "1": 29538212.973000001, 
        "2": 32726003.993000001, 
        "3": 52494678.266000003, 
        "4": 32616668.394000001, 
        "5": 41507808.243000001, 
        "6": 53328940.045999996, 
        "7": 45670075.365000002, 
        "8": 34902435.457000002, 
        "9": 28143988.530000001
    }, 
    "averaged_NPV": 36951035.36060001
}