{
    "std": 10947893.21063938, 
    "raw_results": {
        "0": 42905170.537, 
        "1": 55703333.295000002, 
        "2": 61673026.479000002, 
        "3": 78939231.846000001, 
        "4": 60055777.460000001, 
        "5": 65517032.954999998, 
        "6": 82075677.503999993, 
        "7": 71171303.126000002, 
        "8": 65379245.704000004, 
        "9": 56369283.202
    }, 
    "averaged_NPV": 63978908.210800007
}