{
    "std": 10066943.574529162, 
    "raw_results": {
        "0": 19249829.096000001, 
        "1": 32210141.714000002, 
        "2": 35727681.920000002, 
        "3": 53222081.258000001, 
        "4": 34747117.691, 
        "5": 41862425.405000001, 
        "6": 53128346.781999998, 
        "7": 45492376.792000003, 
        "8": 38879020.178999998, 
        "9": 28977009.327
    }, 
    "averaged_NPV": 38349603.016400002
}