{
    "std": 10758509.700963112, 
    "raw_results": {
        "0": 43025928.767999999, 
        "1": 56052292.170000002, 
        "2": 61876579.071999997, 
        "3": 78013366.203999996, 
        "4": 60164432.866999999, 
        "5": 65474756.516000003, 
        "6": 82112700.729000002, 
        "7": 70927658.731999993, 
        "8": 65726651.675999999, 
        "9": 56412603.596000001
    }, 
    "averaged_NPV": 63978697.032999992
}