{
    "std": 11215498.910697773, 
    "raw_results": {
        "0": 42683824.634999998, 
        "1": 55909024.428999998, 
        "2": 61840569.170999996, 
        "3": 79325410.185000002, 
        "4": 59981112.498999998, 
        "5": 66198532.237000003, 
        "6": 83094630.439999998, 
        "7": 70966759.833000004, 
        "8": 65878729.991999999, 
        "9": 56172794.910999998
    }, 
    "averaged_NPV": 64205138.8332
}