{
    "std": 10379138.695678661, 
    "raw_results": {
        "0": 41275158.737000003, 
        "1": 53960510.829000004, 
        "2": 59234105.336999997, 
        "3": 75951510.545000002, 
        "4": 58207513.530000001, 
        "5": 63138108.902000003, 
        "6": 78511685.711999997, 
        "7": 67800978.530000001, 
        "8": 63048166.615999997, 
        "9": 54261811.700000003
    }, 
    "averaged_NPV": 61538955.043800019
}