{
    "std": 10040540.920803279, 
    "raw_results": {
        "0": 19840520.175999999, 
        "1": 32632976.405000001, 
        "2": 35707197.531000003, 
        "3": 53426193.719999999, 
        "4": 35342311.056999996, 
        "5": 42651669.542000003, 
        "6": 53396076.446000002, 
        "7": 45812474.012999997, 
        "8": 38681775.380000003, 
        "9": 28881367.907000002
    }, 
    "averaged_NPV": 38637256.217699997
}