{
    "std": 10334152.636231188, 
    "raw_results": {
        "0": 20526411.362, 
        "1": 32317716.291999999, 
        "2": 35758614.057999998, 
        "3": 54303760.038999997, 
        "4": 35026185.662, 
        "5": 42678885.012999997, 
        "6": 54740425.965000004, 
        "7": 46613371.741999999, 
        "8": 38985122.711999997, 
        "9": 28887550.855999999
    }, 
    "averaged_NPV": 38983804.370100006
}