{
    "std": 10749830.456176125, 
    "raw_results": {
        "0": 42086127.854000002, 
        "1": 55377555.710000001, 
        "2": 60581348.219999999, 
        "3": 78042907.488999993, 
        "4": 59328142.028999999, 
        "5": 64997971.281999998, 
        "6": 80357572.458000004, 
        "7": 69995698.030000001, 
        "8": 64846697.487000003, 
        "9": 55452692.244000003
    }, 
    "averaged_NPV": 63106671.280299999
}