{
    "std": 10498244.187646959, 
    "raw_results": {
        "0": 42793712.269000001, 
        "1": 55166876.158, 
        "2": 60657850.626000002, 
        "3": 77790808.520999998, 
        "4": 59070297.695, 
        "5": 64740854.549000002, 
        "6": 80056718.421000004, 
        "7": 69660723.175999999, 
        "8": 64647290.236000001, 
        "9": 55805735.744999997
    }, 
    "averaged_NPV": 63039086.739600003
}