{
    "std": 10487324.186421668, 
    "raw_results": {
        "0": 42764930.225000001, 
        "1": 55133789.034999996, 
        "2": 60619562.633000001, 
        "3": 77706503.239999995, 
        "4": 59030003.325999998, 
        "5": 64696281.259999998, 
        "6": 80010425.303000003, 
        "7": 69616060.071999997, 
        "8": 64599208.864, 
        "9": 55772665.377999999
    }, 
    "averaged_NPV": 62994942.933599994
}