{
    "std": 10343228.968819555, 
    "raw_results": {
        "0": 42915843.447999999, 
        "1": 55686388.945, 
        "2": 61458914.092, 
        "3": 77779057.074000001, 
        "4": 59867248.541000001, 
        "5": 64884517.516000003, 
        "6": 79984944.232999995, 
        "7": 69567267.506999999, 
        "8": 65954903.655000001, 
        "9": 56621869.795000002
    }, 
    "averaged_NPV": 63472095.480599999
}