{
    "std": 10310480.130266191, 
    "raw_results": {
        "0": 42857327.638999999, 
        "1": 55673036.316, 
        "2": 61342019.873000003, 
        "3": 77697833.794, 
        "4": 59970642.925999999, 
        "5": 64782572.082000002, 
        "6": 79837789.734999999, 
        "7": 69363304.458000004, 
        "8": 65817527.248999998, 
        "9": 56514289.067000002
    }, 
    "averaged_NPV": 63385634.313900009
}