{
    "std": 10657864.7142774, 
    "raw_results": {
        "0": 42082689.067000002, 
        "1": 55200071.079999998, 
        "2": 60430432.443000004, 
        "3": 77751936.445999995, 
        "4": 59118451.174999997, 
        "5": 64717776.034000002, 
        "6": 80032958.518000007, 
        "7": 69684921.059, 
        "8": 64679915.270000003, 
        "9": 55401483.181000002
    }, 
    "averaged_NPV": 62910063.427299999
}