{
    "std": 11210375.795825083, 
    "raw_results": {
        "0": 42642530.994999997, 
        "1": 55881877.287, 
        "2": 61839391.810000002, 
        "3": 79258170.501000002, 
        "4": 59948993.888999999, 
        "5": 66102361.200000003, 
        "6": 83052338.410999998, 
        "7": 70892025.613000005, 
        "8": 65809479.230999999, 
        "9": 56073546.081
    }, 
    "averaged_NPV": 64150071.501799986
}