{
    "std": 11177851.490500785, 
    "raw_results": {
        "0": 42712929.783, 
        "1": 55942772.181000002, 
        "2": 61888637.979000002, 
        "3": 79243211.928000003, 
        "4": 60002008.765000001, 
        "5": 66134582.402000003, 
        "6": 83015347.099999994, 
        "7": 70944964.704999998, 
        "8": 65886415.598999999, 
        "9": 56187158.686999999
    }, 
    "averaged_NPV": 64195802.912900008
}