{
    "std": 10274016.445090443, 
    "raw_results": {
        "0": 43086843.612999998, 
        "1": 55646563.997000001, 
        "2": 61329100.251000002, 
        "3": 77711466.439999998, 
        "4": 59956171.560999997, 
        "5": 64787206.737000003, 
        "6": 79852710.954999998, 
        "7": 69367366.577999994, 
        "8": 65822954.5, 
        "9": 56489758.767999999
    }, 
    "averaged_NPV": 63405014.339999996
}