{
    "std": 10672090.361583585, 
    "raw_results": {
        "0": 42297670.835000001, 
        "1": 55359521.284000002, 
        "2": 60577440.251000002, 
        "3": 77985171.743000001, 
        "4": 59292486.026000001, 
        "5": 64957291.873999998, 
        "6": 80229584.011999995, 
        "7": 69896468.084999993, 
        "8": 64860555.234999999, 
        "9": 55504550.791000001
    }, 
    "averaged_NPV": 63096074.013599992
}