{
    "std": 10363708.523357557, 
    "raw_results": {
        "0": 41237386.476999998, 
        "1": 53853927.805, 
        "2": 59134285.098999999, 
        "3": 75879705.594999999, 
        "4": 58064800.942000002, 
        "5": 62977236.987000003, 
        "6": 78324121.704999998, 
        "7": 67822881.635000005, 
        "8": 62930197.559, 
        "9": 54176492.473999999
    }, 
    "averaged_NPV": 61440103.627799988
}