{
    "std": 10310098.069642374, 
    "raw_results": {
        "0": 41126678.917000003, 
        "1": 53772565.754000001, 
        "2": 58996616.442000002, 
        "3": 75634431.988999993, 
        "4": 57989915.479999997, 
        "5": 62833421.626000002, 
        "6": 78041268.106000006, 
        "7": 67685991.532000005, 
        "8": 62783329.509000003, 
        "9": 54087820.545999996
    }, 
    "averaged_NPV": 61295203.990100004
}