{
    "std": 10984041.252911577, 
    "raw_results": {
        "0": 42858717.778999999, 
        "1": 55877174.199000001, 
        "2": 61726881.713, 
        "3": 79055349.984999999, 
        "4": 60003602.917000003, 
        "5": 65614800.718999997, 
        "6": 82203599.327999994, 
        "7": 71289876.761999995, 
        "8": 65458168.772, 
        "9": 56480633.358000003
    }, 
    "averaged_NPV": 64056880.553199992
}