{
    "std": 10481111.257514464, 
    "raw_results": {
        "0": 42769559.079000004, 
        "1": 55047941.038000003, 
        "2": 60523832.185000002, 
        "3": 77678060.640000001, 
        "4": 58960178.218999997, 
        "5": 64623455.785999998, 
        "6": 79943567.993000001, 
        "7": 69545907.525999993, 
        "8": 64523148.25, 
        "9": 55699878.204999998
    }, 
    "averaged_NPV": 62931552.892100014
}