{
    "std": 10317579.021610526, 
    "raw_results": {
        "0": 42966639.626999997, 
        "1": 55732784.045999996, 
        "2": 61471394.840999998, 
        "3": 77711601.914000005, 
        "4": 59895677.774999999, 
        "5": 64959075.158, 
        "6": 79976928.883000001, 
        "7": 69579073.503000006, 
        "8": 66053291.75, 
        "9": 56687700.254000001
    }, 
    "averaged_NPV": 63503416.775099993
}