{
    "std": 10770310.552349748, 
    "raw_results": {
        "0": 41981343.674999997, 
        "1": 55172584.667999998, 
        "2": 60506745.050999999, 
        "3": 77994847.194999993, 
        "4": 59115632.071999997, 
        "5": 64875820.938000001, 
        "6": 80256408.576000005, 
        "7": 69888062.984999999, 
        "8": 64691473.167000003, 
        "9": 55306556.662
    }, 
    "averaged_NPV": 62978947.498900011
}