{
    "std": 10290350.816449415, 
    "raw_results": {
        "0": 20199821.738000002, 
        "1": 32222827.848999999, 
        "2": 35574030.017999999, 
        "3": 54175740.873999998, 
        "4": 34840523.354999997, 
        "5": 42441689.593000002, 
        "6": 54172934.292999998, 
        "7": 46259203.030000001, 
        "8": 38605022.553000003, 
        "9": 28701087.407000002
    }, 
    "averaged_NPV": 38719288.070999995
}