{
    "std": 9853243.4148308709, 
    "raw_results": {
        "0": 20011020.824000001, 
        "1": 32113488.250999998, 
        "2": 35201499.895999998, 
        "3": 52920486.770999998, 
        "4": 34442135.707000002, 
        "5": 41604583.126999997, 
        "6": 52825158.204000004, 
        "7": 45227675.351999998, 
        "8": 38195264.533, 
        "9": 28800916.228999998
    }, 
    "averaged_NPV": 38134222.889399998
}