{
    "std": 10967497.774430962, 
    "raw_results": {
        "0": 43039362.897, 
        "1": 55900098.931000002, 
        "2": 61751021.781999998, 
        "3": 79063957.008000001, 
        "4": 60037573.060000002, 
        "5": 65702415.519000001, 
        "6": 82192003.359999999, 
        "7": 71402626.313999996, 
        "8": 65587143.620999999, 
        "9": 56308851.498000003
    }, 
    "averaged_NPV": 64098505.399000011
}