{
    "std": 10950838.808440084, 
    "raw_results": {
        "0": 42932649.436999999, 
        "1": 55956168.353, 
        "2": 61809683.214000002, 
        "3": 79038522.640000001, 
        "4": 60080614.630000003, 
        "5": 65660873.618000001, 
        "6": 82165531.554000005, 
        "7": 71361230.726999998, 
        "8": 65542276.472999997, 
        "9": 56572346.873000003
    }, 
    "averaged_NPV": 64111989.751900002
}