{
    "std": 10925071.758128094, 
    "raw_results": {
        "0": 42782322.207000002, 
        "1": 56139248.644000001, 
        "2": 61957639.045000002, 
        "3": 78695260.772, 
        "4": 60269428.372000001, 
        "5": 66577567.222000003, 
        "6": 82007351.349000007, 
        "7": 71282505.278999999, 
        "8": 66229593.32, 
        "9": 56309519.174000002
    }, 
    "averaged_NPV": 64225043.538400009
}