{
    "std": 10955106.77043655, 
    "raw_results": {
        "0": 42793013.805, 
        "1": 56187064.434, 
        "2": 62091180.748000003, 
        "3": 78839731.466000006, 
        "4": 60434044.800999999, 
        "5": 66387712.623999998, 
        "6": 82237645.988000005, 
        "7": 71190941.820999995, 
        "8": 65565991.697999999, 
        "9": 56209717.730999999
    }, 
    "averaged_NPV": 64193704.511599995
}