{
    "std": 10277011.022103215, 
    "raw_results": {
        "0": 43112927.199000001, 
        "1": 55646563.997000001, 
        "2": 61329100.251000002, 
        "3": 77768459.318000004, 
        "4": 59956171.560999997, 
        "5": 64798395.535999998, 
        "6": 79852710.954999998, 
        "7": 69368251.025999993, 
        "8": 65822954.5, 
        "9": 56489758.767999999
    }, 
    "averaged_NPV": 63414529.311100006
}