{
    "std": 10912633.971782424, 
    "raw_results": {
        "0": 42958673.840000004, 
        "1": 56009676.237000003, 
        "2": 61850978.019000001, 
        "3": 78947508.274000004, 
        "4": 60167907.138999999, 
        "5": 65675891.994000003, 
        "6": 82103807.541999996, 
        "7": 71372900.914000005, 
        "8": 65640697.340000004, 
        "9": 56643240.450999998
    }, 
    "averaged_NPV": 64137128.174999997
}