{
    "std": 10811957.851385554, 
    "raw_results": {
        "0": 42950291.149999999, 
        "1": 55968406.244999997, 
        "2": 61778400.288000003, 
        "3": 77920518.878999993, 
        "4": 60093606.059, 
        "5": 65390786.041000001, 
        "6": 82274487.251000002, 
        "7": 71088457.694999993, 
        "8": 65630584.722000003, 
        "9": 56341882.704999998
    }, 
    "averaged_NPV": 63943742.103499994
}