{
    "std": 10300315.054568781, 
    "raw_results": {
        "0": 42854200.684, 
        "1": 55650461.898999996, 
        "2": 61361332.355999999, 
        "3": 77796572.408999994, 
        "4": 59932552.270000003, 
        "5": 64729194.193000004, 
        "6": 79754762.963, 
        "7": 69292648.461999997, 
        "8": 65951485.821000002, 
        "9": 56702188.027999997
    }, 
    "averaged_NPV": 63402539.908500001
}