{
    "std": 10011517.902378367, 
    "raw_results": {
        "0": 19602710.467999998, 
        "1": 32239592.544, 
        "2": 33389153.146000002, 
        "3": 52920486.770999998, 
        "4": 34464211.718999997, 
        "5": 41842868.009000003, 
        "6": 52825158.204000004, 
        "7": 45227675.351999998, 
        "8": 38341757.875, 
        "9": 28651461.438999999
    }, 
    "averaged_NPV": 37950507.552699998
}