{
    "std": 10715368.028521631, 
    "raw_results": {
        "0": 41992774.715000004, 
        "1": 55114846.134999998, 
        "2": 60374727.259999998, 
        "3": 77831431.445999995, 
        "4": 58967535.178999998, 
        "5": 64698779.608000003, 
        "6": 80087150.405000001, 
        "7": 69653288.452000007, 
        "8": 64570153.082000002, 
        "9": 55240140.206
    }, 
    "averaged_NPV": 62853082.648800001
}