{
    "std": 10971558.445987897, 
    "raw_results": {
        "0": 42887875.542000003, 
        "1": 55811259.542999998, 
        "2": 61637622.016000003, 
        "3": 78937833.715000004, 
        "4": 59932401.733000003, 
        "5": 65592349.284999996, 
        "6": 82089129.145999998, 
        "7": 71284204.467999995, 
        "8": 65458168.772, 
        "9": 56204278.450000003
    }, 
    "averaged_NPV": 63983512.267000005
}