{
    "std": 10015796.957765989, 
    "raw_results": {
        "0": 19557682.965999998, 
        "1": 32241784.866, 
        "2": 33301146.170000002, 
        "3": 52920486.770999998, 
        "4": 34683075.480999999, 
        "5": 41824728.612999998, 
        "6": 52825158.204000004, 
        "7": 45227675.351999998, 
        "8": 38053983.806999996, 
        "9": 28641591.784000002
    }, 
    "averaged_NPV": 37927731.401399992
}