{
    "std": 10072604.477713235, 
    "raw_results": {
        "0": 41272118.859999999, 
        "1": 53957717.402999997, 
        "2": 59268159.571999997, 
        "3": 75107013.879999995, 
        "4": 58199074.472000003, 
        "5": 62501608.972999997, 
        "6": 77463667.005999997, 
        "7": 67612485.388999999, 
        "8": 63036131.832999997, 
        "9": 54256442.266999997
    }, 
    "averaged_NPV": 61267441.965499982
}