{
    "std": 10354425.697540294, 
    "raw_results": {
        "0": 20335717.465999998, 
        "1": 32283261.477000002, 
        "2": 35706282.406000003, 
        "3": 54430729.108999997, 
        "4": 34992599.215000004, 
        "5": 42629027.729000002, 
        "6": 54496736.963, 
        "7": 46487172.427000001, 
        "8": 38764716.840999998, 
        "9": 28785169.945
    }, 
    "averaged_NPV": 38891141.357799999
}