{
    "std": 11823459.645704696, 
    "raw_results": {
        "0": 41349885.309, 
        "1": 53559924.784000002, 
        "2": 59022947.295999996, 
        "3": 78854732.194000006, 
        "4": 57518621.338, 
        "5": 66093021.390000001, 
        "6": 82793562.406000003, 
        "7": 70624122.402999997, 
        "8": 62649654.329999998, 
        "9": 53799062.795999996
    }, 
    "averaged_NPV": 62626553.424600005
}