{
    "std": 10965973.586965373, 
    "raw_results": {
        "0": 42900114.522, 
        "1": 55905397.806999996, 
        "2": 61681256.056999996, 
        "3": 78969773.566, 
        "4": 60055296.064000003, 
        "5": 65660709.740999997, 
        "6": 82130254.412, 
        "7": 71300666.300999999, 
        "8": 65561489.306999996, 
        "9": 56280903.417000003
    }, 
    "averaged_NPV": 64044586.119400002
}