{
    "std": 10334559.970460497, 
    "raw_results": {
        "0": 42708343.351000004, 
        "1": 55559556.230999999, 
        "2": 61219070.203000002, 
        "3": 77756834.508000001, 
        "4": 59847575.173, 
        "5": 64689010.924000002, 
        "6": 79720076.708000004, 
        "7": 69249993.591999993, 
        "8": 65817298.733999997, 
        "9": 56549827.402000003
    }, 
    "averaged_NPV": 63311758.682599999
}