{
    "std": 10816575.928140456, 
    "raw_results": {
        "0": 17724065.818999998, 
        "1": 29877512.078000002, 
        "2": 32808901.109999999, 
        "3": 53057210.281999998, 
        "4": 32383558.68, 
        "5": 41396711.821999997, 
        "6": 53715968.605999999, 
        "7": 45782745.127999999, 
        "8": 37395731.276000001, 
        "9": 28308977.956
    }, 
    "averaged_NPV": 37245138.27570001
}