{
    "std": 10292150.598066116, 
    "raw_results": {
        "0": 42963836.016999997, 
        "1": 55728967.854999997, 
        "2": 61464290.530000001, 
        "3": 77743021.972000003, 
        "4": 60023669.851999998, 
        "5": 64815346.169, 
        "6": 79886501.364999995, 
        "7": 69397054.202999994, 
        "8": 65939017.564000003, 
        "9": 56636140.762000002
    }, 
    "averaged_NPV": 63459784.628899992
}