{
    "std": 10494100.485033009, 
    "raw_results": {
        "0": 42875677.328000002, 
        "1": 55235324.240000002, 
        "2": 60660341.538999997, 
        "3": 77818259.189999998, 
        "4": 59152397.696000002, 
        "5": 64764970.148999996, 
        "6": 80151171.044, 
        "7": 69730199.503000006, 
        "8": 64702590.090999998, 
        "9": 55876416.872000001
    }, 
    "averaged_NPV": 63096734.765199997
}