{
    "std": 10714749.199303748, 
    "raw_results": {
        "0": 42107375.761, 
        "1": 55305825.362999998, 
        "2": 60528939.222999997, 
        "3": 77977269.866999999, 
        "4": 59246067.276000001, 
        "5": 64920184.923, 
        "6": 80225988.324000001, 
        "7": 69863267.570999995, 
        "8": 64827323.917999998, 
        "9": 55450508.088
    }, 
    "averaged_NPV": 63045275.031399988
}