{
    "std": 10929082.359198088, 
    "raw_results": {
        "0": 42682139.266999997, 
        "1": 55960768.670000002, 
        "2": 61974980.5, 
        "3": 78619221.297000006, 
        "4": 60066944.291000001, 
        "5": 66309412.207000002, 
        "6": 81978303.702999994, 
        "7": 71023449.333000004, 
        "8": 65903202.509999998, 
        "9": 56213697.045000002
    }, 
    "averaged_NPV": 64073211.882300004
}