{
    "std": 10872713.711194191, 
    "raw_results": {
        "0": 41925827.226000004, 
        "1": 55241407.590000004, 
        "2": 60472597.884000003, 
        "3": 78364509.760000005, 
        "4": 59145447.225000001, 
        "5": 64986041.498999998, 
        "6": 80468648.724000007, 
        "7": 69989922.431999996, 
        "8": 64705916.850000001, 
        "9": 55273761.501999997
    }, 
    "averaged_NPV": 63057408.069200002
}