{
    "std": 11749225.779284295, 
    "raw_results": {
        "0": 41109701.706, 
        "1": 55715393.82, 
        "2": 58175767.276000001, 
        "3": 79011349.486000001, 
        "4": 59864870.226999998, 
        "5": 65934952.465999998, 
        "6": 82898363.603, 
        "7": 70697158.113000005, 
        "8": 65674623.890000001, 
        "9": 53593404.204000004
    }, 
    "averaged_NPV": 63267558.479100004
}