{
    "std": 10443287.805727733, 
    "raw_results": {
        "0": 42783008.486000001, 
        "1": 55168998.364, 
        "2": 60590685.818000004, 
        "3": 77620464.255999997, 
        "4": 59054487.888999999, 
        "5": 64694088.336999997, 
        "6": 79885380.274000004, 
        "7": 69574133.349999994, 
        "8": 64585758.916000001, 
        "9": 55807844.527999997
    }, 
    "averaged_NPV": 62976485.021799996
}