{
    "std": 10922602.686492544, 
    "raw_results": {
        "0": 42957145.218000002, 
        "1": 55983290.593000002, 
        "2": 61814569.237999998, 
        "3": 78975070.817000002, 
        "4": 60119341.173, 
        "5": 65647502.475000001, 
        "6": 82149043.914000005, 
        "7": 71293101.702999994, 
        "8": 65577298.925999999, 
        "9": 56636013.678000003
    }, 
    "averaged_NPV": 64115237.773499988
}