{
    "std": 10884215.377852984, 
    "raw_results": {
        "0": 42845059.990999997, 
        "1": 55913394.493000001, 
        "2": 61562836.744000003, 
        "3": 78713038.306999996, 
        "4": 60023836.137999997, 
        "5": 65608496.814999998, 
        "6": 81855689.237000003, 
        "7": 71019053.938999996, 
        "8": 65359852.053000003, 
        "9": 56185409.141000003
    }, 
    "averaged_NPV": 63908666.685800001
}