{
    "std": 11724787.380883183, 
    "raw_results": {
        "0": 24246801.289999999, 
        "1": 37734989.379000001, 
        "2": 41142483.109999999, 
        "3": 62604996.233999997, 
        "4": 40803060.186999999, 
        "5": 50616925.625, 
        "6": 63264841.140000001, 
        "7": 55031199.620999999, 
        "8": 44723829.119999997, 
        "9": 35705095.056000002
    }, 
    "averaged_NPV": 45587422.076200001
}