{
    "std": 12692721.541272145, 
    "raw_results": {
        "0": 37602329.686999999, 
        "1": 51343010.019000001, 
        "2": 56010245.873999998, 
        "3": 78721425.298999995, 
        "4": 55571747.5, 
        "5": 64654617.207000002, 
        "6": 81014812.753000006, 
        "7": 69841531.244000003, 
        "8": 60085634.638999999, 
        "9": 50455752.854999997
    }, 
    "averaged_NPV": 60530110.707699999
}