{
    "std": 12627762.344917327, 
    "raw_results": {
        "0": 38168399.340000004, 
        "1": 51701652.645999998, 
        "2": 56577635.463, 
        "3": 79000459.054000005, 
        "4": 57927619.221000001, 
        "5": 64700505.416000001, 
        "6": 81636296.306999996, 
        "7": 70018417.018999994, 
        "8": 63849760.329999998, 
        "9": 50672615.501000002
    }, 
    "averaged_NPV": 61425336.029700004
}