{
    "std": 12824008.384805681, 
    "raw_results": {
        "0": 41078667.491999999, 
        "1": 55285927.056999996, 
        "2": 60608532.026000001, 
        "3": 82792540.203999996, 
        "4": 59762144.647, 
        "5": 68463565.927000001, 
        "6": 85415206.015000001, 
        "7": 74154904.717999995, 
        "8": 64770726.965000004, 
        "9": 54860459.711000003
    }, 
    "averaged_NPV": 64719267.476199999
}