{
    "std": 12819539.960861892, 
    "raw_results": {
        "0": 38311867.692000002, 
        "1": 52370949.862999998, 
        "2": 57292251.468999997, 
        "3": 79880628.822999999, 
        "4": 56535284.395999998, 
        "5": 66032802.321000002, 
        "6": 82217183.325000003, 
        "7": 71167271.088, 
        "8": 61451953.910999998, 
        "9": 51535464.629000001
    }, 
    "averaged_NPV": 61679565.751699999
}