{
    "std": 12485939.037950536, 
    "raw_results": {
        "0": 36881823.204000004, 
        "1": 50412694.185000002, 
        "2": 54912843.816, 
        "3": 77266925.016000003, 
        "4": 56493107.498000003, 
        "5": 63541815.252999999, 
        "6": 79861654.420000002, 
        "7": 68882712.875, 
        "8": 61798756.553999998, 
        "9": 49649296.127999999
    }, 
    "averaged_NPV": 59970162.894900002
}