{
    "std": 12832566.762199577, 
    "raw_results": {
        "0": 38566370.737000003, 
        "1": 52847372.225000001, 
        "2": 57537416.333999999, 
        "3": 80281908.575000003, 
        "4": 56942235.827, 
        "5": 65866140.310000002, 
        "6": 82731278.930999994, 
        "7": 71401778.392000005, 
        "8": 61634776.730999999, 
        "9": 51956893.684
    }, 
    "averaged_NPV": 61976617.174600005
}