{
    "std": 12533795.089450367, 
    "raw_results": {
        "0": 39068231.409000002, 
        "1": 55556533.082000002, 
        "2": 60909209.421999998, 
        "3": 80792442.240999997, 
        "4": 59524034.766999997, 
        "5": 66442792.052000001, 
        "6": 83190755.002000004, 
        "7": 71706090.776999995, 
        "8": 65587343.159000002, 
        "9": 52485224.913000003
    }, 
    "averaged_NPV": 63526265.682400003
}