{
    "std": 12743058.519950194, 
    "raw_results": {
        "0": 38615665.975000001, 
        "1": 52911487.026000001, 
        "2": 57653561.066, 
        "3": 80041146.187999994, 
        "4": 56969837.949000001, 
        "5": 65891441.560000002, 
        "6": 82271440.768000007, 
        "7": 71324865.295000002, 
        "8": 65074159.902999997, 
        "9": 51853486.605999999
    }, 
    "averaged_NPV": 62260709.233599998
}