{
    "std": 12957040.742826089, 
    "raw_results": {
        "0": 39752167.185999997, 
        "1": 54291039.585000001, 
        "2": 59238743.204999998, 
        "3": 81292107.320999995, 
        "4": 58163534.542999998, 
        "5": 67740206.019999996, 
        "6": 84794652.281000003, 
        "7": 73146412.840000004, 
        "8": 63555656.597999997, 
        "9": 53380516.774999999
    }, 
    "averaged_NPV": 63535503.635399997
}