{
    "std": 12809995.453307861, 
    "raw_results": {
        "0": 38958604.395999998, 
        "1": 53276740.016999997, 
        "2": 58169306.519000001, 
        "3": 80378423.412, 
        "4": 57418349.579000004, 
        "5": 66260604.877999999, 
        "6": 82938432.324000001, 
        "7": 71900880.590000004, 
        "8": 65660581.993000001, 
        "9": 52123332.295000002
    }, 
    "averaged_NPV": 62708525.600299999
}