{
    "std": 12742183.691034647, 
    "raw_results": {
        "0": 39468215.145000003, 
        "1": 53725705.619000003, 
        "2": 61587154.218999997, 
        "3": 81279012.247999996, 
        "4": 60474129.310000002, 
        "5": 66888190.659999996, 
        "6": 83811541.265000001, 
        "7": 72491290.876000002, 
        "8": 66370959.888999999, 
        "9": 53001631.364
    }, 
    "averaged_NPV": 63909783.059499994
}