{
    "std": 12979339.938497251, 
    "raw_results": {
        "0": 35081712.494999997, 
        "1": 50517076.079999998, 
        "2": 54733032.713, 
        "3": 77171883.200000003, 
        "4": 54082910.527000003, 
        "5": 63519615.057999998, 
        "6": 80415027.405000001, 
        "7": 69284842.319000006, 
        "8": 59154422.306000002, 
        "9": 49803756.642999999
    }, 
    "averaged_NPV": 59376427.874599993
}