{
    "std": 12646690.273396052, 
    "raw_results": {
        "0": 41070167.800999999, 
        "1": 57874969.594999999, 
        "2": 63663836.990000002, 
        "3": 83208709.408000007, 
        "4": 62453005.557999998, 
        "5": 68615413.501000002, 
        "6": 85823995.643000007, 
        "7": 74282196.307999998, 
        "8": 68480618.684, 
        "9": 54903544.450000003
    }, 
    "averaged_NPV": 66037645.793800011
}