{
    "std": 12625551.300851274, 
    "raw_results": {
        "0": 42957061.704999998, 
        "1": 57816827.299999997, 
        "2": 63247399.343000002, 
        "3": 85711396.946999997, 
        "4": 61979316.364, 
        "5": 68240935.091000006, 
        "6": 85216370.350999996, 
        "7": 77560733.859999999, 
        "8": 67441513.115999997, 
        "9": 57106202.913999997
    }, 
    "averaged_NPV": 66727775.699099995
}