{
    "std": 12963145.606871746, 
    "raw_results": {
        "0": 35413608.957000002, 
        "1": 50933034.623999998, 
        "2": 55113909.43, 
        "3": 77914423.451000005, 
        "4": 54634151.031999998, 
        "5": 64252569.945, 
        "6": 80147051.672999993, 
        "7": 69621578.163000003, 
        "8": 59608667.534000002, 
        "9": 49798084.626000002
    }, 
    "averaged_NPV": 59743707.943500005
}