{
    "std": 12576233.245225746, 
    "raw_results": {
        "0": 37219594.669, 
        "1": 50937207.935000002, 
        "2": 55568304.619000003, 
        "3": 78029811.604000002, 
        "4": 55148636.607000001, 
        "5": 64160531.939999998, 
        "6": 80270934.987000003, 
        "7": 69336281.709999993, 
        "8": 59596112.354000002, 
        "9": 50163635.325000003
    }, 
    "averaged_NPV": 60043105.174999997
}