{
    "std": 12388759.17381895, 
    "raw_results": {
        "0": 37284360.049000002, 
        "1": 53066176.424999997, 
        "2": 58133206.082000002, 
        "3": 78161834.182999998, 
        "4": 57014132.114, 
        "5": 64302367.269000001, 
        "6": 80619467.327000007, 
        "7": 69532945.694000006, 
        "8": 62459678.626000002, 
        "9": 50042387.870999999
    }, 
    "averaged_NPV": 61061655.56400001
}