{
    "std": 12647202.921240212, 
    "raw_results": {
        "0": 40594213.563000001, 
        "1": 57649250.431999996, 
        "2": 63002826.873000003, 
        "3": 83043981.424999997, 
        "4": 62016505.788000003, 
        "5": 68263426.675999999, 
        "6": 85353148.133000001, 
        "7": 73785909.841999993, 
        "8": 64297954.588, 
        "9": 54539167.431000002
    }, 
    "averaged_NPV": 65254638.475099996
}