{
    "std": 12719925.004256601, 
    "raw_results": {
        "0": 34911988.520000003, 
        "1": 49341922.258000001, 
        "2": 54284664.626999997, 
        "3": 76524978.923999995, 
        "4": 53564710.413000003, 
        "5": 62751790.902999997, 
        "6": 78782799.466999993, 
        "7": 67862377.810000002, 
        "8": 61082453.056000002, 
        "9": 49123155.214000002
    }, 
    "averaged_NPV": 58823084.119200006
}