{
    "std": 12533611.301535187, 
    "raw_results": {
        "0": 39032234.663000003, 
        "1": 55136595.766999997, 
        "2": 60797672.533, 
        "3": 80522603.186000004, 
        "4": 59616403.160999998, 
        "5": 66181893.752999999, 
        "6": 83142067.848000005, 
        "7": 71580386.522, 
        "8": 65586622.511, 
        "9": 52202372.527999997
    }, 
    "averaged_NPV": 63379885.247199997
}