{
    "std": 12904881.135605015, 
    "raw_results": {
        "0": 41768505.126999997, 
        "1": 56082579.715999998, 
        "2": 61135661.880000003, 
        "3": 83659334.810000002, 
        "4": 60154441.578000002, 
        "5": 68980198.559, 
        "6": 86301888.965000004, 
        "7": 74337747.224999994, 
        "8": 69025226.954999998, 
        "9": 55445240.473999999
    }, 
    "averaged_NPV": 65689082.528900005
}