{
    "std": 12470409.951691184, 
    "raw_results": {
        "0": 40008209.961000003, 
        "1": 55837334.07, 
        "2": 61900306.325000003, 
        "3": 81903536.098000005, 
        "4": 60419321.351999998, 
        "5": 67304912.076000005, 
        "6": 84508944.903999999, 
        "7": 72802916.564999998, 
        "8": 66310255.945, 
        "9": 55906441.961999997
    }, 
    "averaged_NPV": 64690217.925800003
}