{
    "std": 12817349.451304456, 
    "raw_results": {
        "0": 38918957.533, 
        "1": 53276740.016999997, 
        "2": 58169306.519000001, 
        "3": 80378423.412, 
        "4": 57418349.579000004, 
        "5": 66260604.877999999, 
        "6": 82938432.324000001, 
        "7": 71900880.590000004, 
        "8": 65660581.993000001, 
        "9": 52123332.295000002
    }, 
    "averaged_NPV": 62704560.913999997
}