{
    "std": 12978023.363278883, 
    "raw_results": {
        "0": 35441830.667000003, 
        "1": 50933034.623999998, 
        "2": 55126995.993000001, 
        "3": 77966968.893999994, 
        "4": 54647334.549000002, 
        "5": 64279026.824000001, 
        "6": 80210470.956, 
        "7": 69659709.717999995, 
        "8": 59626334.935000002, 
        "9": 49798084.626000002
    }, 
    "averaged_NPV": 59768979.178599998
}