{
    "std": 12544090.314252634, 
    "raw_results": {
        "0": 37987065.016000003, 
        "1": 53303252.612000003, 
        "2": 58573458.245999999, 
        "3": 79122037.055000007, 
        "4": 57828108.094999999, 
        "5": 65089275.108000003, 
        "6": 81647360.222000003, 
        "7": 70427083.347000003, 
        "8": 62906684.976000004, 
        "9": 50499487.792999998
    }, 
    "averaged_NPV": 61738381.247000001
}