{
    "std": 12823086.745506719, 
    "raw_results": {
        "0": 34885987.366999999, 
        "1": 49893635.004000001, 
        "2": 54227747.233000003, 
        "3": 77042069.189999998, 
        "4": 53731651.452, 
        "5": 63307114.107000001, 
        "6": 79159685.079999998, 
        "7": 68091405.151999995, 
        "8": 58577736.756999999, 
        "9": 49180439.523999996
    }, 
    "averaged_NPV": 58809747.086600006
}