{
    "std": 12611778.307862716, 
    "raw_results": {
        "0": 38590564.170000002, 
        "1": 52732543.630999997, 
        "2": 60359606.578000002, 
        "3": 79851978.792999998, 
        "4": 59201088.549000002, 
        "5": 65743696.600000001, 
        "6": 82601096.363999993, 
        "7": 71134395.817000002, 
        "8": 65127500.318999998, 
        "9": 51943471.778999999
    }, 
    "averaged_NPV": 62728594.260000013
}