{
    "std": 12519930.505799647, 
    "raw_results": {
        "0": 38782014.145000003, 
        "1": 54737072.148999996, 
        "2": 60569700.434, 
        "3": 80373924.306999996, 
        "4": 59063303.666000001, 
        "5": 66087019.343000002, 
        "6": 82697597.280000001, 
        "7": 71304734.234999999, 
        "8": 64999672.538000003, 
        "9": 52091280.373000003
    }, 
    "averaged_NPV": 63070631.847000003
}