{
    "std": 12560506.779901419, 
    "raw_results": {
        "0": 41049179.223999999, 
        "1": 57809631.505000003, 
        "2": 63443271.656999998, 
        "3": 83033120.751000002, 
        "4": 62258022.869999997, 
        "5": 68414045.238999993, 
        "6": 85468102.636000007, 
        "7": 74013737.540000007, 
        "8": 68284190.730000004, 
        "9": 54897031.615999997
    }, 
    "averaged_NPV": 65867033.376800016
}