{
    "std": 12993167.598286241, 
    "raw_results": {
        "0": 39714199.239, 
        "1": 54255523.629000001, 
        "2": 59010614.443999998, 
        "3": 81320981.952999994, 
        "4": 58119855.163999997, 
        "5": 67737008.740999997, 
        "6": 84827134.371999994, 
        "7": 73124094.972000003, 
        "8": 63409311.395999998, 
        "9": 53258610.044
    }, 
    "averaged_NPV": 63477733.395400003
}