{
    "std": 12623444.803029472, 
    "raw_results": {
        "0": 39997895.024999999, 
        "1": 56092487.182999998, 
        "2": 62177764.726000004, 
        "3": 81783779.103, 
        "4": 60744830.192000002, 
        "5": 67304912.076000005, 
        "6": 84411401.657000005, 
        "7": 72756462.856999993, 
        "8": 66890820.123000003, 
        "9": 53272659.600000001
    }, 
    "averaged_NPV": 64543301.254199997
}