{
    "std": 12884360.443261994, 
    "raw_results": {
        "0": 39989560.057999998, 
        "1": 54531524.869000003, 
        "2": 59456513.034999996, 
        "3": 81746366.209000006, 
        "4": 58440539.692000002, 
        "5": 67845327.489999995, 
        "6": 84349897.096000001, 
        "7": 73575312.871000007, 
        "8": 63850002.031000003, 
        "9": 53632614.392999999
    }, 
    "averaged_NPV": 63741765.774400011
}