{
    "std": 12849625.832184387, 
    "raw_results": {
        "0": 42264077.159000002, 
        "1": 56799534.185000002, 
        "2": 61820096.691, 
        "3": 84385956.957000002, 
        "4": 60977096.906000003, 
        "5": 69670006.724000007, 
        "6": 86810252.861000001, 
        "7": 75238707.908999994, 
        "8": 66424790.853, 
        "9": 56494722.704000004
    }, 
    "averaged_NPV": 66088524.294900015
}