{
    "std": 12659796.513183923, 
    "raw_results": {
        "0": 41374626.813000001, 
        "1": 58185468.034000002, 
        "2": 63816805.229999997, 
        "3": 83578989.788000003, 
        "4": 62753300.924999997, 
        "5": 68953282.057999998, 
        "6": 86238724.695999995, 
        "7": 74296083.733999997, 
        "8": 68765913.679000005, 
        "9": 55179428.884000003
    }, 
    "averaged_NPV": 66314262.384100005
}