{
    "std": 12425099.492406482, 
    "raw_results": {
        "0": 38545783.43, 
        "1": 54334429.921999998, 
        "2": 60058290.586999997, 
        "3": 79774598.491999999, 
        "4": 58409417.144000001, 
        "5": 65425226.899999999, 
        "6": 82158323.591999993, 
        "7": 70756357.334999993, 
        "8": 64233502.088, 
        "9": 51725861.162
    }, 
    "averaged_NPV": 62542179.065199994
}