{
    "std": 11846318.073113212, 
    "raw_results": {
        "0": 23440979.175999999, 
        "1": 36808264.726000004, 
        "2": 40314970.358000003, 
        "3": 61715485.134000003, 
        "4": 39875654.769000001, 
        "5": 49690946.527000003, 
        "6": 62545004.178000003, 
        "7": 53892854.774999999, 
        "8": 43833279.846000001, 
        "9": 33354626.726
    }, 
    "averaged_NPV": 44547206.6215
}