{
    "std": 13055888.744203335, 
    "raw_results": {
        "0": 35098208.138999999, 
        "1": 50503167.795000002, 
        "2": 54746801.589000002, 
        "3": 77504248.686000004, 
        "4": 54093053.219999999, 
        "5": 63631359.403999999, 
        "6": 80568206.615999997, 
        "7": 69338524.172000006, 
        "8": 59171865.468000002, 
        "9": 49785034.708999999
    }, 
    "averaged_NPV": 59444046.979800001
}