{
    "std": 12628038.250542117, 
    "raw_results": {
        "0": 40676050.972000003, 
        "1": 57800853.325000003, 
        "2": 63264204.759000003, 
        "3": 83084772.347000003, 
        "4": 62129323.667000003, 
        "5": 68387471.635000005, 
        "6": 85366550.297999993, 
        "7": 73909869.194999993, 
        "8": 64516227.796999998, 
        "9": 54589670.908
    }, 
    "averaged_NPV": 65372499.4903
}