{
    "std": 12678172.848161081, 
    "raw_results": {
        "0": 38643896.935999997, 
        "1": 52399660.990999997, 
        "2": 57467504.369999997, 
        "3": 79738339.270999998, 
        "4": 58886484.144000001, 
        "5": 65425038.490000002, 
        "6": 82490551.621000007, 
        "7": 70843250.594999999, 
        "8": 64730220.681999996, 
        "9": 51605428.925999999
    }, 
    "averaged_NPV": 62223037.602600001
}