{
    "std": 11899534.677679058, 
    "raw_results": {
        "0": 24496797.851, 
        "1": 37467639.957999997, 
        "2": 40967107.204999998, 
        "3": 62442332.281000003, 
        "4": 40555372.428999998, 
        "5": 50337172.806999996, 
        "6": 64020344.460000001, 
        "7": 54777180.336999997, 
        "8": 44654413.625, 
        "9": 34310329.843000002
    }, 
    "averaged_NPV": 45402869.079599999
}