{
    "std": 12400893.737528674, 
    "raw_results": {
        "0": 39527296.987000003, 
        "1": 55086724.399999999, 
        "2": 60689809.836000003, 
        "3": 81043209.088, 
        "4": 59812028.862999998, 
        "5": 66897751.740999997, 
        "6": 83658354.170000002, 
        "7": 72343428.376000002, 
        "8": 65063745.755999997, 
        "9": 55343739.652000003
    }, 
    "averaged_NPV": 63946608.886899993
}