{
    "std": 12825545.763716109, 
    "raw_results": {
        "0": 42376564.303999998, 
        "1": 56787104.986000001, 
        "2": 61916468.217, 
        "3": 84385956.957000002, 
        "4": 61010149.336000003, 
        "5": 69670006.724000007, 
        "6": 86810252.861000001, 
        "7": 75238707.908999994, 
        "8": 66512404.052000001, 
        "9": 56493307.391000003
    }, 
    "averaged_NPV": 66120092.273700014
}