{
    "std": 12872649.325767005, 
    "raw_results": {
        "0": 40436163.445, 
        "1": 54793971.387000002, 
        "2": 59776443.772, 
        "3": 82218789.621999994, 
        "4": 58901537.505000003, 
        "5": 68261639.166999996, 
        "6": 84849193.840000004, 
        "7": 73475381.055000007, 
        "8": 64181150.814999998, 
        "9": 54064487.127999999
    }, 
    "averaged_NPV": 64095875.773600005
}