{
    "std": 12495214.644855551, 
    "raw_results": {
        "0": 38827537.175999999, 
        "1": 55299163.781999998, 
        "2": 60697620.880000003, 
        "3": 80213409.137999997, 
        "4": 59286908.413000003, 
        "5": 66162564.377999999, 
        "6": 82905269.703999996, 
        "7": 71578012.584999993, 
        "8": 65136199.377999999, 
        "9": 52117397.766999997
    }, 
    "averaged_NPV": 63222408.320099995
}