{
    "std": 12558344.853774713, 
    "raw_results": {
        "0": 40292694.170000002, 
        "1": 56716724.273999996, 
        "2": 62334771.997000001, 
        "3": 81890001.131999999, 
        "4": 60958313.450000003, 
        "5": 67568159.607999995, 
        "6": 84695309.420000002, 
        "7": 73001782.148000002, 
        "8": 67170569.530000001, 
        "9": 53758762.086000003
    }, 
    "averaged_NPV": 64838708.781499997
}