{
    "std": 12840069.690248327, 
    "raw_results": {
        "0": 35492357.590999998, 
        "1": 51049131.262999997, 
        "2": 55344590.035999998, 
        "3": 77665395.179000005, 
        "4": 54744447.844999999, 
        "5": 64253720.262999997, 
        "6": 79960467.971000001, 
        "7": 69167218.240999997, 
        "8": 59553079.104999997, 
        "9": 49666445.053000003
    }, 
    "averaged_NPV": 59689685.254700005
}