{
    "std": 12522815.930935327, 
    "raw_results": {
        "0": 40323657.501999997, 
        "1": 56250073.071999997, 
        "2": 62076316.659999996, 
        "3": 82242509.092999995, 
        "4": 61104534.670000002, 
        "5": 67854523.136999995, 
        "6": 85142402.335999995, 
        "7": 73310463.547999993, 
        "8": 66935652.726000004, 
        "9": 56324235.560999997
    }, 
    "averaged_NPV": 65156436.830499984
}