{
    "std": 12561987.567518013, 
    "raw_results": {
        "0": 39993585.425999999, 
        "1": 57174873.031999998, 
        "2": 62413324.329999998, 
        "3": 82070856.592999995, 
        "4": 61456478.428000003, 
        "5": 67678728.439999998, 
        "6": 84515821.812999994, 
        "7": 73194272.108999997, 
        "8": 63816109.667000003, 
        "9": 53786141.358000003
    }, 
    "averaged_NPV": 64610019.119600013
}