{
    "std": 12790687.00258326, 
    "raw_results": {
        "0": 38372751.484999999, 
        "1": 52391966.321999997, 
        "2": 57329562.700000003, 
        "3": 79829049.659999996, 
        "4": 56569317.272, 
        "5": 66084484.486000001, 
        "6": 82179052.202000007, 
        "7": 71166607.062999994, 
        "8": 61496327.199000001, 
        "9": 51558190.840999998
    }, 
    "averaged_NPV": 61697730.923
}