{
    "std": 12575296.388801163, 
    "raw_results": {
        "0": 38637410.416000001, 
        "1": 52506540.641999997, 
        "2": 60153013.237999998, 
        "3": 79659835.209999993, 
        "4": 58708540.832999997, 
        "5": 65504878.542999998, 
        "6": 82449578.915000007, 
        "7": 70923381.571999997, 
        "8": 64505254.634000003, 
        "9": 51740819.204999998
    }, 
    "averaged_NPV": 62478925.320800006
}