{
    "std": 12641948.585727902, 
    "raw_results": {
        "0": 40580054.259999998, 
        "1": 57486984.417999998, 
        "2": 62908314.773000002, 
        "3": 82940290.113000005, 
        "4": 61888651.068000004, 
        "5": 68235234.383000001, 
        "6": 85223110.437000006, 
        "7": 73771619.724999994, 
        "8": 64238848.898000002, 
        "9": 54378743.053999998
    }, 
    "averaged_NPV": 65165185.112900004
}