{
    "std": 12524815.567865347, 
    "raw_results": {
        "0": 39153871.434, 
        "1": 55556533.082000002, 
        "2": 60909209.421999998, 
        "3": 80845534.222000003, 
        "4": 59524034.766999997, 
        "5": 66442792.052000001, 
        "6": 83190755.002000004, 
        "7": 71712053.255999997, 
        "8": 65587343.159000002, 
        "9": 52485224.913000003
    }, 
    "averaged_NPV": 63540735.130899988
}