{
    "std": 12630457.588484477, 
    "raw_results": {
        "0": 40615161.153999999, 
        "1": 57798407.457000002, 
        "2": 63215894.976000004, 
        "3": 83054916.128000006, 
        "4": 62080994.148999996, 
        "5": 68325094.864999995, 
        "6": 85353148.133000001, 
        "7": 73837552.875, 
        "8": 64448052.241999999, 
        "9": 54583605.861000001
    }, 
    "averaged_NPV": 65331282.784000017
}