{
    "std": 12096263.985310862, 
    "raw_results": {
        "0": 22533897.138, 
        "1": 37029308.552000001, 
        "2": 40458309.288000003, 
        "3": 62149230.946999997, 
        "4": 40296141.463, 
        "5": 49666407.027000003, 
        "6": 62611674.906999998, 
        "7": 54393239.061999999, 
        "8": 43799089.984999999, 
        "9": 33256222.140000001
    }, 
    "averaged_NPV": 44619352.050899997
}