{
    "std": 12400408.55051266, 
    "raw_results": {
        "0": 37210901.020000003, 
        "1": 53065932.741999999, 
        "2": 58166332.855999999, 
        "3": 78190320.644999996, 
        "4": 57062801.520999998, 
        "5": 64382357.865000002, 
        "6": 80557651.425999999, 
        "7": 69582508.379999995, 
        "8": 62501339.251999997, 
        "9": 50045756.059
    }, 
    "averaged_NPV": 61076590.176600002
}