{
    "std": 12625883.856088262, 
    "raw_results": {
        "0": 40625794.723999999, 
        "1": 57772098.399999999, 
        "2": 63171529.064000003, 
        "3": 83043981.424999997, 
        "4": 62074290.810999997, 
        "5": 68263426.675999999, 
        "6": 85353148.133000001, 
        "7": 73785909.841999993, 
        "8": 64444322.292999998, 
        "9": 54566557.809
    }, 
    "averaged_NPV": 65310105.917700008
}