{
    "std": 13017072.52672608, 
    "raw_results": {
        "0": 39062125.704000004, 
        "1": 53715518.829000004, 
        "2": 58404039.968000002, 
        "3": 80568364.621999994, 
        "4": 57627930.395000003, 
        "5": 67107534.564999998, 
        "6": 84264290.877000004, 
        "7": 72832689.254999995, 
        "8": 62874175.508000001, 
        "9": 52465984.134000003
    }, 
    "averaged_NPV": 62892265.38570001
}