{
    "std": 12531870.898175538, 
    "raw_results": {
        "0": 38841903.681999996, 
        "1": 54477588.063000001, 
        "2": 60024832.795000002, 
        "3": 79992261.053000003, 
        "4": 58989353.857000001, 
        "5": 65877585.958999999, 
        "6": 82881303.224999994, 
        "7": 71325802.605000004, 
        "8": 64450453.482000001, 
        "9": 51785158.781999998
    }, 
    "averaged_NPV": 62864624.350299999
}