{
    "std": 12822351.189930143, 
    "raw_results": {
        "0": 38505000.109999999, 
        "1": 52871471.006999999, 
        "2": 57579990.648999996, 
        "3": 80276018.484999999, 
        "4": 56978302.131999999, 
        "5": 65963192.744000003, 
        "6": 82617427.263999999, 
        "7": 71421504.150000006, 
        "8": 61688962.086000003, 
        "9": 51981530.755999997
    }, 
    "averaged_NPV": 61988339.938299999
}