{
    "std": 12612697.223533267, 
    "raw_results": {
        "0": 38550748.421999998, 
        "1": 52888139.387999997, 
        "2": 60221555.446999997, 
        "3": 79940054.207000002, 
        "4": 59190761.045999996, 
        "5": 65852370.903999999, 
        "6": 82517193.938999996, 
        "7": 71044893.291999996, 
        "8": 64950843.574000001, 
        "9": 51823267.057999998
    }, 
    "averaged_NPV": 62697982.727699995
}