{
    "std": 12650395.112536434, 
    "raw_results": {
        "0": 42573602.898000002, 
        "1": 57378811.222000003, 
        "2": 62485100.556000002, 
        "3": 85486076.829999998, 
        "4": 61701847.541000001, 
        "5": 68033186.399000004, 
        "6": 84802322.828999996, 
        "7": 77106530.207000002, 
        "8": 66955866.222999997, 
        "9": 56737099.248999998
    }, 
    "averaged_NPV": 66326044.395400003
}