{
    "std": 12858374.959790923, 
    "raw_results": {
        "0": 38918957.533, 
        "1": 53276740.016999997, 
        "2": 58169306.519000001, 
        "3": 80488357.028999999, 
        "4": 57418349.579000004, 
        "5": 66260604.877999999, 
        "6": 83082346.790000007, 
        "7": 71944265.084999993, 
        "8": 65660581.993000001, 
        "9": 52123332.295000002
    }, 
    "averaged_NPV": 62734284.171799995
}