{
    "std": 12556951.483900011, 
    "raw_results": {
        "0": 39118682.237999998, 
        "1": 54984447.453000002, 
        "2": 61218468.428999998, 
        "3": 80629437.868000001, 
        "4": 59725190.185999997, 
        "5": 66515934.370999999, 
        "6": 83335063.737000003, 
        "7": 71944871.656000003, 
        "8": 65493295.438000001, 
        "9": 52584399.831
    }, 
    "averaged_NPV": 63554979.120700002
}