{
    "std": 12521999.093450798, 
    "raw_results": {
        "0": 41412275.134000003, 
        "1": 58432412.022, 
        "2": 63872864.364, 
        "3": 83411601.944999993, 
        "4": 62775935.248999998, 
        "5": 68898506.608999997, 
        "6": 85886980.606000006, 
        "7": 74368956.647, 
        "8": 65130046.645000003, 
        "9": 55349720.126999997
    }, 
    "averaged_NPV": 65953929.934799992
}