{
    "std": 12687024.195385465, 
    "raw_results": {
        "0": 34692667.574000001, 
        "1": 48863841.843000002, 
        "2": 53539256.799000002, 
        "3": 76050420.109999999, 
        "4": 53012783.765000001, 
        "5": 62638339.039999999, 
        "6": 78397316.813999996, 
        "7": 67578974.344999999, 
        "8": 57698705.766000003, 
        "9": 48884717.332999997
    }, 
    "averaged_NPV": 58135702.338899992
}