{
    "std": 12775786.604124136, 
    "raw_results": {
        "0": 38569188.020999998, 
        "1": 52997313.456, 
        "2": 57708612.678999998, 
        "3": 80099761.685000002, 
        "4": 57087223.289999999, 
        "5": 65823414.875, 
        "6": 82709174.155000001, 
        "7": 71490965.042999998, 
        "8": 61819573.960000001, 
        "9": 52079385.526000001
    }, 
    "averaged_NPV": 62038461.269000009
}