{
    "std": 12546204.852882599, 
    "raw_results": {
        "0": 37411429.098999999, 
        "1": 50863596.846000001, 
        "2": 55667532.516000003, 
        "3": 77977768.886999995, 
        "4": 54994655.640000001, 
        "5": 63890700.015000001, 
        "6": 80313701.261000007, 
        "7": 69402062.993000001, 
        "8": 59671048.998999998, 
        "9": 50148509.299999997
    }, 
    "averaged_NPV": 60034100.555599988
}