{
    "std": 12595741.394876214, 
    "raw_results": {
        "0": 40317364.851000004, 
        "1": 56802723.057999998, 
        "2": 62573182.056999996, 
        "3": 82217971.814999998, 
        "4": 61019201.544, 
        "5": 67590054.298999995, 
        "6": 84806699.151999995, 
        "7": 73013809.085999995, 
        "8": 67344603.943000004, 
        "9": 53900923.019000001
    }, 
    "averaged_NPV": 64958653.282400012
}