{
    "std": 12540265.737146733, 
    "raw_results": {
        "0": 42015832.079999998, 
        "1": 57056836.140000001, 
        "2": 62336289.197999999, 
        "3": 85735509.378999993, 
        "4": 61128644.941, 
        "5": 67751887.718999997, 
        "6": 84566464.346000001, 
        "7": 72791210.535999998, 
        "8": 66566390.263999999, 
        "9": 56097586.195
    }, 
    "averaged_NPV": 65604665.079799995
}