{
    "std": 12129257.736912459, 
    "raw_results": {
        "0": 22485111.397999998, 
        "1": 37013854.739, 
        "2": 40356616.210000001, 
        "3": 62344711.221000001, 
        "4": 40100101.027000003, 
        "5": 49828270.748000003, 
        "6": 63664476.456, 
        "7": 54383539.895999998, 
        "8": 44152150.767999999, 
        "9": 35322770.736000001
    }, 
    "averaged_NPV": 44965160.319900006
}