{
    "std": 12636087.104055801, 
    "raw_results": {
        "0": 38356880.465000004, 
        "1": 52273233.318999998, 
        "2": 56774784.843000002, 
        "3": 79331943.871000007, 
        "4": 56077013.082999997, 
        "5": 65011494.776000001, 
        "6": 81625985.866999999, 
        "7": 70264216.223000005, 
        "8": 64223690.803999998, 
        "9": 51270453.714000002
    }, 
    "averaged_NPV": 61520969.696500003
}