{
    "std": 12649802.308250539, 
    "raw_results": {
        "0": 35035509.112999998, 
        "1": 50296930.417000003, 
        "2": 54588138.545000002, 
        "3": 76750614.885000005, 
        "4": 54187730.244999997, 
        "5": 63270152.902000003, 
        "6": 78935899.386999995, 
        "7": 68286203.444999993, 
        "8": 58913017.910999998, 
        "9": 49485864.901000001
    }, 
    "averaged_NPV": 58975006.175099991
}