{
    "std": 12573822.597603194, 
    "raw_results": {
        "0": 38148001.322999999, 
        "1": 51752184.568999998, 
        "2": 56413385.57, 
        "3": 78758394.368000001, 
        "4": 55450151.457999997, 
        "5": 64483815.601000004, 
        "6": 81176914.424999997, 
        "7": 69825830.893999994, 
        "8": 63813230.203000002, 
        "9": 50946126.229000002
    }, 
    "averaged_NPV": 61076803.464000002
}