{
    "std": 12680297.510657661, 
    "raw_results": {
        "0": 40451182.578000002, 
        "1": 56440620.280000001, 
        "2": 62772750.577, 
        "3": 82264009.149000004, 
        "4": 61364802.204000004, 
        "5": 67924531.871999994, 
        "6": 85141340.397, 
        "7": 73429006.214000002, 
        "8": 67592976.208000004, 
        "9": 53867680.353
    }, 
    "averaged_NPV": 65124889.983199999
}