{
    "std": 12924861.99924735, 
    "raw_results": {
        "0": 35012338.745999999, 
        "1": 49954394.653999999, 
        "2": 54340272.714000002, 
        "3": 76758674.431999996, 
        "4": 53570431.669, 
        "5": 63480360.638999999, 
        "6": 79883652.922000006, 
        "7": 68912269.516000003, 
        "8": 59005641.335000001, 
        "9": 49393651.806000002
    }, 
    "averaged_NPV": 59031168.843300007
}