{
    "std": 12788600.618478972, 
    "raw_results": {
        "0": 40865961.942000002, 
        "1": 56790457.446000002, 
        "2": 62972908.670000002, 
        "3": 83096042.412, 
        "4": 61561498.25, 
        "5": 68391870.821999997, 
        "6": 85805711.187999994, 
        "7": 73856015.923999995, 
        "8": 67674611.459999993, 
        "9": 54273070.669
    }, 
    "averaged_NPV": 65528814.878300011
}