{
    "std": 12485299.586668769, 
    "raw_results": {
        "0": 38882762.053000003, 
        "1": 55174504.299999997, 
        "2": 60840215.581, 
        "3": 80234961.340000004, 
        "4": 59656206.311999999, 
        "5": 66167677.055, 
        "6": 82942947.667999998, 
        "7": 71576604.441, 
        "8": 65619789.122000001, 
        "9": 52230255.822999999
    }, 
    "averaged_NPV": 63332592.369499996
}