{
    "std": 12567111.889558582, 
    "raw_results": {
        "0": 39549570.023999996, 
        "1": 56429224.541000001, 
        "2": 61785315.509999998, 
        "3": 81427762.628999993, 
        "4": 60832094.346000001, 
        "5": 67161523.349000007, 
        "6": 83993213.134000003, 
        "7": 72467889.203999996, 
        "8": 66600952.872000001, 
        "9": 53116380.354999997
    }, 
    "averaged_NPV": 64336392.596400008
}