{
    "std": 12561471.822664868, 
    "raw_results": {
        "0": 40630914.008000001, 
        "1": 57390479.566, 
        "2": 62940371.408, 
        "3": 82450454.831, 
        "4": 61974030.590000004, 
        "5": 68041541.832000002, 
        "6": 85141340.397, 
        "7": 73786426.754999995, 
        "8": 64310305.310000002, 
        "9": 54243015.372000001
    }, 
    "averaged_NPV": 65090888.006899998
}