{
    "std": 12671535.588725589, 
    "raw_results": {
        "0": 37736151.647, 
        "1": 51301855.979999997, 
        "2": 55937703.519000001, 
        "3": 78634628.312999994, 
        "4": 55232054.306999996, 
        "5": 64349966.641000003, 
        "6": 81014812.753000006, 
        "7": 69421306.993000001, 
        "8": 63209022.858000003, 
        "9": 50335703.402000003
    }, 
    "averaged_NPV": 60717320.6413
}