{
    "std": 12821873.478915818, 
    "raw_results": {
        "0": 35242213.306000002, 
        "1": 50457567.288000003, 
        "2": 57591640.975000001, 
        "3": 77636729.629999995, 
        "4": 56661723.637000002, 
        "5": 63923371.380000003, 
        "6": 80106933.944999993, 
        "7": 69075147.975999996, 
        "8": 62005282.037, 
        "9": 49679853.917000003
    }, 
    "averaged_NPV": 60238046.409100011
}