{
    "std": 12815960.349377317, 
    "raw_results": {
        "0": 35801149.469999999, 
        "1": 50953424.011, 
        "2": 55641608.902000003, 
        "3": 77742702.450000003, 
        "4": 54746101.288000003, 
        "5": 64045288.244000003, 
        "6": 80311932.419, 
        "7": 69046194.053000003, 
        "8": 63043708.064999998, 
        "9": 50310112.197999999
    }, 
    "averaged_NPV": 60164222.109999992
}