{
    "std": 12832019.325994911, 
    "raw_results": {
        "0": 39016174.123999998, 
        "1": 53250329.134999998, 
        "2": 58126866.487999998, 
        "3": 80446651.711999997, 
        "4": 57377038.311999999, 
        "5": 66207235.228, 
        "6": 83059723.230000004, 
        "7": 71894989.606999993, 
        "8": 65607461.022, 
        "9": 52099210.609999999
    }, 
    "averaged_NPV": 62708567.946799994
}