{
    "std": 12614015.603248194, 
    "raw_results": {
        "0": 38931382.956, 
        "1": 53186794.636, 
        "2": 60656752.995999999, 
        "3": 80478946.294, 
        "4": 59579614.226000004, 
        "5": 66207711.127999999, 
        "6": 82730982.018000007, 
        "7": 71326880.934, 
        "8": 65562890.453000002, 
        "9": 52165095.877999999
    }, 
    "averaged_NPV": 63082705.151900008
}