{
    "std": 12948692.863960337, 
    "raw_results": {
        "0": 39701082.979000002, 
        "1": 54572161.972999997, 
        "2": 59419734.732000001, 
        "3": 81698365.128999993, 
        "4": 58481990.210000001, 
        "5": 67870827.702000007, 
        "6": 84340243.597000003, 
        "7": 73576883.569000006, 
        "8": 63890535.287, 
        "9": 53359411.280000001
    }, 
    "averaged_NPV": 63691123.645799994
}