{
    "std": 12904876.661261873, 
    "raw_results": {
        "0": 40410428.876999997, 
        "1": 54895906.546999998, 
        "2": 59974388.509999998, 
        "3": 82522283.914000005, 
        "4": 59014127.138999999, 
        "5": 68399011.253000006, 
        "6": 84806757.441, 
        "7": 73608451.965000004, 
        "8": 64294133.987999998, 
        "9": 54120533.541000001
    }, 
    "averaged_NPV": 64204602.31750001
}