{
    "std": 12597762.130820628, 
    "raw_results": {
        "0": 40959799.278999999, 
        "1": 57840638.522, 
        "2": 63211210.329999998, 
        "3": 83149659.472000003, 
        "4": 62181959.685000002, 
        "5": 68414655.747999996, 
        "6": 85475162.929000005, 
        "7": 73964599.802000001, 
        "8": 64626198.659999996, 
        "9": 54613922.490000002
    }, 
    "averaged_NPV": 65443780.691700004
}