{
    "std": 12654453.304270547, 
    "raw_results": {
        "0": 37103892.248000003, 
        "1": 50936294.299999997, 
        "2": 55113909.43, 
        "3": 77914423.451000005, 
        "4": 54634151.031999998, 
        "5": 64252569.945, 
        "6": 80164740.576000005, 
        "7": 69621578.163000003, 
        "8": 59608667.534000002, 
        "9": 49800999.563000001
    }, 
    "averaged_NPV": 59915122.624200001
}