{
    "std": 12732370.880331196, 
    "raw_results": {
        "0": 38607478.865000002, 
        "1": 52997313.456, 
        "2": 57708612.678999998, 
        "3": 80003022.052000001, 
        "4": 57087223.289999999, 
        "5": 65823414.875, 
        "6": 82590102.746999994, 
        "7": 71444293.784999996, 
        "8": 61819573.960000001, 
        "9": 52079385.526000001
    }, 
    "averaged_NPV": 62016042.123500004
}