{
    "std": 12674263.724338796, 
    "raw_results": {
        "0": 40290329.406999998, 
        "1": 56478546.533, 
        "2": 62810924.763999999, 
        "3": 82162199.593999997, 
        "4": 61404451.511, 
        "5": 67957515.912, 
        "6": 85040607.112000003, 
        "7": 73412622.566, 
        "8": 67614649.980000004, 
        "9": 53906741.061999999
    }, 
    "averaged_NPV": 65107858.844099998
}