{
    "std": 12340116.354011757, 
    "raw_results": {
        "0": 24509226.912, 
        "1": 37673130.184, 
        "2": 40996464.340000004, 
        "3": 65270460.946999997, 
        "4": 40595504.660999998, 
        "5": 50332889.923, 
        "6": 64241556.244000003, 
        "7": 54721291.339000002, 
        "8": 44740500.401000001, 
        "9": 34272910.943000004
    }, 
    "averaged_NPV": 45735393.589400008
}