{
    "std": 12549280.516095063, 
    "raw_results": {
        "0": 41944998.968999997, 
        "1": 56997051.939999998, 
        "2": 62271640.520000003, 
        "3": 85687742.341000006, 
        "4": 61119562.115000002, 
        "5": 67772061.160999998, 
        "6": 84521531.113999993, 
        "7": 72788746.783999994, 
        "8": 66450790.333999999, 
        "9": 56035605.037
    }, 
    "averaged_NPV": 65558973.031500004
}