{
    "std": 12665517.422441391, 
    "raw_results": {
        "0": 41379809.18, 
        "1": 58161316.626000002, 
        "2": 63939488.222000003, 
        "3": 83623008.322999999, 
        "4": 62802189.397, 
        "5": 68999083.903999999, 
        "6": 86275824.975999996, 
        "7": 74344735.618000001, 
        "8": 68768719.033000007, 
        "9": 55258916.050999999
    }, 
    "averaged_NPV": 66355309.133000001
}