{
    "std": 12638473.816525491, 
    "raw_results": {
        "0": 39982534.681000002, 
        "1": 56716724.273999996, 
        "2": 62334771.997000001, 
        "3": 81890001.131999999, 
        "4": 60958313.450000003, 
        "5": 67568159.607999995, 
        "6": 84695309.420000002, 
        "7": 73001782.148000002, 
        "8": 67170569.530000001, 
        "9": 53540010.391000003
    }, 
    "averaged_NPV": 64785817.663100004
}