{
    "std": 12544655.615844306, 
    "raw_results": {
        "0": 40651068.718999997, 
        "1": 57474648.079999998, 
        "2": 62850510.82, 
        "3": 82617286.635000005, 
        "4": 61852563.729000002, 
        "5": 68093853.096000001, 
        "6": 85004738.297999993, 
        "7": 73703140.778999999, 
        "8": 64287398.899999999, 
        "9": 54353309.090999998
    }, 
    "averaged_NPV": 65088851.814699993
}