{
    "std": 12864360.607652497, 
    "raw_results": {
        "0": 38496258.575000003, 
        "1": 52847372.225000001, 
        "2": 57537416.333999999, 
        "3": 80393817.795000002, 
        "4": 56942235.827, 
        "5": 65906567.736000001, 
        "6": 82731278.930999994, 
        "7": 71426036.780000001, 
        "8": 61634776.730999999, 
        "9": 51956893.684
    }, 
    "averaged_NPV": 61987265.461800002
}