{
    "std": 12423140.635990972, 
    "raw_results": {
        "0": 39583211.638999999, 
        "1": 55250936.152999997, 
        "2": 60959306.066, 
        "3": 81224816.413000003, 
        "4": 60040060.702, 
        "5": 66937111.884999998, 
        "6": 83872070.554000005, 
        "7": 72365791.247999996, 
        "8": 65593446.656999998, 
        "9": 55449626.586000003
    }, 
    "averaged_NPV": 64127637.790299989
}