{
    "std": 12738240.808317415, 
    "raw_results": {
        "0": 38315311.671999998, 
        "1": 52443927.424000002, 
        "2": 57167840.969999999, 
        "3": 79550764.459999993, 
        "4": 56450598.197999999, 
        "5": 65470329.524999999, 
        "6": 82035335.761000007, 
        "7": 70739291.899000004, 
        "8": 64613646.333999999, 
        "9": 51425256.490999997
    }, 
    "averaged_NPV": 61821230.273399994
}