{
    "std": 12486217.352828478, 
    "raw_results": {
        "0": 36834534.855999999, 
        "1": 50511124.138999999, 
        "2": 55354476.833999999, 
        "3": 77220359.626000002, 
        "4": 54349210.340999998, 
        "5": 63722712.431000002, 
        "6": 79684811.317000002, 
        "7": 68709485.732999995, 
        "8": 59457933.57, 
        "9": 49663465.575999998
    }, 
    "averaged_NPV": 59550811.442299999
}