{
    "std": 12535399.348319983, 
    "raw_results": {
        "0": 41003673.497000001, 
        "1": 57841313.82, 
        "2": 63531774.505000003, 
        "3": 82792540.203999996, 
        "4": 62400107.924999997, 
        "5": 68444178.539000005, 
        "6": 85415206.015000001, 
        "7": 74165540.686000004, 
        "8": 68265581.966000006, 
        "9": 54847646.329999998
    }, 
    "averaged_NPV": 65870756.348700002
}