{
    "std": 12836427.532216115, 
    "raw_results": {
        "0": 35425592.148000002, 
        "1": 50463294.328000002, 
        "2": 55210192.688000001, 
        "3": 77585392.998999998, 
        "4": 54667941.206, 
        "5": 63475776.579000004, 
        "6": 79890223.498999998, 
        "7": 68959299.006999999, 
        "8": 59487024.041000001, 
        "9": 49670296.149999999
    }, 
    "averaged_NPV": 59483503.2645
}