{
    "std": 12590757.416173851, 
    "raw_results": {
        "0": 39274329.406999998, 
        "1": 55597670.340000004, 
        "2": 61110757.255999997, 
        "3": 80947731.429000005, 
        "4": 59846203.427000001, 
        "5": 66591197.696999997, 
        "6": 83573066.231000006, 
        "7": 71966100.538000003, 
        "8": 65976139.971000001, 
        "9": 52422909.016000003
    }, 
    "averaged_NPV": 63730610.531200007
}