{
    "std": 12623360.842348089, 
    "raw_results": {
        "0": 42553911.126000002, 
        "1": 57420282.906999998, 
        "2": 62698064.913999997, 
        "3": 85340472.180000007, 
        "4": 61498968.439999998, 
        "5": 67818615.461999997, 
        "6": 84721097.231999993, 
        "7": 77080060.077999994, 
        "8": 66942384.392999999, 
        "9": 56607340.394000001
    }, 
    "averaged_NPV": 66268119.712600008
}