{
    "std": 12645979.202734197, 
    "raw_results": {
        "0": 38510718.604999997, 
        "1": 52861703.517999999, 
        "2": 60180092.097999997, 
        "3": 79982411.986000001, 
        "4": 59150562.245999999, 
        "5": 65816422.662, 
        "6": 82617427.263999999, 
        "7": 71031246.406000003, 
        "8": 64940250.853, 
        "9": 51799491.164999999
    }, 
    "averaged_NPV": 62689032.680299997
}