{
    "std": 12527315.204595178, 
    "raw_results": {
        "0": 40621842.394000001, 
        "1": 57516118.115999997, 
        "2": 62879906.045999996, 
        "3": 82548422.035999998, 
        "4": 61882955.377999999, 
        "5": 68082048.770999998, 
        "6": 84891778.321999997, 
        "7": 73689100.276999995, 
        "8": 64278584.847000003, 
        "9": 54243015.372000001
    }, 
    "averaged_NPV": 65063377.155900002
}