{
    "std": 12548946.907589186, 
    "raw_results": {
        "0": 38769532.563000001, 
        "1": 52802244.774999999, 
        "2": 60419207.409000002, 
        "3": 79823531.465000004, 
        "4": 59252448.203000002, 
        "5": 65764792.425999999, 
        "6": 82523067.672000006, 
        "7": 71145662.412, 
        "8": 65112154.590999998, 
        "9": 52005680.902999997
    }, 
    "averaged_NPV": 62761832.241900004
}