{
    "std": 12568503.059649205, 
    "raw_results": {
        "0": 38144655.781999998, 
        "1": 51893766.475000001, 
        "2": 56495086.376000002, 
        "3": 78845686.320999995, 
        "4": 55665981.244000003, 
        "5": 64617250.064000003, 
        "6": 81176914.424999997, 
        "7": 70195314.546000004, 
        "8": 60624933.728, 
        "9": 50875993.181000002
    }, 
    "averaged_NPV": 60853558.214200005
}