{
    "std": 12588969.626965858, 
    "raw_results": {
        "0": 37799814.383000001, 
        "1": 51266945.017999999, 
        "2": 55958324.045000002, 
        "3": 78320941.099999994, 
        "4": 54996725.961000003, 
        "5": 64157332.186999999, 
        "6": 80730986.589000002, 
        "7": 69488767.640000001, 
        "8": 63381898.818000004, 
        "9": 50292297.259000003
    }, 
    "averaged_NPV": 60639403.299999997
}