{
    "std": 12567313.919914557, 
    "raw_results": {
        "0": 41025325.571999997, 
        "1": 57768988.581, 
        "2": 63443076.324000001, 
        "3": 83033120.751000002, 
        "4": 62244920.204999998, 
        "5": 68348001.606999993, 
        "6": 85468102.636000007, 
        "7": 73990991.393999994, 
        "8": 68247920.961999997, 
        "9": 54867207.788999997
    }, 
    "averaged_NPV": 65843765.582099997
}