{
    "std": 12570892.498328906, 
    "raw_results": {
        "0": 41001290.281000003, 
        "1": 57800279.475000001, 
        "2": 63507574.997000001, 
        "3": 82862661.849999994, 
        "4": 62366036.299000002, 
        "5": 68416524.002000004, 
        "6": 85538274.450000003, 
        "7": 74169100.535999998, 
        "8": 68232611.731999993, 
        "9": 54810701.031999998
    }, 
    "averaged_NPV": 65870505.465399995
}