{
    "std": 12544094.829030141, 
    "raw_results": {
        "0": 40660137.126000002, 
        "1": 57474648.079999998, 
        "2": 62850510.82, 
        "3": 82617286.635000005, 
        "4": 61852563.729000002, 
        "5": 68093853.096000001, 
        "6": 85012330.653999999, 
        "7": 73703140.778999999, 
        "8": 64287398.899999999, 
        "9": 54353309.090999998
    }, 
    "averaged_NPV": 65090517.890999995
}