{
    "std": 12863109.525761556, 
    "raw_results": {
        "0": 40291597.397, 
        "1": 54508802.707999997, 
        "2": 59625879.596000001, 
        "3": 81870630.011999995, 
        "4": 58518698.954000004, 
        "5": 68048774.133000001, 
        "6": 84506399.134000003, 
        "7": 73590770.072999999, 
        "8": 64091496.088, 
        "9": 53746435.566
    }, 
    "averaged_NPV": 63879948.366099998
}