{
    "std": 12478581.419875201, 
    "raw_results": {
        "0": 38795335.034000002, 
        "1": 54663846.103, 
        "2": 60319788.538999997, 
        "3": 80082505.590000004, 
        "4": 58803869.101999998, 
        "5": 65766442.743000001, 
        "6": 82620387.604000002, 
        "7": 71078255.069999993, 
        "8": 64751962.527999997, 
        "9": 51846035.406999998
    }, 
    "averaged_NPV": 62872842.771999992
}