{
    "std": 12525364.77852782, 
    "raw_results": {
        "0": 42202572.428999998, 
        "1": 59234683.049999997, 
        "2": 64728767.995999999, 
        "3": 84309074.063999996, 
        "4": 63652646.987000003, 
        "5": 69661937.975999996, 
        "6": 86728918.841999993, 
        "7": 75224151.348000005, 
        "8": 66419517.189999998, 
        "9": 56341584.454000004
    }, 
    "averaged_NPV": 66850385.433599994
}