{
    "std": 12249605.191490054, 
    "raw_results": {
        "0": 24399582.795000002, 
        "1": 37646344.289999999, 
        "2": 40948666.508000001, 
        "3": 65598983.009999998, 
        "4": 40761734.505000003, 
        "5": 50184573.071000002, 
        "6": 64128782.226999998, 
        "7": 54774294.322999999, 
        "8": 44987337.027999997, 
        "9": 35852811.964000002
    }, 
    "averaged_NPV": 45928310.972100005
}