{
    "std": 12511987.671034832, 
    "raw_results": {
        "0": 42144618.505999997, 
        "1": 57088374.262000002, 
        "2": 62429339.317000002, 
        "3": 85763555.157000005, 
        "4": 61207439.152999997, 
        "5": 67850949.025999993, 
        "6": 84574832.084999993, 
        "7": 72884692.402999997, 
        "8": 66673662.560999997, 
        "9": 56234050.338
    }, 
    "averaged_NPV": 65685151.280800007
}