{
    "std": 13022555.657522233, 
    "raw_results": {
        "0": 36304583.07, 
        "1": 51906667.745999999, 
        "2": 56464476.997000001, 
        "3": 79187972.718999997, 
        "4": 55785380.990999997, 
        "5": 64707366.384000003, 
        "6": 81498977.731999993, 
        "7": 70312374.061000004, 
        "8": 60554061.461000003, 
        "9": 50777215.942000002
    }, 
    "averaged_NPV": 60749907.710300006
}