{
    "std": 12739331.150817148, 
    "raw_results": {
        "0": 39114523.044, 
        "1": 53517460.730999999, 
        "2": 58454797.460000001, 
        "3": 81018459.599999994, 
        "4": 60182730.031999998, 
        "5": 66456960.090000004, 
        "6": 83297902.143000007, 
        "7": 72028950.383000001, 
        "8": 62522415.630999997, 
        "9": 52824608.07
    }, 
    "averaged_NPV": 62941880.718400016
}