{
    "std": 12851688.922483983, 
    "raw_results": {
        "0": 41108986.553999998, 
        "1": 55285927.056999996, 
        "2": 60619610.964000002, 
        "3": 82873584.503999993, 
        "4": 59773602.659000002, 
        "5": 68500623.018000007, 
        "6": 85532908.454999998, 
        "7": 74189380.637999997, 
        "8": 64802794.119999997, 
        "9": 54860459.711000003
    }, 
    "averaged_NPV": 64754787.767999992
}