{
    "std": 12781891.498262202, 
    "raw_results": {
        "0": 40713932.903999999, 
        "1": 55040380.780000001, 
        "2": 60250639.604999997, 
        "3": 82539171.894999996, 
        "4": 59532858.476000004, 
        "5": 68252610.128999993, 
        "6": 84878838.341999993, 
        "7": 73658420.077000007, 
        "8": 64420528.747000001, 
        "9": 54640093.310999997
    }, 
    "averaged_NPV": 64392747.426600002
}