{
    "std": 12949422.762142679, 
    "raw_results": {
        "0": 36365524.681000002, 
        "1": 51883819.483999997, 
        "2": 56706106.994000003, 
        "3": 79066462.991999999, 
        "4": 55978811.237000003, 
        "5": 65344044.118000001, 
        "6": 81176955.910999998, 
        "7": 70397686.126000002, 
        "8": 60930318.088, 
        "9": 50864411.582999997
    }, 
    "averaged_NPV": 60871414.121399984
}