{
    "std": 12671554.198443837, 
    "raw_results": {
        "0": 38340955.541000001, 
        "1": 53680623.022, 
        "2": 58897589.730999999, 
        "3": 79696887.555999994, 
        "4": 58225449.821000002, 
        "5": 65557320.630000003, 
        "6": 82496745.022, 
        "7": 70980712.591999993, 
        "8": 63434009.971000001, 
        "9": 50835405.730999999
    }, 
    "averaged_NPV": 62214569.9617
}