{
    "std": 12636840.511877224, 
    "raw_results": {
        "0": 39936991.163000003, 
        "1": 56754514.443000004, 
        "2": 62326260.049999997, 
        "3": 81875883.947999999, 
        "4": 60953522.509000003, 
        "5": 67542828.944999993, 
        "6": 84698472.258000001, 
        "7": 72967912.378999993, 
        "8": 67136089.561000004, 
        "9": 53581335.008000001
    }, 
    "averaged_NPV": 64777381.026400007
}