{
    "std": 13006910.41806595, 
    "raw_results": {
        "0": 36299643.43, 
        "1": 51896623.502999999, 
        "2": 56438300.283, 
        "3": 79129863.171000004, 
        "4": 55762951.890000001, 
        "5": 64669331.641000003, 
        "6": 81451938.593999997, 
        "7": 70267790.310000002, 
        "8": 60515865.068000004, 
        "9": 50762560.997000001
    }, 
    "averaged_NPV": 60719486.888699993
}