{
    "std": 12721798.888955183, 
    "raw_results": {
        "0": 39157184.787, 
        "1": 53477146.431000002, 
        "2": 58548468.752999999, 
        "3": 80986698.075000003, 
        "4": 60258396.055, 
        "5": 66454767.508000001, 
        "6": 83275705.969999999, 
        "7": 72081297.726999998, 
        "8": 62590630.191, 
        "9": 52863164.420000002
    }, 
    "averaged_NPV": 62969345.991699994
}