{
    "std": 11930070.902520198, 
    "raw_results": {
        "0": 22017791.412999999, 
        "1": 36512278.641000003, 
        "2": 40095489.300999999, 
        "3": 60811894.890000001, 
        "4": 39305849.575999998, 
        "5": 49125505.559, 
        "6": 62113438.607000001, 
        "7": 53391226.369000003, 
        "8": 43012635.520999998, 
        "9": 33020010.352000002
    }, 
    "averaged_NPV": 43940612.0229
}