{
    "std": 12449769.624045944, 
    "raw_results": {
        "0": 37246562.957999997, 
        "1": 52902122.998999998, 
        "2": 57998906.273999996, 
        "3": 78265974.753000006, 
        "4": 56862936.380999997, 
        "5": 64202311.868000001, 
        "6": 80716399.064999998, 
        "7": 69525338.936000004, 
        "8": 62325184.218999997, 
        "9": 49931944.623999998
    }, 
    "averaged_NPV": 60997768.207699992
}