{
    "std": 12504810.135620743, 
    "raw_results": {
        "0": 41874696.640000001, 
        "1": 56799648.305, 
        "2": 62028519.737999998, 
        "3": 85492562.009000003, 
        "4": 60811360.814999998, 
        "5": 67606871.480000004, 
        "6": 84195372.310000002, 
        "7": 72539944.836999997, 
        "8": 66245697.403999999, 
        "9": 55894260.604000002
    }, 
    "averaged_NPV": 65348893.414199993
}