{
    "std": 12591286.249702793, 
    "raw_results": {
        "0": 38242872.125, 
        "1": 51999433.082000002, 
        "2": 56859361.598999999, 
        "3": 79285349.328999996, 
        "4": 58286163.153999999, 
        "5": 64928968.497000001, 
        "6": 81669301.062999994, 
        "7": 70318457.753999993, 
        "8": 63827333.174999997, 
        "9": 51271982.467
    }, 
    "averaged_NPV": 61668922.2245
}