{
    "std": 12583596.289021766, 
    "raw_results": {
        "0": 38799450.134999998, 
        "1": 52769548.82, 
        "2": 60379070.552000001, 
        "3": 79961376.400000006, 
        "4": 59240284.294, 
        "5": 65836380.858000003, 
        "6": 82605647.864999995, 
        "7": 71140921.748999998, 
        "8": 65136594.656999998, 
        "9": 51970599.581
    }, 
    "averaged_NPV": 62783987.491099991
}