{
    "std": 12599948.865059298, 
    "raw_results": {
        "0": 37559039.130000003, 
        "1": 51343010.019000001, 
        "2": 55914886.722000003, 
        "3": 78471913.408999994, 
        "4": 55571747.5, 
        "5": 64553892.888999999, 
        "6": 80664674.017000005, 
        "7": 69724129.983999997, 
        "8": 60085634.638999999, 
        "9": 50455752.854999997
    }, 
    "averaged_NPV": 60434468.116400003
}