{
    "std": 12822389.773160644, 
    "raw_results": {
        "0": 40752201.821000002, 
        "1": 54973081.469999999, 
        "2": 60126982.854000002, 
        "3": 82617286.635000005, 
        "4": 59459965.636, 
        "5": 68093853.096000001, 
        "6": 85012330.653999999, 
        "7": 73703140.778999999, 
        "8": 64335917.288999997, 
        "9": 54578275.423
    }, 
    "averaged_NPV": 64365303.565699995
}