{
    "std": 12430872.737897646, 
    "raw_results": {
        "0": 39231517.887999997, 
        "1": 54389654.413000003, 
        "2": 60035192.43, 
        "3": 80570289.516000003, 
        "4": 59372986.078000002, 
        "5": 66246224.732000001, 
        "6": 83331461.567000002, 
        "7": 71771947.072999999, 
        "8": 64371785.045000002, 
        "9": 54387955.294
    }, 
    "averaged_NPV": 63370901.4036
}