{
    "std": 12748829.282529125, 
    "raw_results": {
        "0": 38819376.991999999, 
        "1": 52892509.557999998, 
        "2": 57744869.853, 
        "3": 80372350.163000003, 
        "4": 56995427.961000003, 
        "5": 65853676.479000002, 
        "6": 82709020.422999993, 
        "7": 71380178.136999995, 
        "8": 61808397.449000001, 
        "9": 52372188.306999996
    }, 
    "averaged_NPV": 62094799.532200001
}