{
    "std": 12509379.078790369, 
    "raw_results": {
        "0": 38635598.381999999, 
        "1": 54037653.608000003, 
        "2": 59197423.048, 
        "3": 80114133.731999993, 
        "4": 58506038.366999999, 
        "5": 65913391.927000001, 
        "6": 82901858.009000003, 
        "7": 71342404.208000004, 
        "8": 63883428.855999999, 
        "9": 53578852.009999998
    }, 
    "averaged_NPV": 62811078.214699998
}