{
    "std": 12569390.325386984, 
    "raw_results": {
        "0": 38900649.762000002, 
        "1": 55275397.463, 
        "2": 60626372.332999997, 
        "3": 80522393.916999996, 
        "4": 59461072.149999999, 
        "5": 66072663.027999997, 
        "6": 83214895.192000002, 
        "7": 71492861.453999996, 
        "8": 65407553.373000003, 
        "9": 52082979.821000002
    }, 
    "averaged_NPV": 63305683.849300005
}