{
    "std": 12571968.485813344, 
    "raw_results": {
        "0": 37341812.659999996, 
        "1": 50934329.027000003, 
        "2": 55587017.483000003, 
        "3": 78082670.993000001, 
        "4": 55151202.405000001, 
        "5": 64192864.891999997, 
        "6": 80313701.261000007, 
        "7": 69378398.762999997, 
        "8": 59629988.993000001, 
        "9": 50164438.68
    }, 
    "averaged_NPV": 60077642.515700005
}