{
    "std": 12618482.571812563, 
    "raw_results": {
        "0": 40377185.623999998, 
        "1": 56440567.130999997, 
        "2": 62714448.107000001, 
        "3": 82227275.159999996, 
        "4": 61279718.338, 
        "5": 67855183.083000004, 
        "6": 84776341.450000003, 
        "7": 73263279.133000001, 
        "8": 67486338.430000007, 
        "9": 53902167.722000003
    }, 
    "averaged_NPV": 65032250.417800009
}