{
    "std": 12844487.335485412, 
    "raw_results": {
        "0": 40436163.445, 
        "1": 54865171.762000002, 
        "2": 59856558.006999999, 
        "3": 82175036.730000004, 
        "4": 58954935.601999998, 
        "5": 68321185.466000006, 
        "6": 84717255.990999997, 
        "7": 73574087.675999999, 
        "8": 64180664.550999999, 
        "9": 54064487.127999999
    }, 
    "averaged_NPV": 64114554.635800004
}