{
    "std": 12602917.551935002, 
    "raw_results": {
        "0": 39654605.879000001, 
        "1": 55440235.508000001, 
        "2": 61488687.256999999, 
        "3": 81265924.342999995, 
        "4": 60128924.122000001, 
        "5": 66945509.953000002, 
        "6": 83959315.769999996, 
        "7": 72359736.564999998, 
        "8": 66138917.118000001, 
        "9": 52978838.766999997
    }, 
    "averaged_NPV": 64036069.528199993
}