{
    "std": 12715370.212495774, 
    "raw_results": {
        "0": 42299167.647, 
        "1": 57222019.772, 
        "2": 62561707.082999997, 
        "3": 85384461.019999996, 
        "4": 61263507.758000001, 
        "5": 67647421.207000002, 
        "6": 84793735.862000003, 
        "7": 76932249.562999994, 
        "8": 66739116.670000002, 
        "9": 56398653.869000003
    }, 
    "averaged_NPV": 66124204.045099996
}