{
    "std": 12585386.415455742, 
    "raw_results": {
        "0": 39871892.104999997, 
        "1": 56347194.248000003, 
        "2": 61888943.987000003, 
        "3": 81849319.135000005, 
        "4": 60828004.077, 
        "5": 67262791.135000005, 
        "6": 84246139.861000001, 
        "7": 72561774.634000003, 
        "8": 66661994.369000003, 
        "9": 53436625.678999998
    }, 
    "averaged_NPV": 64495467.923
}