{
    "std": 12942069.110550895, 
    "raw_results": {
        "0": 35698239.476999998, 
        "1": 50865868.211000003, 
        "2": 55690542.908, 
        "3": 78287224.908000007, 
        "4": 55016613.631999999, 
        "5": 64001001.876000002, 
        "6": 80522039.988999993, 
        "7": 69438540.378000006, 
        "8": 59708351.405000001, 
        "9": 50159284.009000003
    }, 
    "averaged_NPV": 59938770.679299995
}