{
    "std": 12565243.505274361, 
    "raw_results": {
        "0": 39983403.237000003, 
        "1": 56476286.651000001, 
        "2": 62054423.935999997, 
        "3": 81875085.114999995, 
        "4": 60935783.107000001, 
        "5": 67271357.775999993, 
        "6": 84303334.116999999, 
        "7": 72556775.072999999, 
        "8": 66969165.232000001, 
        "9": 53452461.013999999
    }, 
    "averaged_NPV": 64587807.525800012
}