{
    "std": 12467071.157355167, 
    "raw_results": {
        "0": 38899222.361000001, 
        "1": 55207692.243000001, 
        "2": 60861239.670999996, 
        "3": 80213409.137999997, 
        "4": 59672187.909000002, 
        "5": 66162564.377999999, 
        "6": 82905269.703999996, 
        "7": 71578012.584999993, 
        "8": 65607786.810999997, 
        "9": 52262577.432999998
    }, 
    "averaged_NPV": 63336996.223299995
}