{
    "std": 12686268.094799807, 
    "raw_results": {
        "0": 39442356.906000003, 
        "1": 53538105.506999999, 
        "2": 61111086.884999998, 
        "3": 80951817.692000002, 
        "4": 60262157.175999999, 
        "5": 66659712.277000003, 
        "6": 83573554.724000007, 
        "7": 71935569.234999999, 
        "8": 65996654.097999997, 
        "9": 52526216.159000002
    }, 
    "averaged_NPV": 63599723.065900013
}