{
    "std": 12644489.359778535, 
    "raw_results": {
        "0": 40377185.623999998, 
        "1": 56492555.792999998, 
        "2": 62775210.895999998, 
        "3": 82129660.777999997, 
        "4": 61381441.148999996, 
        "5": 67910165.471000001, 
        "6": 85025981.180999994, 
        "7": 73340473.408000007, 
        "8": 67558926.093999997, 
        "9": 53902167.722000003
    }, 
    "averaged_NPV": 65089376.811600007
}