{
    "std": 12839393.173590703, 
    "raw_results": {
        "0": 34824623.182999998, 
        "1": 49804860.571999997, 
        "2": 54219664.332999997, 
        "3": 76934935.119000003, 
        "4": 53716654.997000001, 
        "5": 63375535.818000004, 
        "6": 79174058.452000007, 
        "7": 68122082.881999999, 
        "8": 58647361.744999997, 
        "9": 49098889.300999999
    }, 
    "averaged_NPV": 58791866.640200004
}