{
    "std": 12589626.585566103, 
    "raw_results": {
        "0": 37602329.686999999, 
        "1": 51343010.019000001, 
        "2": 55914886.722000003, 
        "3": 78471913.408999994, 
        "4": 55571747.5, 
        "5": 64553892.888999999, 
        "6": 80649311.090000004, 
        "7": 69724129.983999997, 
        "8": 60085634.638999999, 
        "9": 50455752.854999997
    }, 
    "averaged_NPV": 60437260.879399993
}