{
    "std": 12926533.443193436, 
    "raw_results": {
        "0": 40894020.088, 
        "1": 55128387.005000003, 
        "2": 60486290.292000003, 
        "3": 83096042.412, 
        "4": 61782198.027000003, 
        "5": 68391870.821999997, 
        "6": 85805711.187999994, 
        "7": 73856015.923999995, 
        "8": 67674611.459999993, 
        "9": 54772467.511
    }, 
    "averaged_NPV": 65188761.472900011
}