{
    "std": 12850000.977117095, 
    "raw_results": {
        "0": 39047519.489, 
        "1": 53515144.590000004, 
        "2": 58065163.825999998, 
        "3": 80966187.649000004, 
        "4": 57599829.938000001, 
        "5": 66670853.288000003, 
        "6": 83272962.768999994, 
        "7": 71959774.658999994, 
        "8": 62664992.086000003, 
        "9": 52622525.185000002
    }, 
    "averaged_NPV": 62638495.347900011
}