{
    "std": 12917395.020408684, 
    "raw_results": {
        "0": 35738052.557999998, 
        "1": 51316568.704999998, 
        "2": 55782988.917000003, 
        "3": 78320482.562000006, 
        "4": 55015871.631999999, 
        "5": 64646936.218000002, 
        "6": 80395695.782000005, 
        "7": 69503755.640000001, 
        "8": 59740659.979999997, 
        "9": 50083114.137999997
    }, 
    "averaged_NPV": 60054412.613199994
}