{
    "std": 13142163.177802335, 
    "raw_results": {
        "0": 41144037.399999999, 
        "1": 56153264.890000001, 
        "2": 61057407.675999999, 
        "3": 83197133.188999996, 
        "4": 60245025.431000002, 
        "5": 69910512.526999995, 
        "6": 87003734.165999994, 
        "7": 75366168.634000003, 
        "8": 65593119.067000002, 
        "9": 55163663.800999999
    }, 
    "averaged_NPV": 65483406.678100005
}