{
    "std": 12586659.766983166, 
    "raw_results": {
        "0": 38059822.964000002, 
        "1": 53289360.114, 
        "2": 58536978.660999998, 
        "3": 79332270.263999999, 
        "4": 57793631.483000003, 
        "5": 65064396.129000001, 
        "6": 81794070.113999993, 
        "7": 70433228.428000003, 
        "8": 62862907.637000002, 
        "9": 50483420.890000001
    }, 
    "averaged_NPV": 61765008.66839999
}