{
    "std": 12575278.907120984, 
    "raw_results": {
        "0": 38645028.185000002, 
        "1": 52785515.200000003, 
        "2": 60415965.846000001, 
        "3": 79823531.465000004, 
        "4": 59252448.203000002, 
        "5": 65764792.425999999, 
        "6": 82523067.672000006, 
        "7": 71145662.412, 
        "8": 65112154.590999998, 
        "9": 51992687.847000003
    }, 
    "averaged_NPV": 62746085.3847
}