{
    "std": 12969957.476293858, 
    "raw_results": {
        "0": 39723528.677000001, 
        "1": 54291039.585000001, 
        "2": 59253013.048, 
        "3": 81280060.994000003, 
        "4": 58179486.476000004, 
        "5": 67792555.376000002, 
        "6": 84837253.407000005, 
        "7": 73169817.216000006, 
        "8": 63590063.865000002, 
        "9": 53380516.774999999
    }, 
    "averaged_NPV": 63549733.541900001
}