{
    "std": 12799662.856866986, 
    "raw_results": {
        "0": 40638431.438000001, 
        "1": 56829076.910999998, 
        "2": 63002592.975000001, 
        "3": 83030841.675999999, 
        "4": 61591237.181999996, 
        "5": 68387952.963, 
        "6": 85698348.194999993, 
        "7": 73842050.097000003, 
        "8": 67655205.611000001, 
        "9": 54291201.153999999
    }, 
    "averaged_NPV": 65496693.820200004
}