{
    "std": 12910683.865198109, 
    "raw_results": {
        "0": 41108986.553999998, 
        "1": 55285927.056999996, 
        "2": 60608532.026000001, 
        "3": 83107537.694000006, 
        "4": 59762144.647, 
        "5": 68522176.094999999, 
        "6": 85687904.437000006, 
        "7": 74181267.172999993, 
        "8": 64770726.965000004, 
        "9": 54860459.711000003
    }, 
    "averaged_NPV": 64789566.2359
}