{
    "std": 12870990.083261099, 
    "raw_results": {
        "0": 38936653.443999998, 
        "1": 53249149.191, 
        "2": 58003125.419, 
        "3": 80699671.790000007, 
        "4": 57377714.347999997, 
        "5": 66190692.452, 
        "6": 83214895.192000002, 
        "7": 71881804.260000005, 
        "8": 62134855.406999998, 
        "9": 52137338.82
    }, 
    "averaged_NPV": 62382590.032299995
}