{
    "std": 12747309.600339327, 
    "raw_results": {
        "0": 34890256.604999997, 
        "1": 49338309.648999996, 
        "2": 54285356.585000001, 
        "3": 76585285.086999997, 
        "4": 53562562.380000003, 
        "5": 62771596.377999999, 
        "6": 78854064.640000001, 
        "7": 67886865.914000005, 
        "8": 61100833.958999999, 
        "9": 49113847.082999997
    }, 
    "averaged_NPV": 58838897.827999994
}