{
    "std": 12782775.251148205, 
    "raw_results": {
        "0": 38701640.144000001, 
        "1": 52315798.623999998, 
        "2": 57449792.788999997, 
        "3": 79804018.202000007, 
        "4": 56630212.954999998, 
        "5": 66034044.572999999, 
        "6": 82518681.998999998, 
        "7": 71353010.561000004, 
        "8": 62093614.325000003, 
        "9": 51690043.075999998
    }, 
    "averaged_NPV": 61859085.724800006
}