{
    "std": 13162565.650804967, 
    "raw_results": {
        "0": 41124007.042000003, 
        "1": 56116377.660999998, 
        "2": 61075404.862999998, 
        "3": 83214459.663000003, 
        "4": 60246359.772, 
        "5": 69942083.560000002, 
        "6": 87026329.088, 
        "7": 75428033.740999997, 
        "8": 65622019.934, 
        "9": 55126234.467
    }, 
    "averaged_NPV": 65492130.979100004
}