{
    "std": 12647745.531289833, 
    "raw_results": {
        "0": 38438499.045999996, 
        "1": 52031685.582999997, 
        "2": 56951212.765000001, 
        "3": 79357818.283000007, 
        "4": 58461046.368000001, 
        "5": 65057031.024999999, 
        "6": 82103556.843999997, 
        "7": 70430583.740999997, 
        "8": 64272344.682999998, 
        "9": 51211965.298
    }, 
    "averaged_NPV": 61831574.363599993
}