{
    "std": 12589202.502026133, 
    "raw_results": {
        "0": 39984395.872000001, 
        "1": 56332479.351999998, 
        "2": 62349973.425999999, 
        "3": 81797782.237000003, 
        "4": 60915196.188000001, 
        "5": 67412459.648000002, 
        "6": 84411401.657000005, 
        "7": 72788247.177000001, 
        "8": 66971832.118000001, 
        "9": 53502997.603
    }, 
    "averaged_NPV": 64646676.527800009
}