{
    "std": 13164243.950432539, 
    "raw_results": {
        "0": 41130714.149999999, 
        "1": 56116377.660999998, 
        "2": 61075404.862999998, 
        "3": 83221840.975999996, 
        "4": 60246359.772, 
        "5": 69942083.560000002, 
        "6": 87038099.268000007, 
        "7": 75428033.740999997, 
        "8": 65622019.934, 
        "9": 55126234.467
    }, 
    "averaged_NPV": 65494716.839199997
}