{
    "std": 12532865.106320119, 
    "raw_results": {
        "0": 39972494.535999998, 
        "1": 56289698.259999998, 
        "2": 62209304.943999998, 
        "3": 81550857.361000001, 
        "4": 60890990.910999998, 
        "5": 67299726.328999996, 
        "6": 84249595.916999996, 
        "7": 72708165.902999997, 
        "8": 66920109.615999997, 
        "9": 53471345.32
    }, 
    "averaged_NPV": 64556228.909699999
}