{
    "std": 12615899.935372924, 
    "raw_results": {
        "0": 42639202.783, 
        "1": 57196497.663000003, 
        "2": 62711489.484999999, 
        "3": 85340472.180000007, 
        "4": 61512403.071000002, 
        "5": 67818615.461999997, 
        "6": 84721097.231999993, 
        "7": 77080060.077999994, 
        "8": 66942384.392999999, 
        "9": 56692152.391000003
    }, 
    "averaged_NPV": 66265437.473800004
}