{
    "std": 12568317.794339092, 
    "raw_results": {
        "0": 42096751.640000001, 
        "1": 58788185.836999997, 
        "2": 64618445.681000002, 
        "3": 83984941.806999996, 
        "4": 63400668.990999997, 
        "5": 69455902.008000001, 
        "6": 86728918.841999993, 
        "7": 74829916.866999999, 
        "8": 69461470.527999997, 
        "9": 55939919.751999997
    }, 
    "averaged_NPV": 66930512.195299998
}