{
    "std": 12827157.211570669, 
    "raw_results": {
        "0": 40569030.763999999, 
        "1": 55225549.891999997, 
        "2": 60093996.061999999, 
        "3": 82366454.577000007, 
        "4": 59256180.458999999, 
        "5": 68421012.673999995, 
        "6": 84970404.408999994, 
        "7": 73630711.295000002, 
        "8": 64555218.343000002, 
        "9": 54351562.581
    }, 
    "averaged_NPV": 64344012.105599999
}