{
    "std": 12786719.441200968, 
    "raw_results": {
        "0": 35226713.626000002, 
        "1": 49849396.752999999, 
        "2": 54611922.846000001, 
        "3": 77065314.138999999, 
        "4": 53769400.265000001, 
        "5": 63179388.321999997, 
        "6": 79298708.072999999, 
        "7": 68397636.245000005, 
        "8": 61361378.891000003, 
        "9": 49500335.748000003
    }, 
    "averaged_NPV": 59226019.490800001
}