{
    "std": 12731637.176256038, 
    "raw_results": {
        "0": 39444288.145000003, 
        "1": 53758177.335000001, 
        "2": 61553261.829000004, 
        "3": 81299140.912, 
        "4": 60455391.582999997, 
        "5": 66837654.875, 
        "6": 83761984.672999993, 
        "7": 72431533.165999994, 
        "8": 66319663.041000001, 
        "9": 53030965.208999999
    }, 
    "averaged_NPV": 63889206.076800004
}