{
    "std": 12541133.902211582, 
    "raw_results": {
        "0": 39226093.524999999, 
        "1": 56066149.629000001, 
        "2": 61310132.630999997, 
        "3": 81012920.024000004, 
        "4": 60425505.461999997, 
        "5": 66780479.390000001, 
        "6": 83582615.636000007, 
        "7": 71991576.768000007, 
        "8": 66100182.517999999, 
        "9": 52720299.990000002
    }, 
    "averaged_NPV": 63921595.557300009
}