{
    "std": 12717361.348284306, 
    "raw_results": {
        "0": 37966250.347000003, 
        "1": 51988641.800999999, 
        "2": 56540261.972999997, 
        "3": 79266797.971000001, 
        "4": 55996406.467, 
        "5": 65137984.919, 
        "6": 81491249.768999994, 
        "7": 70451525.555000007, 
        "8": 60684660.945, 
        "9": 50973376.270000003
    }, 
    "averaged_NPV": 61049715.601700008
}