{
    "std": 12541448.549087789, 
    "raw_results": {
        "0": 40334005.634999998, 
        "1": 57092392.993000001, 
        "2": 62497345.774999999, 
        "3": 82349881.797999993, 
        "4": 61445647.325999998, 
        "5": 67714702.886999995, 
        "6": 84640750.192000002, 
        "7": 73284956.929000005, 
        "8": 63850600.553999998, 
        "9": 54060285.199000001
    }, 
    "averaged_NPV": 64727056.928800002
}