{
    "std": 12520265.675866319, 
    "raw_results": {
        "0": 38943964.553000003, 
        "1": 54604190.380000003, 
        "2": 60272907.222999997, 
        "3": 80183535.998999998, 
        "4": 59257023.155000001, 
        "5": 66190193.829999998, 
        "6": 82931119.138999999, 
        "7": 71553681.688999996, 
        "8": 64699724.307999998, 
        "9": 52125995.181000002
    }, 
    "averaged_NPV": 63076233.545699991
}