{
    "std": 12649766.982466917, 
    "raw_results": {
        "0": 38340955.541000001, 
        "1": 53566305.142999999, 
        "2": 58736414.137999997, 
        "3": 79877937.032000005, 
        "4": 58079801.103, 
        "5": 65425226.899999999, 
        "6": 82211055.383000001, 
        "7": 70784565.561000004, 
        "8": 63323929.567000002, 
        "9": 50835405.730999999
    }, 
    "averaged_NPV": 62118159.609899998
}