{
    "std": 12555532.137492875, 
    "raw_results": {
        "0": 39156658.166000001, 
        "1": 54984447.453000002, 
        "2": 61221037.805, 
        "3": 80637141.254999995, 
        "4": 59728258.973999999, 
        "5": 66525096.883000001, 
        "6": 83353216.160999998, 
        "7": 71964270.780000001, 
        "8": 65537629.609999999, 
        "9": 52584399.831
    }, 
    "averaged_NPV": 63569215.691799998
}