{
    "std": 12518796.793970114, 
    "raw_results": {
        "0": 38861146.336999997, 
        "1": 52661277.465999998, 
        "2": 60376151.383000001, 
        "3": 79925357.811000004, 
        "4": 59187207.684, 
        "5": 65693531.163000003, 
        "6": 82191574.700000003, 
        "7": 71009422.797000006, 
        "8": 65174974.990999997, 
        "9": 51762420.516000003
    }, 
    "averaged_NPV": 62684306.484800003
}