{
    "std": 12060261.880568439, 
    "raw_results": {
        "0": 22117751.670000002, 
        "1": 36499926.560000002, 
        "2": 39600299.365999997, 
        "3": 60869699.873000003, 
        "4": 39582591.042000003, 
        "5": 49025779.148000002, 
        "6": 62916025.865999997, 
        "7": 53512418.887000002, 
        "8": 43836564.119999997, 
        "9": 32934265.658
    }, 
    "averaged_NPV": 44089532.218999997
}