{
    "std": 12628181.696546847, 
    "raw_results": {
        "0": 40011242.269000001, 
        "1": 56324686.193999998, 
        "2": 62372308.233999997, 
        "3": 81927152.338, 
        "4": 60950763.961000003, 
        "5": 67468794.547999993, 
        "6": 84508944.903999999, 
        "7": 72913696.542999998, 
        "8": 67026759.505999997, 
        "9": 53482145.101000004
    }, 
    "averaged_NPV": 64698649.359799996
}