{
    "std": 12879327.990518648, 
    "raw_results": {
        "0": 41649973.159999996, 
        "1": 55962876.579000004, 
        "2": 61107004.125, 
        "3": 83640538.082000002, 
        "4": 60167851.471000001, 
        "5": 69021018.721000001, 
        "6": 86266602.373999998, 
        "7": 74299714.224999994, 
        "8": 65485344.674999997, 
        "9": 55425982.597000003
    }, 
    "averaged_NPV": 65302690.600899994
}