{
    "std": 12552364.215171671, 
    "raw_results": {
        "0": 39140200.677000001, 
        "1": 55019427.482000001, 
        "2": 61201616.413999997, 
        "3": 80644630.256999999, 
        "4": 59727336.240999997, 
        "5": 66527264.663999997, 
        "6": 83356380.309, 
        "7": 71916934.076000005, 
        "8": 65521688.306000002, 
        "9": 52613439.159999996
    }, 
    "averaged_NPV": 63566891.758599997
}