{
    "std": 12556001.678158659, 
    "raw_results": {
        "0": 39214421.729000002, 
        "1": 55634648.174000002, 
        "2": 61134557.240000002, 
        "3": 80810914.949000001, 
        "4": 59882537.248999998, 
        "5": 66627097.191, 
        "6": 83435664.486000001, 
        "7": 71956736.929000005, 
        "8": 65992314.905000001, 
        "9": 52452349.524999999
    }, 
    "averaged_NPV": 63714124.2377
}