{
    "std": 12789369.004753679, 
    "raw_results": {
        "0": 37734769.601000004, 
        "1": 51492625.108000003, 
        "2": 56149624.636, 
        "3": 78420443.960999995, 
        "4": 55547747.696000002, 
        "5": 64948833.928000003, 
        "6": 81847103.453999996, 
        "7": 70423241.158999994, 
        "8": 60569854.805, 
        "9": 50576960.321000002
    }, 
    "averaged_NPV": 60771120.466899991
}