{
    "std": 12533685.25329663, 
    "raw_results": {
        "0": 41788572.579000004, 
        "1": 56797696.675999999, 
        "2": 61965107.089000002, 
        "3": 85520693.162, 
        "4": 60779234.034999996, 
        "5": 67543990.572999999, 
        "6": 84208962.066, 
        "7": 72464494.203999996, 
        "8": 66170055.664999999, 
        "9": 55773735.618000001
    }, 
    "averaged_NPV": 65301254.166700006
}