{
    "std": 12877322.637705471, 
    "raw_results": {
        "0": 40100026.825000003, 
        "1": 54815873.005000003, 
        "2": 59357747.119000003, 
        "3": 81870630.011999995, 
        "4": 58619439.177000001, 
        "5": 67808477.986000001, 
        "6": 84506399.134000003, 
        "7": 73590770.072999999, 
        "8": 64216186.060000002, 
        "9": 53704890.379000001
    }, 
    "averaged_NPV": 63859043.976999998
}