{
    "std": 12589173.979556536, 
    "raw_results": {
        "0": 37259777.530000001, 
        "1": 51332332.258000001, 
        "2": 55957577.839000002, 
        "3": 78320941.099999994, 
        "4": 57327731.089000002, 
        "5": 64157332.186999999, 
        "6": 80730986.589000002, 
        "7": 69488767.640000001, 
        "8": 62986721.688000001, 
        "9": 50320774.969999999
    }, 
    "averaged_NPV": 60788294.288999997
}