{
    "std": 12964758.001848206, 
    "raw_results": {
        "0": 39136507.794, 
        "1": 53681724.582999997, 
        "2": 58478306.204000004, 
        "3": 81263307.070999995, 
        "4": 57923406.471000001, 
        "5": 67158678.960999995, 
        "6": 83767245.626000002, 
        "7": 72335230.378000006, 
        "8": 63017553.311999999, 
        "9": 52554239.906999998
    }, 
    "averaged_NPV": 62931620.030699991
}