{
    "std": 12656019.627556907, 
    "raw_results": {
        "0": 37245920.199000001, 
        "1": 51316568.704999998, 
        "2": 55798023.652000003, 
        "3": 78373850.876000002, 
        "4": 55031061.758000001, 
        "5": 64673737.008000001, 
        "6": 80442016.498999998, 
        "7": 69542006.128999993, 
        "8": 59765925.295000002, 
        "9": 50083114.137999997
    }, 
    "averaged_NPV": 60227222.425900005
}