{
    "std": 12559660.819932211, 
    "raw_results": {
        "0": 37804444.994999997, 
        "1": 51202048.027000003, 
        "2": 55996398.218999997, 
        "3": 78287595.229000002, 
        "4": 55167220.520999998, 
        "5": 64303083.722000003, 
        "6": 80675703.375, 
        "7": 69451347.834999993, 
        "8": 63407763.934, 
        "9": 50450527.976999998
    }, 
    "averaged_NPV": 60674613.383400001
}