{
    "std": 12543674.891132366, 
    "raw_results": {
        "0": 39626719.376999997, 
        "1": 55440235.508000001, 
        "2": 61488687.256999999, 
        "3": 81062220.013999999, 
        "4": 60128924.122000001, 
        "5": 66903860.825000003, 
        "6": 83728074.415999994, 
        "7": 72368493.495000005, 
        "8": 66138917.118000001, 
        "9": 52978838.766999997
    }, 
    "averaged_NPV": 63986497.089899994
}