{
    "std": 12620391.771532068, 
    "raw_results": {
        "0": 39531481.399999999, 
        "1": 53559287.512999997, 
        "2": 61229282.898000002, 
        "3": 80765261.689999998, 
        "4": 60301352.758000001, 
        "5": 66566362.332000002, 
        "6": 83512311.097000003, 
        "7": 71930528.791999996, 
        "8": 66108169.924000002, 
        "9": 52622780.361000001
    }, 
    "averaged_NPV": 63612681.87650001
}