{
    "std": 12804136.224433057, 
    "raw_results": {
        "0": 38372751.484999999, 
        "1": 52391966.321999997, 
        "2": 57329562.700000003, 
        "3": 79908707.313999996, 
        "4": 56569317.272, 
        "5": 66099889.269000001, 
        "6": 82179052.202000007, 
        "7": 71188408.052000001, 
        "8": 61496327.199000001, 
        "9": 51558190.840999998
    }, 
    "averaged_NPV": 61709417.265600003
}