{
    "std": 12574666.829856766, 
    "raw_results": {
        "0": 38031082.681999996, 
        "1": 53289360.114, 
        "2": 58536978.660999998, 
        "3": 79215350.827000007, 
        "4": 57793631.483000003, 
        "5": 65037613.395999998, 
        "6": 81794070.113999993, 
        "7": 70427022.534999996, 
        "8": 62862907.637000002, 
        "9": 50483420.890000001
    }, 
    "averaged_NPV": 61747143.83389999
}