{
    "std": 12548542.499378696, 
    "raw_results": {
        "0": 42190535.740000002, 
        "1": 59204869.961999997, 
        "2": 64672917.149999999, 
        "3": 84358498.478, 
        "4": 63595301.368000001, 
        "5": 69606562.458000004, 
        "6": 86800802.795000002, 
        "7": 75173819.313999996, 
        "8": 66349271.975000001, 
        "9": 56310670.533
    }, 
    "averaged_NPV": 66826324.977300003
}