{
    "std": 12638469.980658425, 
    "raw_results": {
        "0": 39347718.445, 
        "1": 53597417.126000002, 
        "2": 61272531.743000001, 
        "3": 80724126.653999999, 
        "4": 60341917.612000003, 
        "5": 66619223.545000002, 
        "6": 83469263.621999994, 
        "7": 71936313.436000004, 
        "8": 66157642.167000003, 
        "9": 52651079.583999999
    }, 
    "averaged_NPV": 63611723.393399999
}