{
    "std": 12581985.6378431, 
    "raw_results": {
        "0": 41952485.858000003, 
        "1": 56644488.956, 
        "2": 61949272.666000001, 
        "3": 85687742.341000006, 
        "4": 61242114.862999998, 
        "5": 67754853.903999999, 
        "6": 84521531.113999993, 
        "7": 72788746.783999994, 
        "8": 66412909.233999997, 
        "9": 55959851.616999999
    }, 
    "averaged_NPV": 65491399.7337
}