{
    "std": 12997152.197355241, 
    "raw_results": {
        "0": 35996505.644000001, 
        "1": 51212297.245999999, 
        "2": 55855145.07, 
        "3": 78813964.077999994, 
        "4": 55437298.045999996, 
        "5": 64543343.82, 
        "6": 80854918.746999994, 
        "7": 69827316.642000005, 
        "8": 59898147.346000001, 
        "9": 50380051.475000001
    }, 
    "averaged_NPV": 60281898.811399996
}