{
    "std": 12879182.174011109, 
    "raw_results": {
        "0": 40020088.031000003, 
        "1": 54564790.288000003, 
        "2": 59552017.876000002, 
        "3": 81772132.572999999, 
        "4": 58488288.769000001, 
        "5": 67866428.936000004, 
        "6": 84407284.160999998, 
        "7": 73594358.708000004, 
        "8": 63989635.739, 
        "9": 53723221.556000002
    }, 
    "averaged_NPV": 63797824.663699999
}