{
    "std": 12832573.852469604, 
    "raw_results": {
        "0": 41521481.785999998, 
        "1": 56115778.758000001, 
        "2": 61347189.281999998, 
        "3": 83623008.322999999, 
        "4": 62796539.100000001, 
        "5": 68999083.903999999, 
        "6": 86275824.975999996, 
        "7": 74344735.618000001, 
        "8": 68941342.773000002, 
        "9": 55559428.784000002
    }, 
    "averaged_NPV": 65952441.330400005
}