{
    "std": 12869409.184949579, 
    "raw_results": {
        "0": 35300700.622000001, 
        "1": 50412694.185000002, 
        "2": 54914127.744999997, 
        "3": 77665375.724999994, 
        "4": 56498729.695, 
        "5": 63638802.57, 
        "6": 80028559.892000005, 
        "7": 68908172.354000002, 
        "8": 61820231.674000002, 
        "9": 49649296.127999999
    }, 
    "averaged_NPV": 59883669.059
}