{
    "std": 12592827.537414575, 
    "raw_results": {
        "0": 38110801.671999998, 
        "1": 51765225.141000003, 
        "2": 56441829.283, 
        "3": 78789031.718999997, 
        "4": 55478238.369999997, 
        "5": 64539596.553999998, 
        "6": 81214901.363000005, 
        "7": 69879707.709999993, 
        "8": 63858585.063000001, 
        "9": 50960266.447999999
    }, 
    "averaged_NPV": 61103818.332299992
}