{
    "std": 12877894.280282207, 
    "raw_results": {
        "0": 41257598.740999997, 
        "1": 55800078.725000001, 
        "2": 60759780.831, 
        "3": 83403252.202999994, 
        "4": 60005204.719999999, 
        "5": 68799160.544, 
        "6": 85886980.606000006, 
        "7": 74312073.052000001, 
        "8": 65027934.467, 
        "9": 55455924.766999997
    }, 
    "averaged_NPV": 65070798.865600005
}