{
    "std": 12939489.019502249, 
    "raw_results": {
        "0": 41134098.590000004, 
        "1": 55285927.056999996, 
        "2": 60619610.964000002, 
        "3": 83188885.608999997, 
        "4": 59773602.659000002, 
        "5": 68559316.180999994, 
        "6": 85805711.187999994, 
        "7": 74215895.469999999, 
        "8": 64802794.119999997, 
        "9": 54860459.711000003
    }, 
    "averaged_NPV": 64824630.154899999
}