{
    "std": 12830067.207598442, 
    "raw_results": {
        "0": 41538048.541000001, 
        "1": 56115778.758000001, 
        "2": 61298829.702, 
        "3": 83640538.082000002, 
        "4": 62765335.730999999, 
        "5": 68958637.030000001, 
        "6": 86266602.373999998, 
        "7": 74299714.224999994, 
        "8": 68986926.140000001, 
        "9": 55559428.784000002
    }, 
    "averaged_NPV": 65942983.936700001
}