{
    "std": 12968325.071303776, 
    "raw_results": {
        "0": 39701082.979000002, 
        "1": 54572161.972999997, 
        "2": 59419734.732000001, 
        "3": 81779054.090000004, 
        "4": 58481990.210000001, 
        "5": 67870827.702000007, 
        "6": 84383268.945999995, 
        "7": 73597040.946999997, 
        "8": 63890535.287, 
        "9": 53359411.280000001
    }, 
    "averaged_NPV": 63705510.814599991
}