{
    "std": 12586495.08450366, 
    "raw_results": {
        "0": 41659283.160999998, 
        "1": 56600641.204999998, 
        "2": 61811587.717, 
        "3": 85513241.983999997, 
        "4": 60686326.046999998, 
        "5": 67469339.689999998, 
        "6": 84208962.066, 
        "7": 72446736.483999997, 
        "8": 66007584.160999998, 
        "9": 55611258.009000003
    }, 
    "averaged_NPV": 65201496.052399993
}