{
    "std": 12538039.575077737, 
    "raw_results": {
        "0": 41862263.781000003, 
        "1": 56781012.810999997, 
        "2": 61979979.276000001, 
        "3": 85599955.714000002, 
        "4": 60763253.25, 
        "5": 67534637.034999996, 
        "6": 84271944.113999993, 
        "7": 72486684.237000003, 
        "8": 66182266.931999996, 
        "9": 55861446.004000001
    }, 
    "averaged_NPV": 65332344.315399989
}