{
    "std": 12866026.114535294, 
    "raw_results": {
        "0": 40396195.755000003, 
        "1": 54844138.226000004, 
        "2": 59888323.140000001, 
        "3": 82218789.621999994, 
        "4": 58960729.042000003, 
        "5": 68261639.166999996, 
        "6": 84849193.840000004, 
        "7": 73475381.055000007, 
        "8": 64294620.252999999, 
        "9": 54120533.541000001
    }, 
    "averaged_NPV": 64130954.364099994
}