{
    "std": 13087396.14197313, 
    "raw_results": {
        "0": 36596341.130999997, 
        "1": 52251909.550999999, 
        "2": 56786408.273000002, 
        "3": 79675542.792999998, 
        "4": 56026653.879000001, 
        "5": 65806696.174999997, 
        "6": 81819180.373999998, 
        "7": 70990829.490999997, 
        "8": 61417506.641999997, 
        "9": 51322236.649999999
    }, 
    "averaged_NPV": 61269330.495899998
}