{
    "std": 12479311.212270373, 
    "raw_results": {
        "0": 37567735.702, 
        "1": 53069886.809, 
        "2": 58355268.839000002, 
        "3": 78661560.002000004, 
        "4": 57493567.329000004, 
        "5": 64787673.023000002, 
        "6": 81081731.003999993, 
        "7": 70056325.798999995, 
        "8": 62577134.388999999, 
        "9": 50340707.990000002
    }, 
    "averaged_NPV": 61399159.088600017
}