{
    "std": 12770709.007967697, 
    "raw_results": {
        "0": 38581495.982000001, 
        "1": 53060129.840000004, 
        "2": 57769756.362999998, 
        "3": 79994626.357999995, 
        "4": 57167326.751000002, 
        "5": 65911803.806000002, 
        "6": 82508044.138999999, 
        "7": 71498432.531000003, 
        "8": 65206638.188000001, 
        "9": 51880602.968999997
    }, 
    "averaged_NPV": 62357885.692699991
}