{
    "std": 12874737.069987895, 
    "raw_results": {
        "0": 41394463.682999998, 
        "1": 55681942.700000003, 
        "2": 60782144.810999997, 
        "3": 83403252.202999994, 
        "4": 60128388.159999996, 
        "5": 68799160.544, 
        "6": 85886980.606000006, 
        "7": 74312073.052000001, 
        "8": 65044874.898000002, 
        "9": 55203943.593999997
    }, 
    "averaged_NPV": 65063722.425100006
}