{
    "std": 12684454.852838766, 
    "raw_results": {
        "0": 39201070.038000003, 
        "1": 53538105.506999999, 
        "2": 61111086.884999998, 
        "3": 80737954.349999994, 
        "4": 60262157.175999999, 
        "5": 66599549.851000004, 
        "6": 83470990.200000003, 
        "7": 71917075.347000003, 
        "8": 65996654.097999997, 
        "9": 52526216.159000002
    }, 
    "averaged_NPV": 63536085.961100005
}