{
    "std": 12847471.945084617, 
    "raw_results": {
        "0": 39109610.004000001, 
        "1": 53250329.134999998, 
        "2": 58126866.487999998, 
        "3": 80591750.401999995, 
        "4": 57377038.311999999, 
        "5": 66245495.020000003, 
        "6": 83119429.494000003, 
        "7": 71923719.497999996, 
        "8": 65607461.022, 
        "9": 52099210.609999999
    }, 
    "averaged_NPV": 62745090.99849999
}