{
    "std": 12841800.096781876, 
    "raw_results": {
        "0": 42377756.843999997, 
        "1": 56703275.302000001, 
        "2": 61813507.226999998, 
        "3": 84385956.957000002, 
        "4": 60974398.800999999, 
        "5": 69670006.724000007, 
        "6": 86810252.861000001, 
        "7": 75238707.908999994, 
        "8": 66424790.853, 
        "9": 56416227.695
    }, 
    "averaged_NPV": 66081488.117300011
}