{
    "std": 12726957.188828737, 
    "raw_results": {
        "0": 38312091.961999997, 
        "1": 52265647.696999997, 
        "2": 56883418.364, 
        "3": 79441284.797999993, 
        "4": 56275975.434, 
        "5": 65107466.447999999, 
        "6": 81981499.191, 
        "7": 70425356.342999995, 
        "8": 64273051.848999999, 
        "9": 51176140.850000001
    }, 
    "averaged_NPV": 61614193.2936
}