{
    "std": 12984750.006838469, 
    "raw_results": {
        "0": 36102997.734999999, 
        "1": 51218268.192000002, 
        "2": 56022441.965999998, 
        "3": 78586256.378000006, 
        "4": 55021217.921999998, 
        "5": 64387266.615999997, 
        "6": 81043130.397, 
        "7": 69473474.648000002, 
        "8": 63321103.033, 
        "9": 50404672.752999999
    }, 
    "averaged_NPV": 60558082.964000009
}