{
    "std": 12576297.971799035, 
    "raw_results": {
        "0": 38404154.560999997, 
        "1": 51939441.085000001, 
        "2": 56845642.637000002, 
        "3": 79285349.328999996, 
        "4": 58369679.848999999, 
        "5": 64928968.497000001, 
        "6": 81669301.062999994, 
        "7": 70318457.753999993, 
        "8": 64208954.722000003, 
        "9": 51211965.298
    }, 
    "averaged_NPV": 61718191.479499996
}