{
    "std": 12497745.043923218, 
    "raw_results": {
        "0": 38905905.493000001, 
        "1": 54663846.103, 
        "2": 60319788.538999997, 
        "3": 80305393.797000006, 
        "4": 58803869.101999998, 
        "5": 65810083.424000002, 
        "6": 82668297.523000002, 
        "7": 71093336.670000002, 
        "8": 64751962.527999997, 
        "9": 51846035.406999998
    }, 
    "averaged_NPV": 62916851.858599998
}