{
    "std": 11733689.049066558, 
    "raw_results": {
        "0": 23542550.594999999, 
        "1": 37041841.435000002, 
        "2": 40402372.020000003, 
        "3": 62110591.383000001, 
        "4": 40111611.960000001, 
        "5": 49756476.739, 
        "6": 62690544.119999997, 
        "7": 54033258.427000001, 
        "8": 43986428.762999997, 
        "9": 35142696.928999998
    }, 
    "averaged_NPV": 44881837.237100005
}