{
    "std": 12699879.364543933, 
    "raw_results": {
        "0": 42342408.350000001, 
        "1": 57222019.772, 
        "2": 62561707.082999997, 
        "3": 85366964.401999995, 
        "4": 61263507.758000001, 
        "5": 67647421.207000002, 
        "6": 84779603.826000005, 
        "7": 76923882.922000006, 
        "8": 66739116.670000002, 
        "9": 56424211.347000003
    }, 
    "averaged_NPV": 66127084.333700001
}