{
    "std": 12565546.218515672, 
    "raw_results": {
        "0": 39726877.949000001, 
        "1": 56012793.719999999, 
        "2": 61720360.678999998, 
        "3": 81362344.648000002, 
        "4": 60360008.978, 
        "5": 66896576.329999998, 
        "6": 84043501.192000002, 
        "7": 72364790.347000003, 
        "8": 66557228.049000002, 
        "9": 53052363.432999998
    }, 
    "averaged_NPV": 64209684.532499991
}