{
    "std": 12743571.946607219, 
    "raw_results": {
        "0": 34723719.850000001, 
        "1": 48933897.700999998, 
        "2": 53590881.346000001, 
        "3": 76243174.873999998, 
        "4": 53017667.663000003, 
        "5": 62655944.898999996, 
        "6": 78615139.319000006, 
        "7": 67658814.432999998, 
        "8": 57588613.027000003, 
        "9": 48880252.314000003
    }, 
    "averaged_NPV": 58190810.542599998
}