{
    "std": 11993962.669207621, 
    "raw_results": {
        "0": 23366743.462000001, 
        "1": 36733296.234999999, 
        "2": 40273536.119000003, 
        "3": 61851937.802000001, 
        "4": 39653295.887000002, 
        "5": 50035125.773999996, 
        "6": 62833568.196999997, 
        "7": 54435942.827, 
        "8": 43643162.945, 
        "9": 33404550.112
    }, 
    "averaged_NPV": 44623115.935999997
}