{
    "std": 11931705.197898744, 
    "raw_results": {
        "0": 24526743.138, 
        "1": 37641794.456, 
        "2": 41055669.101999998, 
        "3": 62775895.539999999, 
        "4": 40554267.375, 
        "5": 50337172.806999996, 
        "6": 64136137.424999997, 
        "7": 54774361.640000001, 
        "8": 44654413.625, 
        "9": 34457982.542000003
    }, 
    "averaged_NPV": 45491443.765000001
}