{
    "std": 12554617.987275213, 
    "raw_results": {
        "0": 39237794.443000004, 
        "1": 55597670.340000004, 
        "2": 61110757.255999997, 
        "3": 80783495.488999993, 
        "4": 59846203.427000001, 
        "5": 66577945.454000004, 
        "6": 83454885.268000007, 
        "7": 71941063.062999994, 
        "8": 65960491.067000002, 
        "9": 52422909.016000003
    }, 
    "averaged_NPV": 63693321.482300006
}