{
    "std": 12650126.312539548, 
    "raw_results": {
        "0": 40415236.487999998, 
        "1": 56409613.152999997, 
        "2": 62674886.354999997, 
        "3": 82338635.238000005, 
        "4": 61239709.924999997, 
        "5": 67832772.511000007, 
        "6": 84876787.449000001, 
        "7": 73300563.902999997, 
        "8": 67461478.373999998, 
        "9": 53872300.416000001
    }, 
    "averaged_NPV": 65042198.381199993
}