{
    "std": 12203976.626745928, 
    "raw_results": {
        "0": 22389058.535999998, 
        "1": 36903576.704999998, 
        "2": 40440795.116999999, 
        "3": 62406999.296999998, 
        "4": 39659161.718999997, 
        "5": 50045062.344999999, 
        "6": 62606488.785999998, 
        "7": 54278717.215000004, 
        "8": 43339106.193000004, 
        "9": 33246294.214000002
    }, 
    "averaged_NPV": 44531526.012700006
}