{
    "std": 12535580.857802134, 
    "raw_results": {
        "0": 39973437.181999996, 
        "1": 56433444.703000002, 
        "2": 62101490.816, 
        "3": 81603046.471000001, 
        "4": 60966133.152999997, 
        "5": 67289254.774000004, 
        "6": 84355294.768999994, 
        "7": 72603738.879999995, 
        "8": 66825436.582999997, 
        "9": 53500789.843000002
    }, 
    "averaged_NPV": 64565206.717399999
}