{
    "std": 12886094.521102643, 
    "raw_results": {
        "0": 40393308.215000004, 
        "1": 54766726.909999996, 
        "2": 59981211.328000002, 
        "3": 82322149.401999995, 
        "4": 59077028.755999997, 
        "5": 68365734.949000001, 
        "6": 84955988.236000001, 
        "7": 73474884.020999998, 
        "8": 64315794.534999996, 
        "9": 54294809.902999997
    }, 
    "averaged_NPV": 64194763.625500001
}