{
    "std": 12546899.725308629, 
    "raw_results": {
        "0": 39743627.351000004, 
        "1": 56046728.571999997, 
        "2": 61760398.979999997, 
        "3": 81369153.531000003, 
        "4": 60397052.362000003, 
        "5": 66957863.325000003, 
        "6": 83959315.769999996, 
        "7": 72392612.216999993, 
        "8": 66605982.063000001, 
        "9": 53085633.012999997
    }, 
    "averaged_NPV": 64231836.718400002
}