{
    "std": 11667392.109057307, 
    "raw_results": {
        "0": 24011901.909000002, 
        "1": 37403620.318999998, 
        "2": 40438460.928999998, 
        "3": 62098219.859999999, 
        "4": 40484068.409000002, 
        "5": 49763233.924000002, 
        "6": 63108932.920999996, 
        "7": 54144546.766999997, 
        "8": 44302657.761, 
        "9": 35258505.237000003
    }, 
    "averaged_NPV": 45101414.803599998
}