{
    "std": 12828360.56334741, 
    "raw_results": {
        "0": 40523059.699000001, 
        "1": 55236416.818999998, 
        "2": 60111488.770999998, 
        "3": 82353866.628999993, 
        "4": 59275759.836999997, 
        "5": 68425503.268000007, 
        "6": 84955988.236000001, 
        "7": 73622960.256999999, 
        "8": 64570638.931999996, 
        "9": 54360845.281000003
    }, 
    "averaged_NPV": 64343652.772900008
}