{
    "std": 12804643.7431655, 
    "raw_results": {
        "0": 39776725.758000001, 
        "1": 54594809.077, 
        "2": 59392750.667999998, 
        "3": 81452438.520999998, 
        "4": 58636976.816, 
        "5": 67860882.459000006, 
        "6": 84134647.302000001, 
        "7": 73007785.495000005, 
        "8": 63856287.762000002, 
        "9": 53524696.458999999
    }, 
    "averaged_NPV": 63623800.0317
}