{
    "std": 12525536.540436795, 
    "raw_results": {
        "0": 38959141.619999997, 
        "1": 54477588.063000001, 
        "2": 60024832.795000002, 
        "3": 80102913.478, 
        "4": 58989353.857000001, 
        "5": 65913391.927000001, 
        "6": 82881303.224999994, 
        "7": 71326929.555999994, 
        "8": 64450453.482000001, 
        "9": 51785158.781999998
    }, 
    "averaged_NPV": 62891106.678499982
}