{
    "std": 12718461.285976419, 
    "raw_results": {
        "0": 38019273.077, 
        "1": 52089528.997000001, 
        "2": 56718655.060000002, 
        "3": 79232689.591999993, 
        "4": 56230449.877999999, 
        "5": 65068696.623999998, 
        "6": 81487566.935000002, 
        "7": 70581399.277999997, 
        "8": 64126046.197999999, 
        "9": 50962907.199000001
    }, 
    "averaged_NPV": 61451721.283800006
}