{
    "std": 12607815.65900046, 
    "raw_results": {
        "0": 39838325.067000002, 
        "1": 56368207.431000002, 
        "2": 61978746.494000003, 
        "3": 81875085.114999995, 
        "4": 60848644.674999997, 
        "5": 67271357.775999993, 
        "6": 84303334.116999999, 
        "7": 72556775.072999999, 
        "8": 66821631.560999997, 
        "9": 53386256.120999999
    }, 
    "averaged_NPV": 64524836.34300001
}