{
    "std": 12568037.353738796, 
    "raw_results": {
        "0": 38059556.343000002, 
        "1": 54036927.200000003, 
        "2": 57027319.017999999, 
        "3": 79310750.362000003, 
        "4": 58096249.443000004, 
        "5": 65103372.195, 
        "6": 82106602.75, 
        "7": 70441118.202000007, 
        "8": 63731888.265000001, 
        "9": 51263110.347000003
    }, 
    "averaged_NPV": 61917689.412500009
}