{
    "std": 12550220.1875431, 
    "raw_results": {
        "0": 39153284.774999999, 
        "1": 54984447.453000002, 
        "2": 61218468.428999998, 
        "3": 80629437.868000001, 
        "4": 59725190.185999997, 
        "5": 66515934.370999999, 
        "6": 83335063.737000003, 
        "7": 71944871.656000003, 
        "8": 65493295.438000001, 
        "9": 52584399.831
    }, 
    "averaged_NPV": 63558439.374399997
}