{
    "std": 12790188.40805874, 
    "raw_results": {
        "0": 38615665.975000001, 
        "1": 53023792.417000003, 
        "2": 57750455.879000001, 
        "3": 80032469.202999994, 
        "4": 57127150.270000003, 
        "5": 65875933.016999997, 
        "6": 82601096.363999993, 
        "7": 71496820.164000005, 
        "8": 65197646.088, 
        "9": 51853486.605999999
    }, 
    "averaged_NPV": 62357451.598300003
}