{
    "std": 12494240.580183763, 
    "raw_results": {
        "0": 38599385.781000003, 
        "1": 54037653.608000003, 
        "2": 59197423.048, 
        "3": 79992261.053000003, 
        "4": 58506038.366999999, 
        "5": 65877585.958999999, 
        "6": 82881303.224999994, 
        "7": 71325802.605000004, 
        "8": 63883428.855999999, 
        "9": 53578852.009999998
    }, 
    "averaged_NPV": 62787973.451199993
}