{
    "std": 12509912.121119807, 
    "raw_results": {
        "0": 41912948.475000001, 
        "1": 56841530.305, 
        "2": 62130822.835000001, 
        "3": 85580522.414000005, 
        "4": 60851917.605999999, 
        "5": 67595370.393000007, 
        "6": 84267147.965000004, 
        "7": 72549534.088, 
        "8": 66318310.656999998, 
        "9": 55981083.300999999
    }, 
    "averaged_NPV": 65402918.803900003
}