{
    "std": 12601768.977392677, 
    "raw_results": {
        "0": 38299646.281000003, 
        "1": 52050658.950000003, 
        "2": 57003337.851000004, 
        "3": 79280794.076000005, 
        "4": 58325960.193000004, 
        "5": 64985957.064000003, 
        "6": 81799963.626000002, 
        "7": 70398247.057999998, 
        "8": 64341203.831, 
        "9": 51333803.247000001
    }, 
    "averaged_NPV": 61781957.21769999
}