{
    "std": 12619510.810708342, 
    "raw_results": {
        "0": 39654605.879000001, 
        "1": 55440235.508000001, 
        "2": 61488687.256999999, 
        "3": 81369153.531000003, 
        "4": 60128924.122000001, 
        "5": 66957711.015000001, 
        "6": 83959315.769999996, 
        "7": 72392612.216999993, 
        "8": 66138917.118000001, 
        "9": 52978838.766999997
    }, 
    "averaged_NPV": 64050900.118399993
}