{
    "std": 12363230.09633602, 
    "raw_results": {
        "0": 39276478.839000002, 
        "1": 54783973.972000003, 
        "2": 60314862.928999998, 
        "3": 80589657.490999997, 
        "4": 59632486.814000003, 
        "5": 66472114.648000002, 
        "6": 83331461.567000002, 
        "7": 71867661.255999997, 
        "8": 65143558.167999998, 
        "9": 54902280.748999998
    }, 
    "averaged_NPV": 63631453.643299997
}