{
    "std": 12846832.669961875, 
    "raw_results": {
        "0": 40142667.090999998, 
        "1": 54543894.189000003, 
        "2": 59665949.395000003, 
        "3": 81772132.572999999, 
        "4": 58564108.310000002, 
        "5": 67866428.936000004, 
        "6": 84407284.160999998, 
        "7": 73594358.708000004, 
        "8": 64134935.674999997, 
        "9": 53782586.803999998
    }, 
    "averaged_NPV": 63847434.584200002
}