{
    "std": 12515230.036587453, 
    "raw_results": {
        "0": 38904320.994999997, 
        "1": 55136595.766999997, 
        "2": 60797672.533, 
        "3": 80313184.657000005, 
        "4": 59616403.160999998, 
        "5": 66128877.767999999, 
        "6": 83059819.905000001, 
        "7": 71571128.336999997, 
        "8": 65586622.511, 
        "9": 52202372.527999997
    }, 
    "averaged_NPV": 63331699.816200003
}