{
    "std": 12551228.415594246, 
    "raw_results": {
        "0": 40306587.138999999, 
        "1": 56716724.273999996, 
        "2": 62375418.159999996, 
        "3": 81890001.131999999, 
        "4": 60958529.656999998, 
        "5": 67568159.607999995, 
        "6": 84695309.420000002, 
        "7": 73001782.148000002, 
        "8": 67170569.530000001, 
        "9": 53799476.895999998
    }, 
    "averaged_NPV": 64848255.796399996
}