{
    "std": 12561376.695213994, 
    "raw_results": {
        "0": 39648770.108000003, 
        "1": 56207021.597000003, 
        "2": 61611255.012000002, 
        "3": 81370427.535999998, 
        "4": 60649504.968999997, 
        "5": 67024332.274999999, 
        "6": 83949635.923999995, 
        "7": 72365045.084000006, 
        "8": 66496664.222999997, 
        "9": 52924426.409999996
    }, 
    "averaged_NPV": 64224708.3138
}