{
    "std": 12529794.568453901, 
    "raw_results": {
        "0": 41167023.130999997, 
        "1": 57962149.398000002, 
        "2": 63588902.578000002, 
        "3": 83064297.561000004, 
        "4": 62383762.413000003, 
        "5": 68486163.419, 
        "6": 85481205.113000005, 
        "7": 74077796.959000006, 
        "8": 68495204.969999999, 
        "9": 54980585.362999998
    }, 
    "averaged_NPV": 65968709.090500012
}