{
    "std": 12768977.5848206, 
    "raw_results": {
        "0": 38298155.303000003, 
        "1": 52413224.732000001, 
        "2": 57372303.208999999, 
        "3": 79740339.150000006, 
        "4": 56608320.417000003, 
        "5": 66122228.298, 
        "6": 82051940.408999994, 
        "7": 71196629.592999995, 
        "8": 61528682.858000003, 
        "9": 51575904.729000002
    }, 
    "averaged_NPV": 61690772.869799994
}