{
    "std": 12564175.747070629, 
    "raw_results": {
        "0": 38757011.435000002, 
        "1": 54362937.722000003, 
        "2": 59842531.998999998, 
        "3": 80305393.797000006, 
        "4": 58734277.582000002, 
        "5": 65810083.424000002, 
        "6": 82668297.523000002, 
        "7": 71093336.670000002, 
        "8": 64189341.423, 
        "9": 51703642.564999998
    }, 
    "averaged_NPV": 62746685.414000012
}