{
    "std": 12647611.240624104, 
    "raw_results": {
        "0": 42688975.571999997, 
        "1": 57552707.943000004, 
        "2": 62946855.012000002, 
        "3": 85494739.706, 
        "4": 61665732.311999999, 
        "5": 68001764.050999999, 
        "6": 85029205.231000006, 
        "7": 77284456.317000002, 
        "8": 67127478.586999997, 
        "9": 56828594.012999997
    }, 
    "averaged_NPV": 66462050.874400005
}