{
    "std": 12787958.521874413, 
    "raw_results": {
        "0": 38024800.228, 
        "1": 52006403.792999998, 
        "2": 56922216.640000001, 
        "3": 79341410.775999993, 
        "4": 56154462.697999999, 
        "5": 65687354.402000003, 
        "6": 81876702.894999996, 
        "7": 70740268.137999997, 
        "8": 61160591.240000002, 
        "9": 51087691.005999997
    }, 
    "averaged_NPV": 61300190.181599997
}