{
    "std": 12431666.921332898, 
    "raw_results": {
        "0": 38569891.325999998, 
        "1": 54312126.262999997, 
        "2": 60015939.424999997, 
        "3": 79840906.615999997, 
        "4": 58376129.397, 
        "5": 65372825.989, 
        "6": 82164161.202000007, 
        "7": 70727245.856000006, 
        "8": 64183828.579000004, 
        "9": 51709247.670000002
    }, 
    "averaged_NPV": 62527230.232300006
}