{
    "std": 12645332.748221226, 
    "raw_results": {
        "0": 42573602.898000002, 
        "1": 57378811.222000003, 
        "2": 62485100.556000002, 
        "3": 85470663.944999993, 
        "4": 61701847.541000001, 
        "5": 68033186.399000004, 
        "6": 84788530.070999995, 
        "7": 77098153.116999999, 
        "8": 66955866.222999997, 
        "9": 56737099.248999998
    }, 
    "averaged_NPV": 66322286.122099996
}