{
    "std": 12615556.342346136, 
    "raw_results": {
        "0": 38684849.600000001, 
        "1": 52888139.387999997, 
        "2": 60221555.446999997, 
        "3": 80011749.909999996, 
        "4": 59190761.045999996, 
        "5": 65868823.428999998, 
        "6": 82616436.733999997, 
        "7": 71073626.700000003, 
        "8": 64992467.478, 
        "9": 51823267.057999998
    }, 
    "averaged_NPV": 62737167.678999998
}