{
    "std": 12761448.021872785, 
    "raw_results": {
        "0": 38335196.978, 
        "1": 52416266.995999999, 
        "2": 57372303.208999999, 
        "3": 79740339.150000006, 
        "4": 56608320.417000003, 
        "5": 66122228.298, 
        "6": 82051940.408999994, 
        "7": 71196629.592999995, 
        "8": 61528682.858000003, 
        "9": 51582532.772
    }, 
    "averaged_NPV": 61695444.067999996
}