{
    "std": 12559875.733334687, 
    "raw_results": {
        "0": 41063459.009000003, 
        "1": 57874969.594999999, 
        "2": 63663836.990000002, 
        "3": 82893840.194999993, 
        "4": 62453005.557999998, 
        "5": 68554550.562999994, 
        "6": 85551377.868000001, 
        "7": 74255865.995000005, 
        "8": 68480618.684, 
        "9": 54903544.450000003
    }, 
    "averaged_NPV": 65969506.890700005
}