{
    "std": 12595828.188704036, 
    "raw_results": {
        "0": 37090073.104999997, 
        "1": 50911754.631999999, 
        "2": 55636768.493000001, 
        "3": 77742702.450000003, 
        "4": 54731126.453000002, 
        "5": 64045288.244000003, 
        "6": 80311932.419, 
        "7": 69046194.053000003, 
        "8": 63043708.064999998, 
        "9": 50092811.923
    }, 
    "averaged_NPV": 60265235.9837
}