{
    "std": 12521645.226952292, 
    "raw_results": {
        "0": 41405663.990000002, 
        "1": 58390998.181999996, 
        "2": 63830638.149999999, 
        "3": 83403252.202999994, 
        "4": 62741176.851000004, 
        "5": 68822373.182999998, 
        "6": 85886980.606000006, 
        "7": 74312073.052000001, 
        "8": 65101613.870999999, 
        "9": 55339717.171999998
    }, 
    "averaged_NPV": 65923448.726000011
}