{
    "std": 12824419.874630589, 
    "raw_results": {
        "0": 39165950.478, 
        "1": 53792701.516000003, 
        "2": 61387420.762000002, 
        "3": 81334792.003999993, 
        "4": 60437370.605999999, 
        "5": 66849216.015000001, 
        "6": 83759427.905000001, 
        "7": 72434709.913000003, 
        "8": 66158782.884999998, 
        "9": 52607133.534000002
    }, 
    "averaged_NPV": 63792750.561800003
}