{
    "std": 12796114.240260594, 
    "raw_results": {
        "0": 35179929.177000001, 
        "1": 49845980.222000003, 
        "2": 54608510.989, 
        "3": 77065314.138999999, 
        "4": 53769400.265000001, 
        "5": 63179388.321999997, 
        "6": 79298708.072999999, 
        "7": 68397636.245000005, 
        "8": 61361378.891000003, 
        "9": 49497230.009999998
    }, 
    "averaged_NPV": 59220347.633299991
}