{
    "std": 12930634.899546968, 
    "raw_results": {
        "0": 35759681.175999999, 
        "1": 50833231.512999997, 
        "2": 55588675.148000002, 
        "3": 78213106.466000006, 
        "4": 54969130.942000002, 
        "5": 64005905.625, 
        "6": 80548595.951000005, 
        "7": 69046089.413000003, 
        "8": 62838787.718000002, 
        "9": 50195872.494000003
    }, 
    "averaged_NPV": 60199907.644599997
}