{
    "std": 13057114.005980825, 
    "raw_results": {
        "0": 39350620.589000002, 
        "1": 53981655.963, 
        "2": 58700251.851000004, 
        "3": 80990149.869000003, 
        "4": 57875542.053000003, 
        "5": 67446832.919, 
        "6": 84713363.241999999, 
        "7": 72945428.067000002, 
        "8": 63183407.674000002, 
        "9": 52702778.636
    }, 
    "averaged_NPV": 63189003.086300015
}