{
    "std": 12229073.698057042, 
    "raw_results": {
        "0": 22366189.234999999, 
        "1": 36903576.704999998, 
        "2": 40540597.916000001, 
        "3": 62513175.284000002, 
        "4": 39611107.634999998, 
        "5": 49964262.795000002, 
        "6": 62827855.244999997, 
        "7": 54242308.446000002, 
        "8": 43704398.939999998, 
        "9": 33425463.561000001
    }, 
    "averaged_NPV": 44609893.576199993
}