{
    "std": 12901921.6012662, 
    "raw_results": {
        "0": 42144618.505999997, 
        "1": 56809392.781000003, 
        "2": 62071810.262999997, 
        "3": 84087348.123999998, 
        "4": 60851959.711000003, 
        "5": 70019161.012999997, 
        "6": 86831884.022, 
        "7": 75818864.893999994, 
        "8": 66495402.044, 
        "9": 56234050.338
    }, 
    "averaged_NPV": 66136449.16960001
}