{
    "std": 12431466.863654891, 
    "raw_results": {
        "0": 40025088.798, 
        "1": 55872221.159999996, 
        "2": 61943012.280000001, 
        "3": 81805328.903999999, 
        "4": 60466832.309, 
        "5": 67350265.310000002, 
        "6": 84410059.429000005, 
        "7": 72797526.130999997, 
        "8": 66344150.118000001, 
        "9": 55940063.158
    }, 
    "averaged_NPV": 64695454.7597
}