{
    "std": 12760223.609929964, 
    "raw_results": {
        "0": 38123869.5, 
        "1": 52046104.990999997, 
        "2": 56971932.917000003, 
        "3": 79349036.886000007, 
        "4": 56228521.131999999, 
        "5": 65749509.744999997, 
        "6": 81831299.059, 
        "7": 70792303.105000004, 
        "8": 61221493.476000004, 
        "9": 51110723.365000002
    }, 
    "averaged_NPV": 61342479.417599998
}