{
    "std": 12702048.196577277, 
    "raw_results": {
        "0": 37633730.772, 
        "1": 51311792.653999999, 
        "2": 55964005.656999998, 
        "3": 78675697.734999999, 
        "4": 55254648.088, 
        "5": 64387038.814999998, 
        "6": 81043130.397, 
        "7": 69473474.648000002, 
        "8": 63250415.325999998, 
        "9": 50350216.410999998
    }, 
    "averaged_NPV": 60734415.050300002
}