{
    "std": 12831792.65523332, 
    "raw_results": {
        "0": 40503433.237000003, 
        "1": 55108402.542999998, 
        "2": 59997727.178000003, 
        "3": 82322149.401999995, 
        "4": 59107896.675999999, 
        "5": 68317163.971000001, 
        "6": 84955988.236000001, 
        "7": 73489143.703999996, 
        "8": 64392451.321000002, 
        "9": 54386229.693000004
    }, 
    "averaged_NPV": 64258058.596099995
}