{
    "std": 12690478.782454923, 
    "raw_results": {
        "0": 42364089.376999997, 
        "1": 57405303.556999996, 
        "2": 62698064.913999997, 
        "3": 85403397.341999993, 
        "4": 61498968.439999998, 
        "5": 67824391.298999995, 
        "6": 84788530.070999995, 
        "7": 77089231.895999998, 
        "8": 66955866.222999997, 
        "9": 56475903.450000003
    }, 
    "averaged_NPV": 66250374.656900011
}