{
    "std": 13106018.208319403, 
    "raw_results": {
        "0": 41531460.890000001, 
        "1": 56195076.112999998, 
        "2": 61336386.660999998, 
        "3": 83561214.663000003, 
        "4": 60204589.413999997, 
        "5": 69661352.567000002, 
        "6": 87252905.400999993, 
        "7": 75212305.011999995, 
        "8": 65740903.914999999, 
        "9": 55486639.402000003
    }, 
    "averaged_NPV": 65618283.403799988
}