{
    "std": 12988710.667373171, 
    "raw_results": {
        "0": 35387999.615999997, 
        "1": 50929969.234999999, 
        "2": 55123968.243000001, 
        "3": 77966968.893999994, 
        "4": 54647334.549000002, 
        "5": 64279026.824000001, 
        "6": 80210470.956, 
        "7": 69659709.717999995, 
        "8": 59626334.935000002, 
        "9": 49794512.969999999
    }, 
    "averaged_NPV": 59762629.594000004
}