{
    "std": 12418292.296642695, 
    "raw_results": {
        "0": 39069829.045999996, 
        "1": 55241872.515000001, 
        "2": 60628912.956, 
        "3": 80353161.384000003, 
        "4": 59436167.817000002, 
        "5": 66081672.965000004, 
        "6": 82670670.902999997, 
        "7": 71320900.594999999, 
        "8": 65341989.214000002, 
        "9": 52082805.461000003
    }, 
    "averaged_NPV": 63222798.285599992
}