{
    "std": 12799205.90380072, 
    "raw_results": {
        "0": 38036668.512999997, 
        "1": 52026986.660999998, 
        "2": 56964370.954000004, 
        "3": 79398590.833000004, 
        "4": 56192921.295000002, 
        "5": 65724562.226999998, 
        "6": 81912591.217999995, 
        "7": 70797290.460999995, 
        "8": 61196130.508000001, 
        "9": 51105194.026000001
    }, 
    "averaged_NPV": 61335530.669599995
}