{
    "std": 12736289.767763287, 
    "raw_results": {
        "0": 40136933.193999998, 
        "1": 54555089.288999997, 
        "2": 59431613.053999998, 
        "3": 81498662.346000001, 
        "4": 58627704.140000001, 
        "5": 67834644.917999998, 
        "6": 84179326.775000006, 
        "7": 73056912.431999996, 
        "8": 63832814.159000002, 
        "9": 53776467.787
    }, 
    "averaged_NPV": 63693016.809399985
}