{
    "std": 12845854.38211845, 
    "raw_results": {
        "0": 38994752.145000003, 
        "1": 53276740.016999997, 
        "2": 58169306.519000001, 
        "3": 80594525.072999999, 
        "4": 57418349.579000004, 
        "5": 66298897.648000002, 
        "6": 82998138.511000007, 
        "7": 71930944.694000006, 
        "8": 65660581.993000001, 
        "9": 52123332.295000002
    }, 
    "averaged_NPV": 62746556.847399995
}