{
    "std": 12419112.189423202, 
    "raw_results": {
        "0": 39086263.219999999, 
        "1": 55277715.049999997, 
        "2": 60671346.292999998, 
        "3": 80384951.328999996, 
        "4": 59480322.950000003, 
        "5": 66129718.219999999, 
        "6": 82694478.866999999, 
        "7": 71346349.682999998, 
        "8": 65370817.370999999, 
        "9": 52114267.763999999
    }, 
    "averaged_NPV": 63255623.074699998
}