{
    "std": 12651094.666905452, 
    "raw_results": {
        "0": 42733567.702, 
        "1": 57552707.943000004, 
        "2": 62946855.012000002, 
        "3": 85567489.247999996, 
        "4": 61665732.311999999, 
        "5": 68013221.009000003, 
        "6": 85029205.231000006, 
        "7": 77293295.863999993, 
        "8": 67127478.586999997, 
        "9": 56828594.012999997
    }, 
    "averaged_NPV": 66475814.692100003
}