{
    "std": 12649408.943994015, 
    "raw_results": {
        "0": 42677236.700000003, 
        "1": 57519277.895999998, 
        "2": 62895114.056999996, 
        "3": 85480235.287, 
        "4": 61614520.739, 
        "5": 67934937.415999994, 
        "6": 85020469.070999995, 
        "7": 77241138.806999996, 
        "8": 67056674.564999998, 
        "9": 56799758.188000001
    }, 
    "averaged_NPV": 66423936.27260001
}