{
    "std": 12835384.478816148, 
    "raw_results": {
        "0": 40410428.876999997, 
        "1": 54895906.546999998, 
        "2": 59974388.509999998, 
        "3": 82175036.730000004, 
        "4": 59014127.138999999, 
        "5": 68321185.466000006, 
        "6": 84710335.961999997, 
        "7": 73574087.675999999, 
        "8": 64294133.987999998, 
        "9": 54120533.541000001
    }, 
    "averaged_NPV": 64149016.443599999
}