{
    "std": 12984216.919463586, 
    "raw_results": {
        "0": 39673304.233000003, 
        "1": 54215126.544, 
        "2": 59114471.145999998, 
        "3": 81269296.069999993, 
        "4": 58171648.913999997, 
        "5": 67771487.244000003, 
        "6": 84824137.466999993, 
        "7": 73151503.077999994, 
        "8": 63467054.380999997, 
        "9": 53376285.707000002
    }, 
    "averaged_NPV": 63503431.478400007
}