{
    "std": 12691653.132672628, 
    "raw_results": {
        "0": 39649411.566, 
        "1": 53922062.292000003, 
        "2": 61730604.138999999, 
        "3": 81394714.371000007, 
        "4": 60604707.376999997, 
        "5": 66843145.256999999, 
        "6": 83758780.393000007, 
        "7": 72504627.082000002, 
        "8": 66491523.038000003, 
        "9": 53046398.093999997
    }, 
    "averaged_NPV": 63994597.3609
}