{
    "std": 12694327.385817092, 
    "raw_results": {
        "0": 37677663.603, 
        "1": 51308039.533, 
        "2": 55964005.656999998, 
        "3": 78675697.734999999, 
        "4": 55254648.088, 
        "5": 64387038.814999998, 
        "6": 81043130.397, 
        "7": 69465661.963, 
        "8": 63250415.325999998, 
        "9": 50343822.333999999
    }, 
    "averaged_NPV": 60737012.345100001
}