{
    "std": 12835467.983965151, 
    "raw_results": {
        "0": 40534607.105999999, 
        "1": 54945271.016000003, 
        "2": 59983578.283, 
        "3": 82278510.930999994, 
        "4": 59017337.715999998, 
        "5": 68289252.856000006, 
        "6": 84816985.236000001, 
        "7": 73573585.552000001, 
        "8": 64315299.336999997, 
        "9": 54166957.331
    }, 
    "averaged_NPV": 64192138.536399998
}