{
    "std": 12709047.495651789, 
    "raw_results": {
        "0": 38672784.795000002, 
        "1": 52941353.630000003, 
        "2": 57672877.612999998, 
        "3": 80003371.780000001, 
        "4": 57010006.055, 
        "5": 65907862.277000003, 
        "6": 82190213.209999993, 
        "7": 71326668.726999998, 
        "8": 65083154.549000002, 
        "9": 51873503.541000001
    }, 
    "averaged_NPV": 62268179.617700003
}