{
    "std": 12427932.021590848, 
    "raw_results": {
        "0": 37198438.438000001, 
        "1": 53040314.059, 
        "2": 58155356.001999997, 
        "3": 78226245.931999996, 
        "4": 57025361.637000002, 
        "5": 64331160.207999997, 
        "6": 80656436.501000002, 
        "7": 69594956.975999996, 
        "8": 62478812.375, 
        "9": 50020412.534999996
    }, 
    "averaged_NPV": 61072749.466299996
}