{
    "std": 12629081.782038093, 
    "raw_results": {
        "0": 41481540.969999999, 
        "1": 58307732.461999997, 
        "2": 64040820.511, 
        "3": 83640538.082000002, 
        "4": 62857202.071999997, 
        "5": 68958637.030000001, 
        "6": 86266602.373999998, 
        "7": 74299714.224999994, 
        "8": 68986926.140000001, 
        "9": 55316425.361000001
    }, 
    "averaged_NPV": 66415613.922700003
}