{
    "std": 12549942.036339162, 
    "raw_results": {
        "0": 41060654.700000003, 
        "1": 57872195.138999999, 
        "2": 63602755.118000001, 
        "3": 82862661.849999994, 
        "4": 62407352.818999998, 
        "5": 68482549.088, 
        "6": 85538274.450000003, 
        "7": 74191850.162, 
        "8": 68394399.184, 
        "9": 54897031.615999997
    }, 
    "averaged_NPV": 65930972.412599996
}