{
    "std": 12862898.450816425, 
    "raw_results": {
        "0": 35109794.079999998, 
        "1": 49864207.972999997, 
        "2": 54649811.921999998, 
        "3": 77112324.629999995, 
        "4": 53751249.667000003, 
        "5": 63272015.752999999, 
        "6": 79593392.935000002, 
        "7": 68437953.380999997, 
        "8": 61306423.825999998, 
        "9": 49525690.182999998
    }, 
    "averaged_NPV": 59262286.435000002
}