{
    "std": 12850210.986246675, 
    "raw_results": {
        "0": 40124362.211000003, 
        "1": 54543894.189000003, 
        "2": 59665949.395000003, 
        "3": 81772132.572999999, 
        "4": 58564108.310000002, 
        "5": 67866428.936000004, 
        "6": 84407284.160999998, 
        "7": 73594358.708000004, 
        "8": 64134935.674999997, 
        "9": 53782586.803999998
    }, 
    "averaged_NPV": 63845604.096200004
}