{
    "std": 12683820.591309547, 
    "raw_results": {
        "0": 39167979.870999999, 
        "1": 53489491.035999998, 
        "2": 61049744.431999996, 
        "3": 80935165.659999996, 
        "4": 60118649.515000001, 
        "5": 66517789.086000003, 
        "6": 83328341.388999999, 
        "7": 71715500.233999997, 
        "8": 65909043.544, 
        "9": 52566142.122000001
    }, 
    "averaged_NPV": 63479784.688900009
}