{
    "std": 12611173.668499798, 
    "raw_results": {
        "0": 34898120.605999999, 
        "1": 49667539.033, 
        "2": 54391680.023000002, 
        "3": 76432763.761999995, 
        "4": 53696097.835000001, 
        "5": 63030358.169, 
        "6": 78434890.533999994, 
        "7": 68032732.629999995, 
        "8": 58584452.531000003, 
        "9": 49268608.571999997
    }, 
    "averaged_NPV": 58643724.369499996
}