{
    "std": 12878426.035851404, 
    "raw_results": {
        "0": 40461853.954000004, 
        "1": 54889083.788000003, 
        "2": 59886169.906000003, 
        "3": 82322149.401999995, 
        "4": 58947571.803999998, 
        "5": 68229735.008000001, 
        "6": 84955988.236000001, 
        "7": 73474884.020999998, 
        "8": 64315794.534999996, 
        "9": 54166957.331
    }, 
    "averaged_NPV": 64165018.798500001
}