{
    "std": 12522265.247073047, 
    "raw_results": {
        "0": 38649149.623999998, 
        "1": 52390840.990000002, 
        "2": 59979590.648000002, 
        "3": 79699123.648000002, 
        "4": 58556894.615999997, 
        "5": 65346804.030000001, 
        "6": 82107723.256999999, 
        "7": 70722536.223000005, 
        "8": 64388544.170999996, 
        "9": 51740819.204999998
    }, 
    "averaged_NPV": 62358202.641199991
}