{
    "std": 12501419.705646841, 
    "raw_results": {
        "0": 42292465.838, 
        "1": 59381693.744999997, 
        "2": 64939559.752999999, 
        "3": 84385956.957000002, 
        "4": 63747370.274999999, 
        "5": 69685164.726999998, 
        "6": 86810252.861000001, 
        "7": 75238707.908999994, 
        "8": 66540232.125, 
        "9": 56534178.163000003
    }, 
    "averaged_NPV": 66955558.23529999
}