{
    "std": 12587038.536211681, 
    "raw_results": {
        "0": 38026421.973999999, 
        "1": 53266542.347999997, 
        "2": 58498127.707000002, 
        "3": 79280794.076000005, 
        "4": 57757335.891999997, 
        "5": 64985957.064000003, 
        "6": 81799963.626000002, 
        "7": 70398247.057999998, 
        "8": 62816806.004000001, 
        "9": 50466613.145000003
    }, 
    "averaged_NPV": 61729680.88939999
}