{
    "std": 12672954.714108307, 
    "raw_results": {
        "0": 39261053.056999996, 
        "1": 53538105.506999999, 
        "2": 61111086.884999998, 
        "3": 80737954.349999994, 
        "4": 60262157.175999999, 
        "5": 66599549.851000004, 
        "6": 83470990.200000003, 
        "7": 71917075.347000003, 
        "8": 65996654.097999997, 
        "9": 52526216.159000002
    }, 
    "averaged_NPV": 63542084.263000011
}