{
    "std": 12956152.545310207, 
    "raw_results": {
        "0": 39862674.649999999, 
        "1": 54327563.748000003, 
        "2": 59229679.542000003, 
        "3": 81333283.037, 
        "4": 58192886.538999997, 
        "5": 67749102.386000007, 
        "6": 84875019.292999998, 
        "7": 73151894.849999994, 
        "8": 63676754.713, 
        "9": 53338659.862999998
    }, 
    "averaged_NPV": 63573751.86209999
}