{
    "std": 12856156.133654334, 
    "raw_results": {
        "0": 40077915.472999997, 
        "1": 54531524.869000003, 
        "2": 59498805.064000003, 
        "3": 81746366.209000006, 
        "4": 58504953.134000003, 
        "5": 67845327.489999995, 
        "6": 84349897.096000001, 
        "7": 73575312.871000007, 
        "8": 63867100.461000003, 
        "9": 53733282.813000001
    }, 
    "averaged_NPV": 63773048.548
}