{
    "std": 12989321.127556892, 
    "raw_results": {
        "0": 39698282.888999999, 
        "1": 54215126.544, 
        "2": 59114471.145999998, 
        "3": 81328724.502000004, 
        "4": 58171648.913999997, 
        "5": 67771487.244000003, 
        "6": 84824137.466999993, 
        "7": 73172292.534999996, 
        "8": 63467054.380999997, 
        "9": 53376285.707000002
    }, 
    "averaged_NPV": 63513951.132900015
}