{
    "std": 12539070.57830311, 
    "raw_results": {
        "0": 40666386.545999996, 
        "1": 57474648.079999998, 
        "2": 62920885.038000003, 
        "3": 82617286.635000005, 
        "4": 61854010.827, 
        "5": 68093853.096000001, 
        "6": 85012330.653999999, 
        "7": 73703140.778999999, 
        "8": 64299827.269000001, 
        "9": 54381939.748000003
    }, 
    "averaged_NPV": 65102430.867200002
}