{
    "std": 12729281.882346351, 
    "raw_results": {
        "0": 39261053.056999996, 
        "1": 53538105.506999999, 
        "2": 61111086.884999998, 
        "3": 81010591.772, 
        "4": 60262157.175999999, 
        "5": 66659712.277000003, 
        "6": 83573554.724000007, 
        "7": 71941437.746000007, 
        "8": 65996654.097999997, 
        "9": 52526216.159000002
    }, 
    "averaged_NPV": 63588056.940099999
}