{
    "std": 12529684.021550421, 
    "raw_results": {
        "0": 38157779.93, 
        "1": 51629438.056999996, 
        "2": 56489358.417000003, 
        "3": 78789031.718999997, 
        "4": 57833586.089000002, 
        "5": 64539356.291000001, 
        "6": 81214901.363000005, 
        "7": 69879707.709999993, 
        "8": 63784706.890000001, 
        "9": 50672615.501000002
    }, 
    "averaged_NPV": 61299048.196699999
}