{
    "std": 12479250.885513611, 
    "raw_results": {
        "0": 38808957.141999997, 
        "1": 55325623.461000003, 
        "2": 60644083.851000004, 
        "3": 80151833.559, 
        "4": 59252227.678000003, 
        "5": 66111543.452, 
        "6": 82877603.294, 
        "7": 71499853.865999997, 
        "8": 65025779.111000001, 
        "9": 52109305.416000001
    }, 
    "averaged_NPV": 63180681.083000004
}