{
    "std": 12614945.94599461, 
    "raw_results": {
        "0": 40741449.340000004, 
        "1": 57881800.491999999, 
        "2": 63240623.755000003, 
        "3": 83091082.728, 
        "4": 62212326.906999998, 
        "5": 68402614.513999999, 
        "6": 85379013.984999999, 
        "7": 73948056.981000006, 
        "8": 64605630.375, 
        "9": 54577512.259000003
    }, 
    "averaged_NPV": 65408011.133599997
}