{
    "std": 12487152.590835704, 
    "raw_results": {
        "0": 39636158.864, 
        "1": 56046728.571999997, 
        "2": 61760398.979999997, 
        "3": 81062220.013999999, 
        "4": 60397052.362000003, 
        "5": 66904013.134999998, 
        "6": 83728074.415999994, 
        "7": 72368493.495000005, 
        "8": 66605982.063000001, 
        "9": 53085633.012999997
    }, 
    "averaged_NPV": 64159475.491400003
}