{
    "std": 12538167.437797604, 
    "raw_results": {
        "0": 39998774.288999997, 
        "1": 56432822.005999997, 
        "2": 61943924.291000001, 
        "3": 81603046.471000001, 
        "4": 60897356.960000001, 
        "5": 67289254.774000004, 
        "6": 84355294.768999994, 
        "7": 72603738.879999995, 
        "8": 66685644.251999997, 
        "9": 53446199.493000001
    }, 
    "averaged_NPV": 64525605.618499994
}