{
    "std": 12610410.009430066, 
    "raw_results": {
        "0": 40748063.642999999, 
        "1": 57881800.491999999, 
        "2": 63240623.755000003, 
        "3": 83084293.568000004, 
        "4": 62212326.906999998, 
        "5": 68402614.513999999, 
        "6": 85367559.963, 
        "7": 73940999.944999993, 
        "8": 64605630.375, 
        "9": 54577512.259000003
    }, 
    "averaged_NPV": 65406142.542099997
}