{
    "std": 12792914.19891553, 
    "raw_results": {
        "0": 35416696.697999999, 
        "1": 50498910.478, 
        "2": 55271528.946999997, 
        "3": 77351044.011000007, 
        "4": 54544601.840999998, 
        "5": 63657179.454999998, 
        "6": 79935182.287, 
        "7": 68691318.886000007, 
        "8": 59344729.504000001, 
        "9": 49747474.578000002
    }, 
    "averaged_NPV": 59445866.668499991
}