{
    "std": 12845160.365472181, 
    "raw_results": {
        "0": 39776725.758000001, 
        "1": 54594809.077, 
        "2": 59392750.667999998, 
        "3": 81753228.187000006, 
        "4": 58636976.816, 
        "5": 67920804.481999993, 
        "6": 84098526.540000007, 
        "7": 73037481.826000005, 
        "8": 63856287.762000002, 
        "9": 53524696.458999999
    }, 
    "averaged_NPV": 63659228.757500008
}