{
    "std": 12790404.335411528, 
    "raw_results": {
        "0": 38238813.865999997, 
        "1": 51985230.894000001, 
        "2": 56885816.763999999, 
        "3": 79434931.883000001, 
        "4": 56120879.978, 
        "5": 65636439.278999999, 
        "6": 82023679.724000007, 
        "7": 70740514.577000007, 
        "8": 61116323.310000002, 
        "9": 51065224.347999997
    }, 
    "averaged_NPV": 61324785.462300017
}