{
    "std": 13065454.817643434, 
    "raw_results": {
        "0": 39401362.123999998, 
        "1": 54229343.795999996, 
        "2": 58908005.468000002, 
        "3": 81282658.460999995, 
        "4": 58104142.865000002, 
        "5": 67675774.965000004, 
        "6": 84803299.751000002, 
        "7": 73035418.950000003, 
        "8": 63346170.473999999, 
        "9": 52921794.531999998
    }, 
    "averaged_NPV": 63370797.138599992
}