{
    "std": 12516931.15773051, 
    "raw_results": {
        "0": 41874696.640000001, 
        "1": 56799648.305, 
        "2": 62028519.737999998, 
        "3": 85542968.334000006, 
        "4": 60811360.814999998, 
        "5": 67606871.480000004, 
        "6": 84219690.548999995, 
        "7": 72545716.614999995, 
        "8": 66245697.403999999, 
        "9": 55894260.604000002
    }, 
    "averaged_NPV": 65356943.048400007
}