{
    "std": 12560600.549234094, 
    "raw_results": {
        "0": 41034931.126000002, 
        "1": 57655402.292000003, 
        "2": 63428041.516000003, 
        "3": 82792540.203999996, 
        "4": 62262844.953000002, 
        "5": 68405951.444999993, 
        "6": 85415206.015000001, 
        "7": 74154904.717999995, 
        "8": 68219844.385000005, 
        "9": 54666606.990999997
    }, 
    "averaged_NPV": 65803627.364500001
}