{
    "std": 12886526.275606163, 
    "raw_results": {
        "0": 39989560.057999998, 
        "1": 54531524.869000003, 
        "2": 59469893.534999996, 
        "3": 81700703.165000007, 
        "4": 58455573.064000003, 
        "5": 67897638.368000001, 
        "6": 84382591.669, 
        "7": 73609969.208000004, 
        "8": 63898440.285999998, 
        "9": 53632614.392999999
    }, 
    "averaged_NPV": 63756850.861500002
}