{
    "std": 12660157.583354929, 
    "raw_results": {
        "0": 37430073.890000001, 
        "1": 51185380.247000001, 
        "2": 56136893.864, 
        "3": 78530096.893000007, 
        "4": 57480487.791000001, 
        "5": 64347150.119999997, 
        "6": 81124278.060000002, 
        "7": 69622053.75, 
        "8": 63071598.465999998, 
        "9": 50378633.821999997
    }, 
    "averaged_NPV": 60930664.690300003
}