{
    "std": 12697544.31917266, 
    "raw_results": {
        "0": 39432200.445, 
        "1": 53511349.865000002, 
        "2": 61068389.637000002, 
        "3": 80994674.761000007, 
        "4": 60217032.317000002, 
        "5": 66605450.572999999, 
        "6": 83582615.636000007, 
        "7": 71905721.421000004, 
        "8": 65942726.255000003, 
        "9": 52501381.173
    }, 
    "averaged_NPV": 63576154.208299994
}