{
    "std": 12774408.876632467, 
    "raw_results": {
        "0": 35131808.862999998, 
        "1": 50199242.104999997, 
        "2": 54758334.997000001, 
        "3": 77157139.626000002, 
        "4": 54485343.211000003, 
        "5": 63793218.119999997, 
        "6": 79381092.604000002, 
        "7": 68545000.490999997, 
        "8": 59091444.917999998, 
        "9": 49637740.987999998
    }, 
    "averaged_NPV": 59218036.592300013
}