{
    "std": 12113573.853780124, 
    "raw_results": {
        "0": 22678350.373, 
        "1": 37197186.223999999, 
        "2": 40430530.843000002, 
        "3": 62098219.859999999, 
        "4": 40293679.379000001, 
        "5": 49719913.799999997, 
        "6": 63108932.920999996, 
        "7": 54144546.766999997, 
        "8": 44117881.237000003, 
        "9": 33203361.386999998
    }, 
    "averaged_NPV": 44699260.279100008
}