{
    "std": 13157932.747979453, 
    "raw_results": {
        "0": 41130714.149999999, 
        "1": 56116377.660999998, 
        "2": 61067170.347999997, 
        "3": 83238785.770999998, 
        "4": 60237012.759000003, 
        "5": 69901332.267000005, 
        "6": 87007589.479000002, 
        "7": 75390372.618000001, 
        "8": 65575490.880999997, 
        "9": 55126234.467
    }, 
    "averaged_NPV": 65479108.040100016
}