{
    "std": 12686834.20819233, 
    "raw_results": {
        "0": 38122833.773000002, 
        "1": 51913603.472999997, 
        "2": 56957418.141999997, 
        "3": 79097190.908999994, 
        "4": 56117082.758000001, 
        "5": 65612884.913999997, 
        "6": 81573665.988999993, 
        "7": 70688275.318000004, 
        "8": 61196130.508000001, 
        "9": 51098173.449000001
    }, 
    "averaged_NPV": 61237725.923299991
}