{
    "std": 12505396.301118586, 
    "raw_results": {
        "0": 42292465.838, 
        "1": 59381693.744999997, 
        "2": 64939559.752999999, 
        "3": 84406218.791999996, 
        "4": 63747370.274999999, 
        "5": 69688671.247999996, 
        "6": 86810252.861000001, 
        "7": 75254909.944000006, 
        "8": 66540232.125, 
        "9": 56534178.163000003
    }, 
    "averaged_NPV": 66959555.274400011
}