{
    "std": 12593664.367223194, 
    "raw_results": {
        "0": 37219594.669, 
        "1": 50937207.935000002, 
        "2": 55587017.483000003, 
        "3": 78082670.993000001, 
        "4": 55151202.405000001, 
        "5": 64192864.891999997, 
        "6": 80313701.261000007, 
        "7": 69378398.762999997, 
        "8": 59629988.993000001, 
        "9": 50167389.447999999
    }, 
    "averaged_NPV": 60066003.684200004
}