{
    "std": 12537480.410282305, 
    "raw_results": {
        "0": 37495816.810999997, 
        "1": 53053830.369000003, 
        "2": 58250450.419, 
        "3": 78778062.050999999, 
        "4": 57403830.715000004, 
        "5": 64647203.968999997, 
        "6": 81274521.413000003, 
        "7": 69976934.236000001, 
        "8": 62483319.549999997, 
        "9": 50324760.566
    }, 
    "averaged_NPV": 61368873.009899996
}