{
    "std": 12924081.357528614, 
    "raw_results": {
        "0": 39627860.134999998, 
        "1": 53899674.708999999, 
        "2": 58964823.057999998, 
        "3": 81486234.062999994, 
        "4": 58145053.354999997, 
        "5": 67655460.941, 
        "6": 84251374.988999993, 
        "7": 72433377.871999994, 
        "8": 63191660.134000003, 
        "9": 53095990.174999997
    }, 
    "averaged_NPV": 63275150.943099998
}