{
    "std": 12551556.943036029, 
    "raw_results": {
        "0": 39665545.647, 
        "1": 56387445.589000002, 
        "2": 61919735.891999997, 
        "3": 81480102.954999998, 
        "4": 60553271.990000002, 
        "5": 67051145.741999999, 
        "6": 84043501.192000002, 
        "7": 72466980.821999997, 
        "8": 66688567.016999997, 
        "9": 53284503.237000003
    }, 
    "averaged_NPV": 64354080.008299991
}