{
    "std": 12598739.675017074, 
    "raw_results": {
        "0": 39198164.865000002, 
        "1": 55597670.340000004, 
        "2": 61110757.255999997, 
        "3": 80900577.961999997, 
        "4": 59846203.427000001, 
        "5": 66591197.696999997, 
        "6": 83573066.231000006, 
        "7": 71960186.650000006, 
        "8": 65976139.971000001, 
        "9": 52422909.016000003
    }, 
    "averaged_NPV": 63717687.341500007
}