{
    "std": 12458487.521127056, 
    "raw_results": {
        "0": 38123712.876999997, 
        "1": 53815970.039999999, 
        "2": 59274183.886, 
        "3": 79280794.076000005, 
        "4": 57973722.869999997, 
        "5": 64985957.064000003, 
        "6": 81799963.626000002, 
        "7": 70398247.057999998, 
        "8": 63756461.990999997, 
        "9": 51124563.733999997
    }, 
    "averaged_NPV": 62053357.722199991
}