{
    "std": 12511324.868418682, 
    "raw_results": {
        "0": 40338147.064000003, 
        "1": 57134106.619999997, 
        "2": 62422575.917000003, 
        "3": 82247843.696999997, 
        "4": 61461026.401000001, 
        "5": 67733839.934, 
        "6": 84512646.886000007, 
        "7": 73270898.535999998, 
        "8": 63851124.766999997, 
        "9": 53973411.859999999
    }, 
    "averaged_NPV": 64694562.168200001
}