{
    "std": 12533544.719589535, 
    "raw_results": {
        "0": 42028148.005000003, 
        "1": 57085416.291000001, 
        "2": 62374419.483000003, 
        "3": 85735509.378999993, 
        "4": 61165537.152999997, 
        "5": 67788802.966999993, 
        "6": 84566464.346000001, 
        "7": 72798960.341999993, 
        "8": 66607055.245999999, 
        "9": 56117916.998000003
    }, 
    "averaged_NPV": 65626823.021000005
}