{
    "std": 12680762.91152616, 
    "raw_results": {
        "0": 39472358.089000002, 
        "1": 53758177.335000001, 
        "2": 61542378.667000003, 
        "3": 81139724.459999993, 
        "4": 60457082.005999997, 
        "5": 66841492.68, 
        "6": 83556664.408000007, 
        "7": 72482685.914000005, 
        "8": 66183927.545999996, 
        "9": 52947667.958999999
    }, 
    "averaged_NPV": 63838215.906400003
}