{
    "std": 12494091.314322496, 
    "raw_results": {
        "0": 39233060.851999998, 
        "1": 55662957.912, 
        "2": 61142645.645999998, 
        "3": 80634315.653999999, 
        "4": 59735364.272, 
        "5": 66521284.608000003, 
        "6": 83331644.740999997, 
        "7": 71932903.907000005, 
        "8": 65716131.821000002, 
        "9": 52583002.498999998
    }, 
    "averaged_NPV": 63649331.191199996
}