{
    "std": 12587692.058413556, 
    "raw_results": {
        "0": 40050130.406999998, 
        "1": 56092487.182999998, 
        "2": 62177764.726000004, 
        "3": 81615373.679000005, 
        "4": 60744830.192000002, 
        "5": 67267125.165999994, 
        "6": 84411401.657000005, 
        "7": 72728221.276999995, 
        "8": 66890820.123000003, 
        "9": 53272659.600000001
    }, 
    "averaged_NPV": 64525081.401000008
}