{
    "std": 12375884.697023217, 
    "raw_results": {
        "0": 21711296.293000001, 
        "1": 36687075.005000003, 
        "2": 39876785.704000004, 
        "3": 61203858.862999998, 
        "4": 39239640.494000003, 
        "5": 49581081.784999996, 
        "6": 63689446.744000003, 
        "7": 54191838.685999997, 
        "8": 43169406.270999998, 
        "9": 32916100.675999999
    }, 
    "averaged_NPV": 44226653.052100003
}