{
    "std": 12918562.928929513, 
    "raw_results": {
        "0": 35414603.715999998, 
        "1": 50453677.222999997, 
        "2": 55232033.814999998, 
        "3": 77944475.984999999, 
        "4": 54685424.822999999, 
        "5": 63592657.052000001, 
        "6": 80020481.810000002, 
        "7": 69032407.994000003, 
        "8": 59524322.100000001, 
        "9": 49667358.560999997
    }, 
    "averaged_NPV": 59556744.307899997
}