{
    "std": 12585945.015854381, 
    "raw_results": {
        "0": 34868673.140000001, 
        "1": 49768756.112000003, 
        "2": 54110083.619000003, 
        "3": 76326891.231000006, 
        "4": 53645166.049000002, 
        "5": 62688115.941, 
        "6": 78434862.038000003, 
        "7": 67733094.346000001, 
        "8": 58531607.098999999, 
        "9": 49089322.278999999
    }, 
    "averaged_NPV": 58519657.185399994
}