{
    "std": 13059985.281554492, 
    "raw_results": {
        "0": 39058013.355999999, 
        "1": 53715518.829000004, 
        "2": 58404039.968000002, 
        "3": 80785186.141000003, 
        "4": 57627930.395000003, 
        "5": 67138906.158999994, 
        "6": 84330491.694000006, 
        "7": 72842389.539000005, 
        "8": 62874175.508000001, 
        "9": 52465984.134000003
    }, 
    "averaged_NPV": 62924263.572300002
}