{
    "std": 12634117.573599055, 
    "raw_results": {
        "0": 38357500.376999997, 
        "1": 52105926.744999997, 
        "2": 56804589.421999998, 
        "3": 79340208.787, 
        "4": 58268737.516999997, 
        "5": 64973464.174000002, 
        "6": 81993750.231999993, 
        "7": 70313503.582000002, 
        "8": 64214253.079000004, 
        "9": 51243078.336000003
    }, 
    "averaged_NPV": 61761501.225100003
}