{
    "std": 12502955.939819157, 
    "raw_results": {
        "0": 37582096.505000003, 
        "1": 53038875.718999997, 
        "2": 58281937.012999997, 
        "3": 78675646.097000003, 
        "4": 57433128.300999999, 
        "5": 64702362.552000001, 
        "6": 81231969.429000005, 
        "7": 69992222.788000003, 
        "8": 62528805.343999997, 
        "9": 50317430.280000001
    }, 
    "averaged_NPV": 61378447.402800001
}