{
    "std": 12526955.846091339, 
    "raw_results": {
        "0": 39242529.259999998, 
        "1": 55019427.482000001, 
        "2": 61169618.060000002, 
        "3": 80618716.566, 
        "4": 59696296.549000002, 
        "5": 66491602.693000004, 
        "6": 83338234.393999994, 
        "7": 71902886.765000001, 
        "8": 65458491.968000002, 
        "9": 52589896.726999998
    }, 
    "averaged_NPV": 63552770.046399996
}