{
    "std": 12894464.402626786, 
    "raw_results": {
        "0": 39530773.331, 
        "1": 53641222.663000003, 
        "2": 58867053.800999999, 
        "3": 81411988.886999995, 
        "4": 58062354.810999997, 
        "5": 67113786.710999995, 
        "6": 83993213.134000003, 
        "7": 72359247.703999996, 
        "8": 63153037.505000003, 
        "9": 53065003.427000001
    }, 
    "averaged_NPV": 63119768.197400011
}