{
    "std": 12132079.695190176, 
    "raw_results": {
        "0": 23928867.261, 
        "1": 37522970.614, 
        "2": 40771307.990000002, 
        "3": 65084839.678000003, 
        "4": 40766403.144000001, 
        "5": 50050256.189999998, 
        "6": 63125040.744000003, 
        "7": 54786767.568000004, 
        "8": 44221214.247000001, 
        "9": 35729401.637999997
    }, 
    "averaged_NPV": 45598706.907399997
}