{
    "std": 12565258.603332255, 
    "raw_results": {
        "0": 39976335.049000002, 
        "1": 56332479.351999998, 
        "2": 62349973.425999999, 
        "3": 81629376.812999994, 
        "4": 60915196.188000001, 
        "5": 67374692.038000003, 
        "6": 84411401.657000005, 
        "7": 72760013.522, 
        "8": 66971832.118000001, 
        "9": 53502997.603
    }, 
    "averaged_NPV": 64622429.776600003
}