{
    "std": 12681300.701422062, 
    "raw_results": {
        "0": 40658920.700000003, 
        "1": 56628864.042999998, 
        "2": 62813962.439999998, 
        "3": 82634502.274000004, 
        "4": 61386353.762000002, 
        "5": 67987808.600999996, 
        "6": 85229523.855000004, 
        "7": 73411104.442000002, 
        "8": 67623613.202000007, 
        "9": 53975544.038000003
    }, 
    "averaged_NPV": 65235019.735700011
}