{
    "std": 12739113.296397509, 
    "raw_results": {
        "0": 24009812.954, 
        "1": 37425816.780000001, 
        "2": 40660557.381999999, 
        "3": 65278425.314000003, 
        "4": 40483887.57, 
        "5": 50001124.409000002, 
        "6": 67029336.674000002, 
        "7": 54324705.921999998, 
        "8": 44335833.586000003, 
        "9": 35757630.357000001
    }, 
    "averaged_NPV": 45930713.094800003
}