{
    "std": 12503796.524731679, 
    "raw_results": {
        "0": 40666386.545999996, 
        "1": 57474648.079999998, 
        "2": 62910592.872000001, 
        "3": 82539171.894999996, 
        "4": 61854010.827, 
        "5": 68075492.682999998, 
        "6": 84878838.341999993, 
        "7": 73658420.077000007, 
        "8": 64277952.601000004, 
        "9": 54381939.748000003
    }, 
    "averaged_NPV": 65071745.3671
}