{
    "std": 12836389.648368873, 
    "raw_results": {
        "0": 38024800.228, 
        "1": 52006403.792999998, 
        "2": 56922216.640000001, 
        "3": 79486027.564999998, 
        "4": 56154462.697999999, 
        "5": 65687354.402000003, 
        "6": 82038000.222000003, 
        "7": 70767682.588, 
        "8": 61160591.240000002, 
        "9": 51087691.005999997
    }, 
    "averaged_NPV": 61333523.038200006
}