{
    "std": 12535697.952993354, 
    "raw_results": {
        "0": 41371572.615000002, 
        "1": 58390998.181999996, 
        "2": 63754116.512000002, 
        "3": 83403252.202999994, 
        "4": 62721707.682999998, 
        "5": 68822373.182999998, 
        "6": 85886980.606000006, 
        "7": 74312073.052000001, 
        "8": 65081546.468000002, 
        "9": 55275230.865999997
    }, 
    "averaged_NPV": 65901985.136999987
}