{
    "std": 12614991.275242331, 
    "raw_results": {
        "0": 38548043.450000003, 
        "1": 52448734.905000001, 
        "2": 57419369.726000004, 
        "3": 79736347.660999998, 
        "4": 58799408.560999997, 
        "5": 65285037.207999997, 
        "6": 82161237.243000001, 
        "7": 70691847.318000004, 
        "8": 64685021.166000001, 
        "9": 51774023.898000002
    }, 
    "averaged_NPV": 62154907.113599993
}