{
    "std": 12073315.91093941, 
    "raw_results": {
        "0": 22112511.738000002, 
        "1": 36363277.300999999, 
        "2": 39686002.524999999, 
        "3": 60869699.873000003, 
        "4": 39526947.089000002, 
        "5": 49025779.148000002, 
        "6": 62916025.865999997, 
        "7": 53512418.887000002, 
        "8": 43694420.348999999, 
        "9": 32889466.754000001
    }, 
    "averaged_NPV": 44059654.953000002
}