{
    "std": 12601511.075679114, 
    "raw_results": {
        "0": 38437400.644000001, 
        "1": 52585527.447999999, 
        "2": 57364905.475000001, 
        "3": 79489455.093999997, 
        "4": 58903810.568000004, 
        "5": 65492175.615999997, 
        "6": 82094118.638999999, 
        "7": 70703547.503999993, 
        "8": 64617083.329000004, 
        "9": 51569786.559
    }, 
    "averaged_NPV": 62125781.087600008
}