{
    "std": 12559177.219748, 
    "raw_results": {
        "0": 39954988.762999997, 
        "1": 57160482.443999998, 
        "2": 62390763.693999998, 
        "3": 82028174.475999996, 
        "4": 61419778.859999999, 
        "5": 67603302.267000005, 
        "6": 84496930.553000003, 
        "7": 73139028.978, 
        "8": 63766405.851999998, 
        "9": 53766697.678999998
    }, 
    "averaged_NPV": 64572655.356600009
}