{
    "std": 12753097.218518868, 
    "raw_results": {
        "0": 40975316.854000002, 
        "1": 56790457.446000002, 
        "2": 62973030.612000003, 
        "3": 83096042.412, 
        "4": 61561498.25, 
        "5": 68391870.821999997, 
        "6": 85805711.187999994, 
        "7": 73856015.923999995, 
        "8": 67674611.459999993, 
        "9": 54437656.658
    }, 
    "averaged_NPV": 65556221.162600003
}