{
    "std": 12785785.191885985, 
    "raw_results": {
        "0": 39824250.167000003, 
        "1": 54580425.552000001, 
        "2": 59368221.524999999, 
        "3": 81410669.285999998, 
        "4": 58598142.998000003, 
        "5": 67801549.405000001, 
        "6": 84115907.935000002, 
        "7": 72953197.900999993, 
        "8": 63791601.288000003, 
        "9": 53505283.402999997
    }, 
    "averaged_NPV": 63594924.946000002
}