{
    "std": 11851523.813534781, 
    "raw_results": {
        "0": 24010070.965999998, 
        "1": 37734989.379000001, 
        "2": 41142483.109999999, 
        "3": 63193143.829000004, 
        "4": 40803060.186999999, 
        "5": 50616925.625, 
        "6": 63267023.185999997, 
        "7": 54993480.968000002, 
        "8": 44723829.119999997, 
        "9": 35705095.056000002
    }, 
    "averaged_NPV": 45619010.1426
}