{
    "std": 12612199.183669865, 
    "raw_results": {
        "0": 41082121.744000003, 
        "1": 58274761.042000003, 
        "2": 63681782.873000003, 
        "3": 83371297.544, 
        "4": 62631103.833999999, 
        "5": 68786804.284999996, 
        "6": 85831216.892000005, 
        "7": 74303946.840000004, 
        "8": 64997978.037, 
        "9": 54998941.218000002
    }, 
    "averaged_NPV": 65795995.430900015
}