{
    "std": 12649051.479815934, 
    "raw_results": {
        "0": 41379794.729999997, 
        "1": 58185468.034000002, 
        "2": 63909775.248999998, 
        "3": 83578989.788000003, 
        "4": 62780362.795000002, 
        "5": 68953282.057999998, 
        "6": 86238724.695999995, 
        "7": 74296083.733999997, 
        "8": 68802623.964000002, 
        "9": 55269103.607000001
    }, 
    "averaged_NPV": 66339420.865499996
}