{
    "std": 12579213.17916848, 
    "raw_results": {
        "0": 40046176.120999999, 
        "1": 57174873.031999998, 
        "2": 62413324.329999998, 
        "3": 82245823.853, 
        "4": 61456478.428000003, 
        "5": 67719713.922999993, 
        "6": 84515821.812999994, 
        "7": 73225210.974000007, 
        "8": 63816109.667000003, 
        "9": 53786141.358000003
    }, 
    "averaged_NPV": 64639967.349899992
}