{
    "std": 12663252.814794729, 
    "raw_results": {
        "0": 38130458.174999997, 
        "1": 51925398.435999997, 
        "2": 56993650.478, 
        "3": 79058633.945999995, 
        "4": 56151743.831, 
        "5": 65613605.925999999, 
        "6": 81496615.540999994, 
        "7": 70673968.765000001, 
        "8": 61182758.788000003, 
        "9": 51097018.351999998
    }, 
    "averaged_NPV": 61232385.223799989
}