{
    "std": 12699745.960995624, 
    "raw_results": {
        "0": 37954378.838, 
        "1": 52008068.777999997, 
        "2": 56578734.365000002, 
        "3": 79236701.636999995, 
        "4": 56034372.626999997, 
        "5": 65172512.641999997, 
        "6": 81412763.268000007, 
        "7": 70473027.687000006, 
        "8": 60686658.340999998, 
        "9": 50989984.921999998
    }, 
    "averaged_NPV": 61054720.310500003
}