{
    "std": 12849172.172801984, 
    "raw_results": {
        "0": 35268136.192000002, 
        "1": 50430251.060000002, 
        "2": 54794926.792000003, 
        "3": 77536742.160999998, 
        "4": 56489609.369999997, 
        "5": 63634109.649999999, 
        "6": 79997408.548999995, 
        "7": 68816419.799999997, 
        "8": 61777813.178000003, 
        "9": 49652154.016000003
    }, 
    "averaged_NPV": 59839757.076800004
}