{
    "std": 12591044.820728473, 
    "raw_results": {
        "0": 40030503.478, 
        "1": 57134106.619999997, 
        "2": 62421895.115000002, 
        "3": 82247843.696999997, 
        "4": 61460908.285999998, 
        "5": 67733839.934, 
        "6": 84512646.886000007, 
        "7": 73270898.535999998, 
        "8": 63851124.766999997, 
        "9": 53744730.248000003
    }, 
    "averaged_NPV": 64640849.756700002
}