{
    "std": 12613785.607357999, 
    "raw_results": {
        "0": 34742029.434, 
        "1": 48947501.479999997, 
        "2": 53547877.138999999, 
        "3": 75863246.241999999, 
        "4": 53024634.880999997, 
        "5": 62638725.118000001, 
        "6": 78248864.199000001, 
        "7": 67491199.615999997, 
        "8": 57588613.027000003, 
        "9": 48898592.976999998
    }, 
    "averaged_NPV": 58099128.411300004
}