{
    "std": 12806891.885442456, 
    "raw_results": {
        "0": 35300700.622000001, 
        "1": 50379626.381999999, 
        "2": 54900517.274999999, 
        "3": 77523673.679000005, 
        "4": 56415279.092, 
        "5": 63498692.039999999, 
        "6": 79812707.644999996, 
        "7": 68780967.099999994, 
        "8": 61731959.718000002, 
        "9": 49649296.127999999
    }, 
    "averaged_NPV": 59799341.968100011
}