{
    "std": 12498998.342184443, 
    "raw_results": {
        "0": 39916805.306999996, 
        "1": 57160482.443999998, 
        "2": 62334388.681000002, 
        "3": 81864373.839000002, 
        "4": 61419778.859999999, 
        "5": 67574389.915999994, 
        "6": 84249595.916999996, 
        "7": 73050392.905000001, 
        "8": 63766405.851999998, 
        "9": 53766697.678999998
    }, 
    "averaged_NPV": 64510331.140000001
}