{
    "std": 12805114.329083946, 
    "raw_results": {
        "0": 40550527.737000003, 
        "1": 55282132.655000001, 
        "2": 60246409.818999998, 
        "3": 82342109.219999999, 
        "4": 59359473.376000002, 
        "5": 68535860.959999993, 
        "6": 84831097.592999995, 
        "7": 73778191.368000001, 
        "8": 64603751.858000003, 
        "9": 54366446.638999999
    }, 
    "averaged_NPV": 64389600.122499987
}