{
    "std": 12629046.590727694, 
    "raw_results": {
        "0": 41481540.969999999, 
        "1": 58307732.461999997, 
        "2": 64089326.910999998, 
        "3": 83623008.322999999, 
        "4": 62889552.533, 
        "5": 68999083.903999999, 
        "6": 86275824.975999996, 
        "7": 74344735.618000001, 
        "8": 68941342.773000002, 
        "9": 55316425.361000001
    }, 
    "averaged_NPV": 66426857.38310001
}