{
    "std": 12853978.850666786, 
    "raw_results": {
        "0": 41467721.130000003, 
        "1": 55681942.700000003, 
        "2": 60810688.015000001, 
        "3": 83403252.202999994, 
        "4": 60128388.159999996, 
        "5": 68799160.544, 
        "6": 85886980.606000006, 
        "7": 74312073.052000001, 
        "8": 65044874.898000002, 
        "9": 55287016.916000001
    }, 
    "averaged_NPV": 65082209.822400011
}