{
    "std": 12368642.635911334, 
    "raw_results": {
        "0": 39551260.667999998, 
        "1": 55250936.152999997, 
        "2": 60959306.066, 
        "3": 81035107.031000003, 
        "4": 60040060.702, 
        "5": 66895456.607000001, 
        "6": 83655139.104000002, 
        "7": 72374550.006999999, 
        "8": 65593446.656999998, 
        "9": 55449626.586000003
    }, 
    "averaged_NPV": 64080488.958099984
}