{
    "std": 12665293.162393644, 
    "raw_results": {
        "0": 42898885.192000002, 
        "1": 57490272.976000004, 
        "2": 62957673.221000001, 
        "3": 85706417.282000005, 
        "4": 62111053.976000004, 
        "5": 68200930.623999998, 
        "6": 85216370.350999996, 
        "7": 77543811.173999995, 
        "8": 67407131.886999995, 
        "9": 57040901.056999996
    }, 
    "averaged_NPV": 66657344.774000004
}