{
    "std": 12870926.170944918, 
    "raw_results": {
        "0": 40092663.994999997, 
        "1": 54192427.438000001, 
        "2": 59450603.781999998, 
        "3": 81903536.098000005, 
        "4": 58487519.493000001, 
        "5": 67434720.209999993, 
        "6": 84508944.903999999, 
        "7": 72802916.564999998, 
        "8": 63581247.0, 
        "9": 53572400.608999997
    }, 
    "averaged_NPV": 63602698.009399988
}