{
    "std": 12689748.92241732, 
    "raw_results": {
        "0": 38114523.101999998, 
        "1": 51909739.774999999, 
        "2": 56953605.509999998, 
        "3": 79097190.908999994, 
        "4": 56113774.340999998, 
        "5": 65612884.913999997, 
        "6": 81573665.988999993, 
        "7": 70688275.318000004, 
        "8": 61196130.508000001, 
        "9": 51087485.185000002
    }, 
    "averaged_NPV": 61234727.555099986
}