{
    "std": 12624284.034137668, 
    "raw_results": {
        "0": 42567302.456, 
        "1": 57405303.556999996, 
        "2": 62698064.913999997, 
        "3": 85340472.180000007, 
        "4": 61498968.439999998, 
        "5": 67818615.461999997, 
        "6": 84721097.231999993, 
        "7": 77080060.077999994, 
        "8": 66942384.392999999, 
        "9": 56576189.843000002
    }, 
    "averaged_NPV": 66264845.855500005
}