{
    "std": 12672388.584018609, 
    "raw_results": {
        "0": 40434202.526000001, 
        "1": 56461598.251000002, 
        "2": 62735607.875, 
        "3": 82241178.555999994, 
        "4": 61341406.618000001, 
        "5": 67887717.057999998, 
        "6": 85126365.591000006, 
        "7": 73377741.111000001, 
        "8": 67534027.842999995, 
        "9": 53872300.416000001
    }, 
    "averaged_NPV": 65101214.584499992
}