{
    "std": 12570630.606836956, 
    "raw_results": {
        "0": 41988962.284000002, 
        "1": 56655675.964000002, 
        "2": 62207140.456, 
        "3": 85687742.341000006, 
        "4": 61047482.600000001, 
        "5": 67754853.903999999, 
        "6": 84521531.113999993, 
        "7": 72788746.783999994, 
        "8": 66412909.233999997, 
        "9": 56005682.982000001
    }, 
    "averaged_NPV": 65507072.7663
}