{
    "std": 12670308.590169925, 
    "raw_results": {
        "0": 38219240.597000003, 
        "1": 52069748.122000001, 
        "2": 56965376.313000001, 
        "3": 79332880.046000004, 
        "4": 58389425.093000002, 
        "5": 65057031.024999999, 
        "6": 82103556.843999997, 
        "7": 70413115.653999999, 
        "8": 63890537.943000004, 
        "9": 51271982.467
    }, 
    "averaged_NPV": 61771289.410399996
}