{
    "std": 12548380.739425709, 
    "raw_results": {
        "0": 37444931.689999998, 
        "1": 53043694.239, 
        "2": 58250450.419, 
        "3": 78778062.050999999, 
        "4": 57403830.715000004, 
        "5": 64647203.968999997, 
        "6": 81274521.413000003, 
        "7": 69976934.236000001, 
        "8": 62483319.549999997, 
        "9": 50318692.57
    }, 
    "averaged_NPV": 61362164.085199997
}