{
    "std": 12523110.675010856, 
    "raw_results": {
        "0": 41912948.475000001, 
        "1": 56841530.305, 
        "2": 62130822.835000001, 
        "3": 85628487.415999994, 
        "4": 60851917.605999999, 
        "5": 67595370.393000007, 
        "6": 84296878.111000001, 
        "7": 72566612.721000001, 
        "8": 66318310.656999998, 
        "9": 55981083.300999999
    }, 
    "averaged_NPV": 65412396.182000004
}