{
    "std": 12622415.118265672, 
    "raw_results": {
        "0": 39576628.972000003, 
        "1": 56486869.990000002, 
        "2": 61852705.631999999, 
        "3": 81543569.684, 
        "4": 60886669.681000002, 
        "5": 67222268.964000002, 
        "6": 84294876.481000006, 
        "7": 72509741.422999993, 
        "8": 66600819.718999997, 
        "9": 53116380.354999997
    }, 
    "averaged_NPV": 64409053.090100005
}