{
    "std": 12788742.601252409, 
    "raw_results": {
        "0": 35226713.626000002, 
        "1": 49962863.487999998, 
        "2": 54624894.670000002, 
        "3": 76884484.197999999, 
        "4": 53878788.445, 
        "5": 63285895.32, 
        "6": 79503374.952000007, 
        "7": 68452308.222000003, 
        "8": 61421025.068000004, 
        "9": 49500335.748000003
    }, 
    "averaged_NPV": 59274068.3737
}