{
    "std": 12900161.89467377, 
    "raw_results": {
        "0": 38534558.631999999, 
        "1": 52847372.225000001, 
        "2": 57537416.333999999, 
        "3": 80606548.818000004, 
        "4": 56942235.827, 
        "5": 65965140.702, 
        "6": 82783703.887999997, 
        "7": 71453558.034999996, 
        "8": 61634776.730999999, 
        "9": 51956893.684
    }, 
    "averaged_NPV": 62026220.487600006
}