{
    "std": 12504659.684433436, 
    "raw_results": {
        "0": 39004800.711999997, 
        "1": 55174504.299999997, 
        "2": 60840215.581, 
        "3": 80444428.079999998, 
        "4": 59656206.311999999, 
        "5": 66220715.877999999, 
        "6": 83025198.234999999, 
        "7": 71585842.898000002, 
        "8": 65619789.122000001, 
        "9": 52230255.822999999
    }, 
    "averaged_NPV": 63380195.6941
}