{
    "std": 12647424.860695044, 
    "raw_results": {
        "0": 41047267.452, 
        "1": 57841313.82, 
        "2": 63542541.259999998, 
        "3": 83188885.608999997, 
        "4": 62413052.5, 
        "5": 68534052.046000004, 
        "6": 85805711.187999994, 
        "7": 74225788.953999996, 
        "8": 68299500.393000007, 
        "9": 54847646.329999998
    }, 
    "averaged_NPV": 65974575.955200002
}