{
    "std": 12741325.682307035, 
    "raw_results": {
        "0": 38326105.501000002, 
        "1": 52477113.302000001, 
        "2": 57184338.501000002, 
        "3": 79615686.711999997, 
        "4": 56464004.390000001, 
        "5": 65481244.608999997, 
        "6": 82027798.805999994, 
        "7": 70778034.798999995, 
        "8": 64610069.020999998, 
        "9": 51451171.309
    }, 
    "averaged_NPV": 61841556.695000008
}