{
    "std": 12845974.868430454, 
    "raw_results": {
        "0": 39798268.979000002, 
        "1": 54555089.288999997, 
        "2": 59401284.553999998, 
        "3": 81695316.402999997, 
        "4": 58627704.140000001, 
        "5": 67882953.149000004, 
        "6": 84143172.173999995, 
        "7": 73051546.526999995, 
        "8": 63832814.159000002, 
        "9": 53483912.810000002
    }, 
    "averaged_NPV": 63647206.218400002
}