{
    "std": 12492090.900788132, 
    "raw_results": {
        "0": 39670836.774999999, 
        "1": 56012793.719999999, 
        "2": 61720360.678999998, 
        "3": 81098979.046000004, 
        "4": 60360008.978, 
        "5": 66854996.296999998, 
        "6": 83753365.847000003, 
        "7": 72334387.450000003, 
        "8": 66557228.049000002, 
        "9": 53052363.432999998
    }, 
    "averaged_NPV": 64141532.027399994
}