{
    "std": 12635385.189378848, 
    "raw_results": {
        "0": 42643648.960000001, 
        "1": 57196497.663000003, 
        "2": 62711489.484999999, 
        "3": 85403397.341999993, 
        "4": 61512403.071000002, 
        "5": 67824391.298999995, 
        "6": 84788530.070999995, 
        "7": 77089231.895999998, 
        "8": 66955866.222999997, 
        "9": 56692152.391000003
    }, 
    "averaged_NPV": 66281760.840100005
}