{
    "std": 12455821.251567692, 
    "raw_results": {
        "0": 37185800.259000003, 
        "1": 52935008.725000001, 
        "2": 58006632.880000003, 
        "3": 78265974.753000006, 
        "4": 56881296.240000002, 
        "5": 64202311.868000001, 
        "6": 80716399.064999998, 
        "7": 69525338.936000004, 
        "8": 62325184.218999997, 
        "9": 49961518.32
    }, 
    "averaged_NPV": 61000546.526500009
}