{
    "std": 12924815.746155147, 
    "raw_results": {
        "0": 38912275.247000001, 
        "1": 53221241.502999999, 
        "2": 57959960.159000002, 
        "3": 80942728.427000001, 
        "4": 57341175.454999998, 
        "5": 66175351.759999998, 
        "6": 83272962.768999994, 
        "7": 71864579.996999994, 
        "8": 62079912.465999998, 
        "9": 52112427.218999997
    }, 
    "averaged_NPV": 62388261.500199996
}