{
    "std": 12509900.29493971, 
    "raw_results": {
        "0": 39152233.674000002, 
        "1": 55662957.912, 
        "2": 61142645.645999998, 
        "3": 80634315.653999999, 
        "4": 59735364.272, 
        "5": 66521284.608000003, 
        "6": 83331644.740999997, 
        "7": 71932903.907000005, 
        "8": 65716131.821000002, 
        "9": 52583002.498999998
    }, 
    "averaged_NPV": 63641248.473399997
}