{
    "std": 12458787.52375737, 
    "raw_results": {
        "0": 39636158.864, 
        "1": 56046728.571999997, 
        "2": 61744652.186999999, 
        "3": 81007774.783000007, 
        "4": 60397052.362000003, 
        "5": 66891639.490000002, 
        "6": 83613574.467999995, 
        "7": 72330960.011000007, 
        "8": 66573815.773999996, 
        "9": 53085633.012999997
    }, 
    "averaged_NPV": 64132798.952400006
}