{
    "std": 12602242.519898061, 
    "raw_results": {
        "0": 41241807.233999997, 
        "1": 58231651.604000002, 
        "2": 63655152.708999999, 
        "3": 83403252.202999994, 
        "4": 62603504.383000001, 
        "5": 68799160.544, 
        "6": 85886980.606000006, 
        "7": 74312073.052000001, 
        "8": 65027934.467, 
        "9": 54957666.880000003
    }, 
    "averaged_NPV": 65811918.368200004
}