{
    "std": 12625777.161234761, 
    "raw_results": {
        "0": 40046256.862999998, 
        "1": 56304188.053000003, 
        "2": 62361697.517999999, 
        "3": 81939098.562999994, 
        "4": 60939972.112999998, 
        "5": 67474764.027999997, 
        "6": 84515821.812999994, 
        "7": 72900401.003000006, 
        "8": 67037039.039999999, 
        "9": 53477729.456
    }, 
    "averaged_NPV": 64699696.844999991
}