{
    "std": 12845772.47618177, 
    "raw_results": {
        "0": 35332009.641999997, 
        "1": 50412694.185000002, 
        "2": 54912843.816, 
        "3": 77609597.109999999, 
        "4": 56493107.498000003, 
        "5": 63622166.167999998, 
        "6": 79979279.004999995, 
        "7": 68885001.674999997, 
        "8": 61798756.553999998, 
        "9": 49649296.127999999
    }, 
    "averaged_NPV": 59869475.178100005
}