{
    "std": 12572505.025279932, 
    "raw_results": {
        "0": 41722617.052000001, 
        "1": 58418382.651000001, 
        "2": 64141840.228, 
        "3": 83659334.810000002, 
        "4": 62947568.163000003, 
        "5": 68992363.552000001, 
        "6": 86301888.965000004, 
        "7": 74337747.224999994, 
        "8": 69035526.703999996, 
        "9": 55425782.663000003
    }, 
    "averaged_NPV": 66498305.201300003
}