{
    "std": 12728567.874080451, 
    "raw_results": {
        "0": 38362542.376999997, 
        "1": 52447577.511, 
        "2": 57171047.453000002, 
        "3": 79550764.459999993, 
        "4": 56450598.197999999, 
        "5": 65470329.524999999, 
        "6": 82035335.761000007, 
        "7": 70739291.899000004, 
        "8": 64613646.333999999, 
        "9": 51432308.151000001
    }, 
    "averaged_NPV": 61827344.166900001
}