{
    "std": 12842639.899627922, 
    "raw_results": {
        "0": 35059827.864, 
        "1": 50136744.225000001, 
        "2": 54874809.436999999, 
        "3": 77507269.045000002, 
        "4": 54345991.272, 
        "5": 63764456.582000002, 
        "6": 79308905.502000004, 
        "7": 68671850.697999999, 
        "8": 59072929.434, 
        "9": 49603321.520000003
    }, 
    "averaged_NPV": 59234610.557899997
}