{
    "std": 12603439.059696179, 
    "raw_results": {
        "0": 39969520.101999998, 
        "1": 56287702.358999997, 
        "2": 62339247.068000004, 
        "3": 81728160.722000003, 
        "4": 60903175.685999997, 
        "5": 67361705.387999997, 
        "6": 84496930.553000003, 
        "7": 72803795.044, 
        "8": 66974562.752999999, 
        "9": 53459292.402000003
    }, 
    "averaged_NPV": 64632409.207699999
}