{
    "std": 12843436.940563479, 
    "raw_results": {
        "0": 40429504.765000001, 
        "1": 55139408.026000001, 
        "2": 59996825.130000003, 
        "3": 82322149.401999995, 
        "4": 59104683.147, 
        "5": 68362454.024000004, 
        "6": 84955988.236000001, 
        "7": 73474884.020999998, 
        "8": 64315794.534999996, 
        "9": 54390971.476000004
    }, 
    "averaged_NPV": 64249266.276199996
}