{
    "std": 12582510.173903853, 
    "raw_results": {
        "0": 41663008.097000003, 
        "1": 56600641.204999998, 
        "2": 61811587.717, 
        "3": 85513241.983999997, 
        "4": 60686326.046999998, 
        "5": 67469339.689999998, 
        "6": 84208962.066, 
        "7": 72446736.483999997, 
        "8": 66007584.160999998, 
        "9": 55654491.471000001
    }, 
    "averaged_NPV": 65206191.892199993
}