{
    "std": 12647106.975047329, 
    "raw_results": {
        "0": 38383970.998999998, 
        "1": 52286864.056000002, 
        "2": 56803548.620999999, 
        "3": 79385737.312999994, 
        "4": 56105468.213, 
        "5": 65056253.174000002, 
        "6": 81669301.062999994, 
        "7": 70318457.753999993, 
        "8": 64269589.840999998, 
        "9": 51284737.682999998
    }, 
    "averaged_NPV": 61556392.871700004
}