{
    "std": 12749852.212609835, 
    "raw_results": {
        "0": 39740769.908, 
        "1": 53918665.023000002, 
        "2": 59000748.406999998, 
        "3": 81098979.046000004, 
        "4": 58129974.438000001, 
        "5": 67583660.474000007, 
        "6": 83753365.847000003, 
        "7": 72361081.613999993, 
        "8": 63246837.200000003, 
        "9": 53209425.072999999
    }, 
    "averaged_NPV": 63204350.702999994
}