{
    "std": 12049660.079540243, 
    "raw_results": {
        "0": 24472929.186000001, 
        "1": 37940244.167000003, 
        "2": 40968096.803000003, 
        "3": 65150321.847000003, 
        "4": 40730634.247000001, 
        "5": 50159637.116999999, 
        "6": 63687896.637999997, 
        "7": 54519456.795999996, 
        "8": 44461335.979999997, 
        "9": 36051131.696999997
    }, 
    "averaged_NPV": 45814168.447800003
}