{
    "std": 12568090.662827436, 
    "raw_results": {
        "0": 41973261.810999997, 
        "1": 57056836.140000001, 
        "2": 62336289.197999999, 
        "3": 85794994.165000007, 
        "4": 61128644.941, 
        "5": 67751887.718999997, 
        "6": 84626872.414000005, 
        "7": 72810125.864999995, 
        "8": 66572602.016999997, 
        "9": 56097586.195
    }, 
    "averaged_NPV": 65614910.046500005
}