{
    "std": 12880624.332854649, 
    "raw_results": {
        "0": 35380709.762999997, 
        "1": 50429238.115999997, 
        "2": 55195303.946000002, 
        "3": 77686845.797999993, 
        "4": 54183421.094999999, 
        "5": 63646283.335000001, 
        "6": 80016027.486000001, 
        "7": 68637645.623999998, 
        "8": 59249864.912, 
        "9": 49704815.034999996
    }, 
    "averaged_NPV": 59413015.510999992
}