{
    "std": 12595998.648907762, 
    "raw_results": {
        "0": 41242318.994000003, 
        "1": 58231651.604000002, 
        "2": 63655152.708999999, 
        "3": 83403252.202999994, 
        "4": 62603504.383000001, 
        "5": 68799160.544, 
        "6": 85886980.606000006, 
        "7": 74312073.052000001, 
        "8": 65027934.467, 
        "9": 55029196.243000001
    }, 
    "averaged_NPV": 65819122.480500005
}