{
    "std": 12582055.85510641, 
    "raw_results": {
        "0": 39726877.949000001, 
        "1": 56012793.719999999, 
        "2": 61720360.678999998, 
        "3": 81465550.158999994, 
        "4": 60360008.978, 
        "5": 66908781.390000001, 
        "6": 84043501.192000002, 
        "7": 72397653.834000006, 
        "8": 66557228.049000002, 
        "9": 53052363.432999998
    }, 
    "averaged_NPV": 64224511.938299991
}