{
    "std": 12559008.5320109, 
    "raw_results": {
        "0": 41025325.571999997, 
        "1": 57831549.068999998, 
        "2": 63602559.784999996, 
        "3": 82862661.849999994, 
        "4": 62394250.153999999, 
        "5": 68416524.002000004, 
        "6": 85538274.450000003, 
        "7": 74169100.535999998, 
        "8": 68358129.415000007, 
        "9": 54867207.788999997
    }, 
    "averaged_NPV": 65906558.262200013
}