{
    "std": 12684106.61776532, 
    "raw_results": {
        "0": 39149047.634000003, 
        "1": 53477146.431000002, 
        "2": 58548468.752999999, 
        "3": 80787894.952000007, 
        "4": 60258396.055, 
        "5": 66412256.700000003, 
        "6": 83219776.449000001, 
        "7": 72066674.673999995, 
        "8": 62590630.191, 
        "9": 52863164.420000002
    }, 
    "averaged_NPV": 62937345.625899993
}