{
    "std": 12865159.471870469, 
    "raw_results": {
        "0": 40409308.156000003, 
        "1": 54835236.185000002, 
        "2": 59737231.869999997, 
        "3": 82204119.913000003, 
        "4": 58928318.931000002, 
        "5": 68234443.993000001, 
        "6": 84814692.978, 
        "7": 73452082.009000003, 
        "8": 64160621.843000002, 
        "9": 54057844.913000003
    }, 
    "averaged_NPV": 64083390.079099998
}