{
    "std": 12821303.548091412, 
    "raw_results": {
        "0": 34778874.490000002, 
        "1": 49410349.934, 
        "2": 54387763.074000001, 
        "3": 76572175.986000001, 
        "4": 53667433.203000002, 
        "5": 62914924.956, 
        "6": 79178477.733999997, 
        "7": 68025346.674999997, 
        "8": 61179181.523000002, 
        "9": 49095319.858999997
    }, 
    "averaged_NPV": 58920984.7434
}