{
    "std": 12964270.337432235, 
    "raw_results": {
        "0": 40619555.700999998, 
        "1": 55123004.039999999, 
        "2": 60104688.442000002, 
        "3": 83043981.424999997, 
        "4": 59489287.213, 
        "5": 68215657.074000001, 
        "6": 85353148.133000001, 
        "7": 73785909.841999993, 
        "8": 64258265.063000001, 
        "9": 54535570.609999999
    }, 
    "averaged_NPV": 64452906.754299998
}