{
    "std": 12854124.827855425, 
    "raw_results": {
        "0": 35504595.126999997, 
        "1": 50781402.531000003, 
        "2": 57907303.002999999, 
        "3": 78068515.910999998, 
        "4": 56870007.807999998, 
        "5": 63995917.380999997, 
        "6": 80524497.997999996, 
        "7": 69278406.924999997, 
        "8": 62146152.199000001, 
        "9": 49938750.188000001
    }, 
    "averaged_NPV": 60501554.907099985
}