{
    "std": 12648295.858519299, 
    "raw_results": {
        "0": 40374192.538999997, 
        "1": 56417635.101000004, 
        "2": 62652318.134999998, 
        "3": 82328426.909999996, 
        "4": 61203701.846000001, 
        "5": 67775562.848000005, 
        "6": 84876787.449000001, 
        "7": 73220681.134000003, 
        "8": 67405641.643000007, 
        "9": 53893529.004000001
    }, 
    "averaged_NPV": 65014847.660899997
}