{
    "std": 12606488.276051233, 
    "raw_results": {
        "0": 40726993.473999999, 
        "1": 57895843.858999997, 
        "2": 63227810.659999996, 
        "3": 83058171.608999997, 
        "4": 62189408.590000004, 
        "5": 68363666.386000007, 
        "6": 85364727.509000003, 
        "7": 73885671.768000007, 
        "8": 64559468.211999997, 
        "9": 54572064.608999997
    }, 
    "averaged_NPV": 65384382.667599998
}