{
    "std": 12557760.446312046, 
    "raw_results": {
        "0": 37363534.438000001, 
        "1": 50865868.211000003, 
        "2": 55690542.908, 
        "3": 77989466.542999998, 
        "4": 55016613.631999999, 
        "5": 63927244.932999998, 
        "6": 80330106.814999998, 
        "7": 69405565.980000004, 
        "8": 59708351.405000001, 
        "9": 50159284.009000003
    }, 
    "averaged_NPV": 60045657.887400009
}