{
    "std": 12881343.515179727, 
    "raw_results": {
        "0": 40051166.512999997, 
        "1": 54572161.972999997, 
        "2": 59497525.446000002, 
        "3": 81779054.090000004, 
        "4": 58481990.210000001, 
        "5": 67870827.702000007, 
        "6": 84383268.945999995, 
        "7": 73597040.946999997, 
        "8": 63890535.287, 
        "9": 53608558.082000002
    }, 
    "averaged_NPV": 63773212.91960001
}