{
    "std": 13165148.736850027, 
    "raw_results": {
        "0": 36600405.964000002, 
        "1": 52369649.509999998, 
        "2": 56940291.696999997, 
        "3": 79746853.871999994, 
        "4": 56151584.184, 
        "5": 66113314.441, 
        "6": 82245939.577999994, 
        "7": 71173910.469999999, 
        "8": 61485600.963, 
        "9": 51384924.571000002
    }, 
    "averaged_NPV": 61421247.524999991
}