{
    "std": 12509857.0602048, 
    "raw_results": {
        "0": 41912228.149999999, 
        "1": 56853854.939000003, 
        "2": 62100581.175999999, 
        "3": 85599955.714000002, 
        "4": 60828291.129000001, 
        "5": 67534637.034999996, 
        "6": 84271944.113999993, 
        "7": 72486684.237000003, 
        "8": 66272255.928999998, 
        "9": 55979702.805
    }, 
    "averaged_NPV": 65384013.522799991
}