{
    "std": 12872040.416190781, 
    "raw_results": {
        "0": 40521329.324000001, 
        "1": 55175877.586000003, 
        "2": 60157585.263999999, 
        "3": 82637347.728, 
        "4": 59213438.656000003, 
        "5": 68496993.706, 
        "6": 84906475.892000005, 
        "7": 73688770.224999994, 
        "8": 64445752.324000001, 
        "9": 54372536.484999999
    }, 
    "averaged_NPV": 64361610.719000004
}