{
    "std": 12652602.536083294, 
    "raw_results": {
        "0": 37447378.956, 
        "1": 52994158.740999997, 
        "2": 58208789.402000003, 
        "3": 78982014.143999994, 
        "4": 57390742.817000002, 
        "5": 64746206.472000003, 
        "6": 81639223.317000002, 
        "7": 70046128.333000004, 
        "8": 62377479.504000001, 
        "9": 50238533.373000003
    }, 
    "averaged_NPV": 61407065.505900003
}