{
    "std": 12491324.499448735, 
    "raw_results": {
        "0": 40628084.077, 
        "1": 57558981.061999999, 
        "2": 63081527.689000003, 
        "3": 82539171.894999996, 
        "4": 61902075.136, 
        "5": 68075492.682999998, 
        "6": 84878838.341999993, 
        "7": 73658420.077000007, 
        "8": 64403488.207000002, 
        "9": 54498964.656000003
    }, 
    "averaged_NPV": 65122504.382399999
}