{
    "std": 12631480.907981619, 
    "raw_results": {
        "0": 40644471.248000003, 
        "1": 57772584.215000004, 
        "2": 63193147.314999998, 
        "3": 83046386.025999993, 
        "4": 62069505.480999999, 
        "5": 68318414.832000002, 
        "6": 85364727.509000003, 
        "7": 73847398.437000006, 
        "8": 64450094.267999999, 
        "9": 54543668.618000001
    }, 
    "averaged_NPV": 65325039.7949
}