{
    "std": 12637769.064333664, 
    "raw_results": {
        "0": 41014504.463, 
        "1": 58156469.324000001, 
        "2": 63668785.295000002, 
        "3": 83371297.544, 
        "4": 62517109.592, 
        "5": 68743674.922999993, 
        "6": 85831216.892000005, 
        "7": 74303946.840000004, 
        "8": 64899744.052000001, 
        "9": 54969359.321999997
    }, 
    "averaged_NPV": 65747610.824700013
}