{
    "std": 12520963.82449328, 
    "raw_results": {
        "0": 39646394.544, 
        "1": 56012793.719999999, 
        "2": 61720360.678999998, 
        "3": 81172696.711999997, 
        "4": 60360008.978, 
        "5": 66854996.296999998, 
        "6": 83826644.343999997, 
        "7": 72373510.991999999, 
        "8": 66557228.049000002, 
        "9": 53052363.432999998
    }, 
    "averaged_NPV": 64157699.774799988
}