{
    "std": 13130379.564206135, 
    "raw_results": {
        "0": 36316966.321000002, 
        "1": 51659025.726999998, 
        "2": 56681255.325999998, 
        "3": 78891533.414000005, 
        "4": 55824168.552000001, 
        "5": 65536925.034000002, 
        "6": 81932552.696999997, 
        "7": 70893416.511999995, 
        "8": 60900426.979000002, 
        "9": 50733078.151000001
    }, 
    "averaged_NPV": 60936934.871299997
}