{
    "std": 12899295.512830587, 
    "raw_results": {
        "0": 39395369.895000003, 
        "1": 53953429.700999998, 
        "2": 58721415.796999998, 
        "3": 80632047.570999995, 
        "4": 57900546.656000003, 
        "5": 67237651.081, 
        "6": 84270513.650000006, 
        "7": 72913022.267000005, 
        "8": 63051888.046999998, 
        "9": 52943154.294
    }, 
    "averaged_NPV": 63101903.895899996
}