{
    "std": 11805823.636401746, 
    "raw_results": {
        "0": 23629308.300000001, 
        "1": 36808264.726000004, 
        "2": 40314970.358000003, 
        "3": 61715485.134000003, 
        "4": 39875654.769000001, 
        "5": 49690946.527000003, 
        "6": 62545004.178000003, 
        "7": 53892854.774999999, 
        "8": 43833279.846000001, 
        "9": 33428874.704
    }, 
    "averaged_NPV": 44573464.331699997
}