{
    "std": 12984255.234962549, 
    "raw_results": {
        "0": 39737162.597000003, 
        "1": 54255523.629000001, 
        "2": 59031072.662, 
        "3": 81320981.952999994, 
        "4": 58119855.163999997, 
        "5": 67737008.740999997, 
        "6": 84827134.371999994, 
        "7": 73124094.972000003, 
        "8": 63409311.395999998, 
        "9": 53309676.237000003
    }, 
    "averaged_NPV": 63487182.172299996
}