{
    "std": 12585165.296849325, 
    "raw_results": {
        "0": 39294953.424000002, 
        "1": 55559668.932999998, 
        "2": 61067611.292000003, 
        "3": 80909989.300999999, 
        "4": 59805812.151000001, 
        "5": 66538483.094999999, 
        "6": 83573554.724000007, 
        "7": 71941437.746000007, 
        "8": 65926789.173, 
        "9": 52394265.517999999
    }, 
    "averaged_NPV": 63701256.535700001
}