{
    "std": 12364609.728790166, 
    "raw_results": {
        "0": 37186048.836000003, 
        "1": 52946579.722000003, 
        "2": 58127888.213, 
        "3": 78094273.072999999, 
        "4": 56931944.399999999, 
        "5": 64259509.788000003, 
        "6": 80321740.840000004, 
        "7": 69530821.677000001, 
        "8": 62379644.052000001, 
        "9": 49989341.637999997
    }, 
    "averaged_NPV": 60976779.223899998
}