{
    "std": 12532338.253193233, 
    "raw_results": {
        "0": 39574157.936999999, 
        "1": 55474569.513999999, 
        "2": 61516534.527999997, 
        "3": 81035107.031000003, 
        "4": 60157318.420999996, 
        "5": 66895456.607000001, 
        "6": 83655139.104000002, 
        "7": 72374550.006999999, 
        "8": 66137709.898000002, 
        "9": 53011214.880999997
    }, 
    "averaged_NPV": 63983175.792799994
}