{
    "std": 12710034.65363826, 
    "raw_results": {
        "0": 39514932.998000003, 
        "1": 53844055.283, 
        "2": 61728172.538000003, 
        "3": 81291047.693000004, 
        "4": 60489757.002999999, 
        "5": 66835335.868000001, 
        "6": 83758780.393000007, 
        "7": 72478450.621000007, 
        "8": 66385728.376000002, 
        "9": 53029957.056999996
    }, 
    "averaged_NPV": 63935621.783000007
}