{
    "std": 12506010.538589492, 
    "raw_results": {
        "0": 38752526.189999998, 
        "1": 52670015.567000002, 
        "2": 60289207.509000003, 
        "3": 79822903.785999998, 
        "4": 59100611.622000001, 
        "5": 65655198.728, 
        "6": 82190213.209999993, 
        "7": 70995676.583000004, 
        "8": 65033800.130999997, 
        "9": 51970599.581
    }, 
    "averaged_NPV": 62648075.290699996
}