{
    "std": 12724592.941011097, 
    "raw_results": {
        "0": 39491671.427000001, 
        "1": 53758177.335000001, 
        "2": 61542378.667000003, 
        "3": 81253601.089000002, 
        "4": 60457082.005999997, 
        "5": 66879720.583999999, 
        "6": 83756076.645999998, 
        "7": 72482757.843999997, 
        "8": 66183927.545999996, 
        "9": 52947667.958999999
    }, 
    "averaged_NPV": 63875306.11029999
}