{
    "std": 12603277.963726759, 
    "raw_results": {
        "0": 40726993.473999999, 
        "1": 57895843.858999997, 
        "2": 63227810.659999996, 
        "3": 83051787.491999999, 
        "4": 62189408.590000004, 
        "5": 68363666.386000007, 
        "6": 85353273.486000001, 
        "7": 73878255.147, 
        "8": 64559468.211999997, 
        "9": 54572064.608999997
    }, 
    "averaged_NPV": 65381857.191500008
}