{
    "std": 12548292.059254659, 
    "raw_results": {
        "0": 38799450.134999998, 
        "1": 52769548.82, 
        "2": 60379070.552000001, 
        "3": 79814142.107999995, 
        "4": 59240284.294, 
        "5": 65779540.331, 
        "6": 82519482.156000003, 
        "7": 71136423.059, 
        "8": 65136594.656999998, 
        "9": 51970599.581
    }, 
    "averaged_NPV": 62754513.569299996
}