{
    "std": 12618142.780108253, 
    "raw_results": {
        "0": 40955841.816, 
        "1": 57655402.292000003, 
        "2": 63360399.421999998, 
        "3": 82873584.503999993, 
        "4": 62273234.641999997, 
        "5": 68434855.643999994, 
        "6": 85532908.454999998, 
        "7": 74189380.637999997, 
        "8": 68253053.643000007, 
        "9": 54575768.964000002
    }, 
    "averaged_NPV": 65810443.001999997
}