{
    "std": 12574207.885301566, 
    "raw_results": {
        "0": 39587120.674999997, 
        "1": 56412787.199000001, 
        "2": 61839133.425999999, 
        "3": 81472767.939999998, 
        "4": 60867838.674999997, 
        "5": 67228770.968999997, 
        "6": 84013053.017000005, 
        "7": 72551450.695999995, 
        "8": 66664139.806999996, 
        "9": 53135997.017999999
    }, 
    "averaged_NPV": 64377305.942200005
}