{
    "std": 12731953.94824216, 
    "raw_results": {
        "0": 38323359.125, 
        "1": 52459158.111000001, 
        "2": 57177244.465999998, 
        "3": 79542420.362000003, 
        "4": 56450184.531999998, 
        "5": 65455240.090000004, 
        "6": 82015547.765000001, 
        "7": 70752677.678000003, 
        "8": 64610069.020999998, 
        "9": 51418922.836000003
    }, 
    "averaged_NPV": 61820482.398599997
}