{
    "std": 12568055.848020248, 
    "raw_results": {
        "0": 41063459.009000003, 
        "1": 57812434.406999998, 
        "2": 63504378.191, 
        "3": 83064297.561000004, 
        "4": 62303695.357000001, 
        "5": 68486062.638999999, 
        "6": 85481205.113000005, 
        "7": 74077796.959000006, 
        "8": 68370427.533999994, 
        "9": 54903544.450000003
    }, 
    "averaged_NPV": 65906730.122000001
}