{
    "std": 12593607.093874892, 
    "raw_results": {
        "0": 40011242.269000001, 
        "1": 56324686.193999998, 
        "2": 62372308.233999997, 
        "3": 81807808.555999994, 
        "4": 60950763.961000003, 
        "5": 67468794.547999993, 
        "6": 84411401.657000005, 
        "7": 72867296.240999997, 
        "8": 67026759.505999997, 
        "9": 53482145.101000004
    }, 
    "averaged_NPV": 64672320.626699999
}