{
    "std": 12810535.994678415, 
    "raw_results": {
        "0": 38465974.717, 
        "1": 52871471.006999999, 
        "2": 57579990.648999996, 
        "3": 80164083.392000005, 
        "4": 56978302.131999999, 
        "5": 65922748.412, 
        "6": 82617427.263999999, 
        "7": 71397254.184, 
        "8": 61688962.086000003, 
        "9": 51981530.755999997
    }, 
    "averaged_NPV": 61966774.459899999
}