{
    "std": 13145392.368702298, 
    "raw_results": {
        "0": 36175729.539999999, 
        "1": 51492625.108000003, 
        "2": 56233647.107000001, 
        "3": 78810135.209000006, 
        "4": 55547747.696000002, 
        "5": 65008118.848999999, 
        "6": 81895602.660999998, 
        "7": 70549995.942000002, 
        "8": 60569854.805, 
        "9": 50576960.321000002
    }, 
    "averaged_NPV": 60686041.723799989
}