{
    "std": 12708265.061493341, 
    "raw_results": {
        "0": 42272375.847999997, 
        "1": 56760535.424000002, 
        "2": 64706927.744000003, 
        "3": 84385956.957000002, 
        "4": 63634938.901000001, 
        "5": 69670006.724000007, 
        "6": 86810252.861000001, 
        "7": 75238707.908999994, 
        "8": 66424790.853, 
        "9": 56347916.774999999
    }, 
    "averaged_NPV": 66625240.999600008
}