{
    "std": 12781452.3365396, 
    "raw_results": {
        "0": 38652633.450000003, 
        "1": 53023792.417000003, 
        "2": 57750455.879000001, 
        "3": 80032469.202999994, 
        "4": 57127150.270000003, 
        "5": 65875933.016999997, 
        "6": 82589239.476999998, 
        "7": 71496820.164000005, 
        "8": 65197646.088, 
        "9": 51853486.605999999
    }, 
    "averaged_NPV": 62359962.657099985
}