{
    "std": 12562546.719454475, 
    "raw_results": {
        "0": 38404154.560999997, 
        "1": 51939441.085000001, 
        "2": 56845642.637000002, 
        "3": 79198685.400999993, 
        "4": 58369679.848999999, 
        "5": 64917961.847999997, 
        "6": 81669301.062999994, 
        "7": 70298225.857999995, 
        "8": 64208954.722000003, 
        "9": 51211965.298
    }, 
    "averaged_NPV": 61706401.232199989
}