{
    "std": 12877639.308321752, 
    "raw_results": {
        "0": 40077915.472999997, 
        "1": 54531524.869000003, 
        "2": 59512185.564000003, 
        "3": 81781005.849000007, 
        "4": 58519986.505999997, 
        "5": 67897638.368000001, 
        "6": 84423938.612000003, 
        "7": 73629749.476999998, 
        "8": 63915531.57, 
        "9": 53733282.813000001
    }, 
    "averaged_NPV": 63802275.910100006
}