{
    "std": 12643662.566859523, 
    "raw_results": {
        "0": 42553911.126000002, 
        "1": 57420282.906999998, 
        "2": 62698064.913999997, 
        "3": 85403397.341999993, 
        "4": 61498968.439999998, 
        "5": 67824391.298999995, 
        "6": 84788530.070999995, 
        "7": 77089231.895999998, 
        "8": 66955866.222999997, 
        "9": 56607340.394000001
    }, 
    "averaged_NPV": 66283998.461200014
}